<?xml version="1.0" encoding="UTF-8"?>
<gpx version="1.1" creator="Flores Race Planner (pipeline/export_gpx.py)" xmlns="http://www.topografix.com/GPX/1/1" xmlns:xsi="http://www.w3.org/2001/XMLSchema-instance" xsi:schemaLocation="http://www.topografix.com/GPX/1/1 http://www.topografix.com/GPX/1/1/gpx.xsd">
  <metadata>
    <name>Manggarai Timur interior loop</name>
    <desc>Manggarai Timur interior loop (loop): Ruteng to the south coast at Borong, the unscouted Elar interior, back to the north coast at Pota; skips Ranamese, Liang Bua and Reo. 203.9 km, +5450 m. Replaces 169.5 km / +3062 m of the main course.</desc>
    <link href="https://github.com/technicaloutdoor/Flores-Race"><text>Flores Race Planner</text></link>
    <time>2026-09-05T06:27:58Z</time>
  </metadata>
  <wpt lat="-8.612700" lon="120.463000">
    <ele>1174.5</ele>
    <name>Ruteng</name>
    <desc>km 0.0 | kind: town | resupply: full | water: reliable | sleep: hotel -- Capital of Manggarai Regency, 1,168-1,188 m, cool highland town: hospital, market, banks, many hotels, served by Frans Sales Lega airport. Best full resupply of the whole west region.</desc>
    <sym>City (Medium)</sym>
    <type>anchor/town</type>
  </wpt>
  <wpt lat="-8.816020" lon="120.607500">
    <ele>12.7</ele>
    <name>Borong</name>
    <desc>km 65.2 | kind: town | resupply: full | water: reliable | sleep: hotel -- Capital of Manggarai Timur Regency, south-coast port town: market, hospital, banks, bus terminal, hotels (Gloria Hotel Toka Borong). Anchor for the Manggarai Timur interior loop (Ultra variant).</desc>
    <sym>City (Medium)</sym>
    <type>anchor/town</type>
  </wpt>
  <wpt lat="-8.524740" lon="120.773370">
    <ele>685.3</ele>
    <name>Elar</name>
    <desc>km 146.8 | kind: village | resupply: minimal | water: unreliable | sleep: none -- Capital of Elar kecamatan, Manggarai Timur interior: camat office, health centre, schools only. Ultra-variant loop node between Borong and the north coast at Pota; tracks in this interior are unscouted.</desc>
    <sym>Residence</sym>
    <type>anchor/village</type>
  </wpt>
  <wpt lat="-8.347490" lon="120.757860">
    <ele>12.2</ele>
    <name>Pota</name>
    <desc>km 203.9 | kind: port | resupply: basic | water: unreliable | sleep: none -- North-coast village/port in Sambi Rampas kecamatan, Manggarai Timur: parish church, health centre, bank unit, schools. End of the west region's corridor; onward to Riung is the next agent's territory.</desc>
    <sym>Anchor</sym>
    <type>anchor/port</type>
  </wpt>
  <wpt lat="-8.589440" lon="120.470830">
    <ele>1173.9</ele>
    <name>Golo Curu</name>
    <desc>[highlight] A hill above Ruteng town (Karot, Langke Rembong) with a Marian grotto (Gua Maria Golo Curu) and a panorama over the highland capital -- an easy add-on to a Ruteng stop.</desc>
    <sym>Scenic Area</sym>
    <type>poi/viewpoint</type>
  </wpt>
  <wpt lat="-8.651660" lon="120.448330">
    <ele>2356.8</ele>
    <name>Poco Mandasawu</name>
    <desc>[highlight, hike-a-bike] A lava dome of the Ranakah volcanic complex and the highest point on Flores at 2,370 m, south-central Manggarai; no confirmed historical eruption.</desc>
    <sym>Summit</sym>
    <type>poi/volcano</type>
  </wpt>
  <wpt lat="-8.637000" lon="120.530000">
    <ele>2273.8</ele>
    <name>Poco Ranaka</name>
    <desc>[highlight, hike-a-bike] Volcanic complex south-east of Ruteng, 2,350 m, with the 1987 lava dome Anak Ranakah; last eruption March 1991, a diffuse steam plume reported in 2011, no PVMBG alert elevation on record since.</desc>
    <sym>Summit</sym>
    <type>poi/volcano</type>
  </wpt>
  <wpt lat="-8.640600" lon="120.560300">
    <ele>1226.4</ele>
    <name>Ranamese lake</name>
    <desc>[highlight] A small (~5 ha), 21 m deep crater lake at 1,220 m in the Ruteng Nature Recreation Park, ~16 km from Ruteng, beside Golo Lusang and Poco Ranaka; a natural rest stop on the road to Manggarai Timur.</desc>
    <sym>Scenic Area</sym>
    <type>poi/crater-lake</type>
  </wpt>
  <wpt lat="-8.618070" lon="120.462420">
    <ele>1207.4</ele>
    <name>Ruteng Cathedral</name>
    <desc>[highlight, position approximate] The Catholic cathedral of the Diocese of Ruteng, consecrated 2002, seats 2,500; the visual centre of the Manggarai highland capital.</desc>
    <sym>Church</sym>
    <type>poi/religious</type>
  </wpt>
  <wpt lat="-8.609430" lon="120.462430">
    <ele>1161.5</ele>
    <name>Ruteng market</name>
    <desc>[resupply] The central market of Ruteng town: produce, dry goods, basic bike/moto parts -- the best full resupply point of the whole west region.</desc>
    <sym>Shopping Center</sym>
    <type>poi/market</type>
  </wpt>
  <trk>
    <name>Manggarai Timur interior loop</name>
    <desc>Manggarai Timur interior loop (loop): Ruteng to the south coast at Borong, the unscouted Elar interior, back to the north coast at Pota; skips Ranamese, Liang Bua and Reo. 203.9 km, +5450 m. Replaces 169.5 km / +3062 m of the main course.</desc>
    <trkseg>
      <trkpt lat="-8.612700" lon="120.463000"><ele>1174.5</ele></trkpt>
      <trkpt lat="-8.612954" lon="120.462552"><ele>1174.9</ele></trkpt>
      <trkpt lat="-8.613516" lon="120.462485"><ele>1177.7</ele></trkpt>
      <trkpt lat="-8.613865" lon="120.462780"><ele>1179.8</ele></trkpt>
      <trkpt lat="-8.612938" lon="120.463599"><ele>1179.1</ele></trkpt>
      <trkpt lat="-8.613048" lon="120.464331"><ele>1179.8</ele></trkpt>
      <trkpt lat="-8.613260" lon="120.464559"><ele>1180.0</ele></trkpt>
      <trkpt lat="-8.614091" lon="120.464438"><ele>1184.9</ele></trkpt>
      <trkpt lat="-8.614435" lon="120.469358"><ele>1191.7</ele></trkpt>
      <trkpt lat="-8.614368" lon="120.470692"><ele>1200.7</ele></trkpt>
      <trkpt lat="-8.614482" lon="120.471767"><ele>1208.5</ele></trkpt>
      <trkpt lat="-8.614458" lon="120.473201"><ele>1213.2</ele></trkpt>
      <trkpt lat="-8.615439" lon="120.473451"><ele>1224.6</ele></trkpt>
      <trkpt lat="-8.614864" lon="120.475975"><ele>1225.3</ele></trkpt>
      <trkpt lat="-8.622457" lon="120.477686"><ele>1318.1</ele></trkpt>
      <trkpt lat="-8.622213" lon="120.478579"><ele>1321.7</ele></trkpt>
      <trkpt lat="-8.622149" lon="120.479196"><ele>1320.9</ele></trkpt>
      <trkpt lat="-8.622144" lon="120.480090"><ele>1318.7</ele></trkpt>
      <trkpt lat="-8.622226" lon="120.480771"><ele>1322.9</ele></trkpt>
      <trkpt lat="-8.622310" lon="120.481103"><ele>1324.5</ele></trkpt>
      <trkpt lat="-8.622595" lon="120.481429"><ele>1327.7</ele></trkpt>
      <trkpt lat="-8.623069" lon="120.481655"><ele>1333.4</ele></trkpt>
      <trkpt lat="-8.623125" lon="120.481752"><ele>1333.5</ele></trkpt>
      <trkpt lat="-8.623084" lon="120.481883"><ele>1331.2</ele></trkpt>
      <trkpt lat="-8.622803" lon="120.482074"><ele>1329.1</ele></trkpt>
      <trkpt lat="-8.621791" lon="120.481942"><ele>1322.0</ele></trkpt>
      <trkpt lat="-8.621599" lon="120.481982"><ele>1322.5</ele></trkpt>
      <trkpt lat="-8.621526" lon="120.482115"><ele>1323.8</ele></trkpt>
      <trkpt lat="-8.621326" lon="120.483635"><ele>1321.9</ele></trkpt>
      <trkpt lat="-8.622304" lon="120.484036"><ele>1325.4</ele></trkpt>
      <trkpt lat="-8.622310" lon="120.484231"><ele>1325.8</ele></trkpt>
      <trkpt lat="-8.621869" lon="120.484295"><ele>1324.3</ele></trkpt>
      <trkpt lat="-8.620801" lon="120.484745"><ele>1316.2</ele></trkpt>
      <trkpt lat="-8.620612" lon="120.485097"><ele>1317.5</ele></trkpt>
      <trkpt lat="-8.617790" lon="120.485955"><ele>1269.2</ele></trkpt>
      <trkpt lat="-8.618124" lon="120.487197"><ele>1267.5</ele></trkpt>
      <trkpt lat="-8.616368" lon="120.487832"><ele>1240.2</ele></trkpt>
      <trkpt lat="-8.616562" lon="120.488244"><ele>1241.1</ele></trkpt>
      <trkpt lat="-8.617000" lon="120.488285"><ele>1247.4</ele></trkpt>
      <trkpt lat="-8.617223" lon="120.488386"><ele>1248.0</ele></trkpt>
      <trkpt lat="-8.617143" lon="120.488609"><ele>1247.4</ele></trkpt>
      <trkpt lat="-8.617599" lon="120.488559"><ele>1250.2</ele></trkpt>
      <trkpt lat="-8.618405" lon="120.488049"><ele>1261.8</ele></trkpt>
      <trkpt lat="-8.618794" lon="120.488518"><ele>1263.3</ele></trkpt>
      <trkpt lat="-8.618937" lon="120.489010"><ele>1257.4</ele></trkpt>
      <trkpt lat="-8.619234" lon="120.489562"><ele>1259.2</ele></trkpt>
      <trkpt lat="-8.619877" lon="120.490377"><ele>1262.4</ele></trkpt>
      <trkpt lat="-8.619666" lon="120.491064"><ele>1251.8</ele></trkpt>
      <trkpt lat="-8.618996" lon="120.491029"><ele>1235.2</ele></trkpt>
      <trkpt lat="-8.619026" lon="120.491121"><ele>1235.5</ele></trkpt>
      <trkpt lat="-8.618879" lon="120.491683"><ele>1234.7</ele></trkpt>
      <trkpt lat="-8.619399" lon="120.492208"><ele>1241.2</ele></trkpt>
      <trkpt lat="-8.619394" lon="120.492474"><ele>1238.7</ele></trkpt>
      <trkpt lat="-8.619228" lon="120.492540"><ele>1236.9</ele></trkpt>
      <trkpt lat="-8.618434" lon="120.492521"><ele>1234.4</ele></trkpt>
      <trkpt lat="-8.617996" lon="120.492590"><ele>1237.0</ele></trkpt>
      <trkpt lat="-8.617825" lon="120.492745"><ele>1238.0</ele></trkpt>
      <trkpt lat="-8.617573" lon="120.493396"><ele>1237.8</ele></trkpt>
      <trkpt lat="-8.617519" lon="120.493677"><ele>1237.2</ele></trkpt>
      <trkpt lat="-8.617564" lon="120.494214"><ele>1242.0</ele></trkpt>
      <trkpt lat="-8.617954" lon="120.495764"><ele>1250.7</ele></trkpt>
      <trkpt lat="-8.618000" lon="120.496472"><ele>1252.7</ele></trkpt>
      <trkpt lat="-8.618177" lon="120.496971"><ele>1255.1</ele></trkpt>
      <trkpt lat="-8.618122" lon="120.497134"><ele>1256.7</ele></trkpt>
      <trkpt lat="-8.617947" lon="120.497183"><ele>1257.4</ele></trkpt>
      <trkpt lat="-8.617440" lon="120.496861"><ele>1252.3</ele></trkpt>
      <trkpt lat="-8.616876" lon="120.496824"><ele>1255.1</ele></trkpt>
      <trkpt lat="-8.616813" lon="120.496590"><ele>1252.1</ele></trkpt>
      <trkpt lat="-8.616299" lon="120.496025"><ele>1246.6</ele></trkpt>
      <trkpt lat="-8.615302" lon="120.495584"><ele>1234.2</ele></trkpt>
      <trkpt lat="-8.615033" lon="120.496883"><ele>1236.1</ele></trkpt>
      <trkpt lat="-8.615096" lon="120.496906"><ele>1237.4</ele></trkpt>
      <trkpt lat="-8.613888" lon="120.499352"><ele>1231.7</ele></trkpt>
      <trkpt lat="-8.613363" lon="120.500128"><ele>1228.8</ele></trkpt>
      <trkpt lat="-8.613137" lon="120.501028"><ele>1225.4</ele></trkpt>
      <trkpt lat="-8.611216" lon="120.501065"><ele>1213.5</ele></trkpt>
      <trkpt lat="-8.610032" lon="120.501231"><ele>1212.2</ele></trkpt>
      <trkpt lat="-8.609784" lon="120.501441"><ele>1211.8</ele></trkpt>
      <trkpt lat="-8.609234" lon="120.502748"><ele>1203.7</ele></trkpt>
      <trkpt lat="-8.608804" lon="120.502939"><ele>1200.1</ele></trkpt>
      <trkpt lat="-8.608627" lon="120.502773"><ele>1198.0</ele></trkpt>
      <trkpt lat="-8.608498" lon="120.502768"><ele>1197.5</ele></trkpt>
      <trkpt lat="-8.607306" lon="120.503065"><ele>1204.2</ele></trkpt>
      <trkpt lat="-8.606605" lon="120.503107"><ele>1203.1</ele></trkpt>
      <trkpt lat="-8.605506" lon="120.502921"><ele>1189.5</ele></trkpt>
      <trkpt lat="-8.605354" lon="120.502776"><ele>1187.5</ele></trkpt>
      <trkpt lat="-8.605051" lon="120.502670"><ele>1183.4</ele></trkpt>
      <trkpt lat="-8.604852" lon="120.502479"><ele>1181.9</ele></trkpt>
      <trkpt lat="-8.604600" lon="120.501902"><ele>1177.8</ele></trkpt>
      <trkpt lat="-8.604225" lon="120.501592"><ele>1161.8</ele></trkpt>
      <trkpt lat="-8.604081" lon="120.501049"><ele>1160.3</ele></trkpt>
      <trkpt lat="-8.603971" lon="120.500895"><ele>1157.6</ele></trkpt>
      <trkpt lat="-8.603685" lon="120.500816"><ele>1154.2</ele></trkpt>
      <trkpt lat="-8.603275" lon="120.501017"><ele>1158.1</ele></trkpt>
      <trkpt lat="-8.603106" lon="120.501014"><ele>1160.3</ele></trkpt>
      <trkpt lat="-8.602666" lon="120.501388"><ele>1155.2</ele></trkpt>
      <trkpt lat="-8.602559" lon="120.501589"><ele>1154.3</ele></trkpt>
      <trkpt lat="-8.602310" lon="120.502518"><ele>1151.4</ele></trkpt>
      <trkpt lat="-8.602272" lon="120.503415"><ele>1123.4</ele></trkpt>
      <trkpt lat="-8.601676" lon="120.504174"><ele>1113.6</ele></trkpt>
      <trkpt lat="-8.600810" lon="120.505072"><ele>1094.5</ele></trkpt>
      <trkpt lat="-8.600657" lon="120.505127"><ele>1091.5</ele></trkpt>
      <trkpt lat="-8.600468" lon="120.505078"><ele>1091.1</ele></trkpt>
      <trkpt lat="-8.599165" lon="120.503855"><ele>1062.4</ele></trkpt>
      <trkpt lat="-8.598948" lon="120.502734"><ele>1051.5</ele></trkpt>
      <trkpt lat="-8.598314" lon="120.502480"><ele>1033.3</ele></trkpt>
      <trkpt lat="-8.597846" lon="120.501937"><ele>1021.2</ele></trkpt>
      <trkpt lat="-8.597585" lon="120.501845"><ele>1016.3</ele></trkpt>
      <trkpt lat="-8.597053" lon="120.503337"><ele>1008.2</ele></trkpt>
      <trkpt lat="-8.596155" lon="120.504252"><ele>991.2</ele></trkpt>
      <trkpt lat="-8.595137" lon="120.504906"><ele>978.2</ele></trkpt>
      <trkpt lat="-8.594565" lon="120.505090"><ele>965.3</ele></trkpt>
      <trkpt lat="-8.593770" lon="120.506110"><ele>962.5</ele></trkpt>
      <trkpt lat="-8.593382" lon="120.506119"><ele>962.8</ele></trkpt>
      <trkpt lat="-8.593065" lon="120.506261"><ele>957.6</ele></trkpt>
      <trkpt lat="-8.592499" lon="120.506090"><ele>955.4</ele></trkpt>
      <trkpt lat="-8.592180" lon="120.506132"><ele>949.3</ele></trkpt>
      <trkpt lat="-8.591867" lon="120.506283"><ele>944.5</ele></trkpt>
      <trkpt lat="-8.591206" lon="120.507199"><ele>932.4</ele></trkpt>
      <trkpt lat="-8.590799" lon="120.507475"><ele>930.1</ele></trkpt>
      <trkpt lat="-8.589902" lon="120.508577"><ele>918.4</ele></trkpt>
      <trkpt lat="-8.589287" lon="120.508835"><ele>910.3</ele></trkpt>
      <trkpt lat="-8.587990" lon="120.510222"><ele>902.8</ele></trkpt>
      <trkpt lat="-8.586961" lon="120.510986"><ele>902.6</ele></trkpt>
      <trkpt lat="-8.586577" lon="120.511505"><ele>905.3</ele></trkpt>
      <trkpt lat="-8.586426" lon="120.511906"><ele>908.4</ele></trkpt>
      <trkpt lat="-8.586282" lon="120.512781"><ele>914.4</ele></trkpt>
      <trkpt lat="-8.586371" lon="120.513298"><ele>909.2</ele></trkpt>
      <trkpt lat="-8.586066" lon="120.513775"><ele>897.9</ele></trkpt>
      <trkpt lat="-8.585809" lon="120.513986"><ele>889.5</ele></trkpt>
      <trkpt lat="-8.585474" lon="120.513759"><ele>881.7</ele></trkpt>
      <trkpt lat="-8.585354" lon="120.513787"><ele>879.5</ele></trkpt>
      <trkpt lat="-8.585287" lon="120.513928"><ele>880.3</ele></trkpt>
      <trkpt lat="-8.585474" lon="120.514313"><ele>884.3</ele></trkpt>
      <trkpt lat="-8.585375" lon="120.514325"><ele>881.5</ele></trkpt>
      <trkpt lat="-8.585040" lon="120.514076"><ele>869.8</ele></trkpt>
      <trkpt lat="-8.584736" lon="120.513640"><ele>859.5</ele></trkpt>
      <trkpt lat="-8.584775" lon="120.513398"><ele>857.3</ele></trkpt>
      <trkpt lat="-8.584992" lon="120.512929"><ele>858.3</ele></trkpt>
      <trkpt lat="-8.584852" lon="120.512600"><ele>855.4</ele></trkpt>
      <trkpt lat="-8.584148" lon="120.512212"><ele>841.6</ele></trkpt>
      <trkpt lat="-8.583980" lon="120.511929"><ele>836.4</ele></trkpt>
      <trkpt lat="-8.583575" lon="120.511636"><ele>833.7</ele></trkpt>
      <trkpt lat="-8.583355" lon="120.511244"><ele>831.0</ele></trkpt>
      <trkpt lat="-8.583164" lon="120.511098"><ele>831.7</ele></trkpt>
      <trkpt lat="-8.582835" lon="120.511148"><ele>830.3</ele></trkpt>
      <trkpt lat="-8.582720" lon="120.511474"><ele>827.8</ele></trkpt>
      <trkpt lat="-8.583095" lon="120.511795"><ele>832.6</ele></trkpt>
      <trkpt lat="-8.583181" lon="120.512363"><ele>821.8</ele></trkpt>
      <trkpt lat="-8.583358" lon="120.512625"><ele>824.8</ele></trkpt>
      <trkpt lat="-8.582933" lon="120.512790"><ele>812.8</ele></trkpt>
      <trkpt lat="-8.582905" lon="120.513040"><ele>814.2</ele></trkpt>
      <trkpt lat="-8.582587" lon="120.512976"><ele>807.7</ele></trkpt>
      <trkpt lat="-8.582451" lon="120.513057"><ele>804.4</ele></trkpt>
      <trkpt lat="-8.582424" lon="120.513333"><ele>803.9</ele></trkpt>
      <trkpt lat="-8.582550" lon="120.513744"><ele>804.7</ele></trkpt>
      <trkpt lat="-8.581754" lon="120.513600"><ele>770.5</ele></trkpt>
      <trkpt lat="-8.581512" lon="120.513341"><ele>763.3</ele></trkpt>
      <trkpt lat="-8.581412" lon="120.513420"><ele>758.6</ele></trkpt>
      <trkpt lat="-8.581527" lon="120.513863"><ele>756.9</ele></trkpt>
      <trkpt lat="-8.581916" lon="120.514200"><ele>763.0</ele></trkpt>
      <trkpt lat="-8.581865" lon="120.514417"><ele>758.4</ele></trkpt>
      <trkpt lat="-8.582005" lon="120.514650"><ele>759.8</ele></trkpt>
      <trkpt lat="-8.582012" lon="120.514875"><ele>753.4</ele></trkpt>
      <trkpt lat="-8.582782" lon="120.515802"><ele>763.2</ele></trkpt>
      <trkpt lat="-8.583089" lon="120.516653"><ele>745.2</ele></trkpt>
      <trkpt lat="-8.583108" lon="120.516954"><ele>739.4</ele></trkpt>
      <trkpt lat="-8.582957" lon="120.517384"><ele>734.2</ele></trkpt>
      <trkpt lat="-8.582881" lon="120.517906"><ele>741.5</ele></trkpt>
      <trkpt lat="-8.582788" lon="120.517950"><ele>741.0</ele></trkpt>
      <trkpt lat="-8.582359" lon="120.517897"><ele>746.5</ele></trkpt>
      <trkpt lat="-8.582288" lon="120.517985"><ele>749.9</ele></trkpt>
      <trkpt lat="-8.582335" lon="120.518154"><ele>752.5</ele></trkpt>
      <trkpt lat="-8.582546" lon="120.518380"><ele>754.6</ele></trkpt>
      <trkpt lat="-8.582862" lon="120.518597"><ele>759.5</ele></trkpt>
      <trkpt lat="-8.583403" lon="120.518744"><ele>771.7</ele></trkpt>
      <trkpt lat="-8.583810" lon="120.518615"><ele>775.6</ele></trkpt>
      <trkpt lat="-8.584091" lon="120.518245"><ele>768.6</ele></trkpt>
      <trkpt lat="-8.584343" lon="120.518218"><ele>770.0</ele></trkpt>
      <trkpt lat="-8.584573" lon="120.518430"><ele>778.8</ele></trkpt>
      <trkpt lat="-8.584645" lon="120.518977"><ele>791.6</ele></trkpt>
      <trkpt lat="-8.584829" lon="120.519027"><ele>793.5</ele></trkpt>
      <trkpt lat="-8.585182" lon="120.519301"><ele>796.8</ele></trkpt>
      <trkpt lat="-8.586085" lon="120.519293"><ele>811.7</ele></trkpt>
      <trkpt lat="-8.586503" lon="120.518786"><ele>811.9</ele></trkpt>
      <trkpt lat="-8.586640" lon="120.518777"><ele>812.9</ele></trkpt>
      <trkpt lat="-8.586747" lon="120.518876"><ele>815.6</ele></trkpt>
      <trkpt lat="-8.586683" lon="120.519197"><ele>830.2</ele></trkpt>
      <trkpt lat="-8.586501" lon="120.519576"><ele>835.4</ele></trkpt>
      <trkpt lat="-8.586493" lon="120.520020"><ele>846.9</ele></trkpt>
      <trkpt lat="-8.586287" lon="120.520744"><ele>839.8</ele></trkpt>
      <trkpt lat="-8.586347" lon="120.520791"><ele>842.8</ele></trkpt>
      <trkpt lat="-8.586670" lon="120.520720"><ele>851.7</ele></trkpt>
      <trkpt lat="-8.586992" lon="120.520962"><ele>858.9</ele></trkpt>
      <trkpt lat="-8.587092" lon="120.521277"><ele>861.6</ele></trkpt>
      <trkpt lat="-8.586855" lon="120.521792"><ele>865.5</ele></trkpt>
      <trkpt lat="-8.587796" lon="120.522644"><ele>878.1</ele></trkpt>
      <trkpt lat="-8.588209" lon="120.523732"><ele>890.8</ele></trkpt>
      <trkpt lat="-8.587385" lon="120.524574"><ele>907.6</ele></trkpt>
      <trkpt lat="-8.587010" lon="120.524578"><ele>910.6</ele></trkpt>
      <trkpt lat="-8.587271" lon="120.524999"><ele>920.6</ele></trkpt>
      <trkpt lat="-8.587431" lon="120.525463"><ele>933.2</ele></trkpt>
      <trkpt lat="-8.587662" lon="120.525582"><ele>933.8</ele></trkpt>
      <trkpt lat="-8.587569" lon="120.525848"><ele>938.4</ele></trkpt>
      <trkpt lat="-8.588092" lon="120.528092"><ele>947.8</ele></trkpt>
      <trkpt lat="-8.588617" lon="120.529485"><ele>950.3</ele></trkpt>
      <trkpt lat="-8.588561" lon="120.529893"><ele>956.0</ele></trkpt>
      <trkpt lat="-8.588889" lon="120.530341"><ele>956.2</ele></trkpt>
      <trkpt lat="-8.589350" lon="120.531831"><ele>959.0</ele></trkpt>
      <trkpt lat="-8.589748" lon="120.532513"><ele>965.1</ele></trkpt>
      <trkpt lat="-8.590197" lon="120.532776"><ele>969.4</ele></trkpt>
      <trkpt lat="-8.596661" lon="120.535369"><ele>1004.3</ele></trkpt>
      <trkpt lat="-8.596300" lon="120.536322"><ele>1003.9</ele></trkpt>
      <trkpt lat="-8.598070" lon="120.537068"><ele>1021.5</ele></trkpt>
      <trkpt lat="-8.599064" lon="120.537345"><ele>1032.9</ele></trkpt>
      <trkpt lat="-8.600158" lon="120.537524"><ele>1046.2</ele></trkpt>
      <trkpt lat="-8.599873" lon="120.538922"><ele>1047.2</ele></trkpt>
      <trkpt lat="-8.599622" lon="120.539648"><ele>1045.3</ele></trkpt>
      <trkpt lat="-8.599462" lon="120.540719"><ele>1047.6</ele></trkpt>
      <trkpt lat="-8.600925" lon="120.541336"><ele>1064.2</ele></trkpt>
      <trkpt lat="-8.601242" lon="120.541390"><ele>1067.9</ele></trkpt>
      <trkpt lat="-8.601052" lon="120.542114"><ele>1066.5</ele></trkpt>
      <trkpt lat="-8.600982" lon="120.543109"><ele>1063.4</ele></trkpt>
      <trkpt lat="-8.601066" lon="120.544000"><ele>1066.0</ele></trkpt>
      <trkpt lat="-8.601524" lon="120.546453"><ele>1064.9</ele></trkpt>
      <trkpt lat="-8.604500" lon="120.545588"><ele>1104.0</ele></trkpt>
      <trkpt lat="-8.605744" lon="120.545327"><ele>1117.7</ele></trkpt>
      <trkpt lat="-8.607231" lon="120.545786"><ele>1148.3</ele></trkpt>
      <trkpt lat="-8.607421" lon="120.546082"><ele>1151.2</ele></trkpt>
      <trkpt lat="-8.607753" lon="120.546268"><ele>1155.8</ele></trkpt>
      <trkpt lat="-8.607945" lon="120.546502"><ele>1158.1</ele></trkpt>
      <trkpt lat="-8.608159" lon="120.548136"><ele>1168.2</ele></trkpt>
      <trkpt lat="-8.608251" lon="120.549499"><ele>1179.3</ele></trkpt>
      <trkpt lat="-8.608130" lon="120.549463"><ele>1179.1</ele></trkpt>
      <trkpt lat="-8.608214" lon="120.550124"><ele>1181.4</ele></trkpt>
      <trkpt lat="-8.608206" lon="120.550915"><ele>1178.4</ele></trkpt>
      <trkpt lat="-8.608362" lon="120.551367"><ele>1182.6</ele></trkpt>
      <trkpt lat="-8.608167" lon="120.551735"><ele>1181.1</ele></trkpt>
      <trkpt lat="-8.607966" lon="120.552364"><ele>1174.7</ele></trkpt>
      <trkpt lat="-8.607896" lon="120.553534"><ele>1164.7</ele></trkpt>
      <trkpt lat="-8.608122" lon="120.554502"><ele>1165.5</ele></trkpt>
      <trkpt lat="-8.607810" lon="120.555482"><ele>1140.7</ele></trkpt>
      <trkpt lat="-8.607864" lon="120.555757"><ele>1141.3</ele></trkpt>
      <trkpt lat="-8.608116" lon="120.556263"><ele>1145.6</ele></trkpt>
      <trkpt lat="-8.608092" lon="120.556819"><ele>1144.2</ele></trkpt>
      <trkpt lat="-8.608247" lon="120.557286"><ele>1149.5</ele></trkpt>
      <trkpt lat="-8.608177" lon="120.557294"><ele>1150.0</ele></trkpt>
      <trkpt lat="-8.607830" lon="120.556854"><ele>1144.5</ele></trkpt>
      <trkpt lat="-8.607431" lon="120.556928"><ele>1146.8</ele></trkpt>
      <trkpt lat="-8.607421" lon="120.557053"><ele>1149.5</ele></trkpt>
      <trkpt lat="-8.607636" lon="120.557278"><ele>1154.1</ele></trkpt>
      <trkpt lat="-8.607661" lon="120.557413"><ele>1156.7</ele></trkpt>
      <trkpt lat="-8.607598" lon="120.557468"><ele>1158.0</ele></trkpt>
      <trkpt lat="-8.607240" lon="120.557392"><ele>1157.6</ele></trkpt>
      <trkpt lat="-8.606772" lon="120.557837"><ele>1165.3</ele></trkpt>
      <trkpt lat="-8.606922" lon="120.558476"><ele>1175.1</ele></trkpt>
      <trkpt lat="-8.606908" lon="120.558716"><ele>1177.4</ele></trkpt>
      <trkpt lat="-8.606764" lon="120.559168"><ele>1186.3</ele></trkpt>
      <trkpt lat="-8.606304" lon="120.560029"><ele>1197.1</ele></trkpt>
      <trkpt lat="-8.606163" lon="120.560116"><ele>1198.5</ele></trkpt>
      <trkpt lat="-8.605675" lon="120.560196"><ele>1201.9</ele></trkpt>
      <trkpt lat="-8.605557" lon="120.560288"><ele>1203.1</ele></trkpt>
      <trkpt lat="-8.605023" lon="120.560795"><ele>1205.5</ele></trkpt>
      <trkpt lat="-8.604740" lon="120.561262"><ele>1208.3</ele></trkpt>
      <trkpt lat="-8.604325" lon="120.561469"><ele>1210.2</ele></trkpt>
      <trkpt lat="-8.604114" lon="120.561660"><ele>1211.2</ele></trkpt>
      <trkpt lat="-8.603772" lon="120.562323"><ele>1217.3</ele></trkpt>
      <trkpt lat="-8.603454" lon="120.562211"><ele>1214.4</ele></trkpt>
      <trkpt lat="-8.603289" lon="120.562225"><ele>1215.2</ele></trkpt>
      <trkpt lat="-8.603205" lon="120.562305"><ele>1216.1</ele></trkpt>
      <trkpt lat="-8.603636" lon="120.564410"><ele>1237.4</ele></trkpt>
      <trkpt lat="-8.603552" lon="120.564724"><ele>1237.8</ele></trkpt>
      <trkpt lat="-8.603203" lon="120.564869"><ele>1226.3</ele></trkpt>
      <trkpt lat="-8.603054" lon="120.565167"><ele>1230.8</ele></trkpt>
      <trkpt lat="-8.602564" lon="120.565404"><ele>1234.3</ele></trkpt>
      <trkpt lat="-8.602373" lon="120.565401"><ele>1232.4</ele></trkpt>
      <trkpt lat="-8.601840" lon="120.565061"><ele>1228.4</ele></trkpt>
      <trkpt lat="-8.601702" lon="120.565133"><ele>1231.0</ele></trkpt>
      <trkpt lat="-8.601578" lon="120.565398"><ele>1232.0</ele></trkpt>
      <trkpt lat="-8.601636" lon="120.565478"><ele>1232.7</ele></trkpt>
      <trkpt lat="-8.602602" lon="120.565906"><ele>1241.9</ele></trkpt>
      <trkpt lat="-8.602863" lon="120.565640"><ele>1245.7</ele></trkpt>
      <trkpt lat="-8.603043" lon="120.565606"><ele>1246.4</ele></trkpt>
      <trkpt lat="-8.603335" lon="120.565948"><ele>1255.8</ele></trkpt>
      <trkpt lat="-8.603554" lon="120.566013"><ele>1258.9</ele></trkpt>
      <trkpt lat="-8.603765" lon="120.566006"><ele>1262.5</ele></trkpt>
      <trkpt lat="-8.603955" lon="120.565899"><ele>1264.8</ele></trkpt>
      <trkpt lat="-8.604218" lon="120.565331"><ele>1264.7</ele></trkpt>
      <trkpt lat="-8.604367" lon="120.565307"><ele>1264.5</ele></trkpt>
      <trkpt lat="-8.604475" lon="120.565419"><ele>1266.6</ele></trkpt>
      <trkpt lat="-8.604646" lon="120.565912"><ele>1273.7</ele></trkpt>
      <trkpt lat="-8.605002" lon="120.566060"><ele>1274.5</ele></trkpt>
      <trkpt lat="-8.605170" lon="120.566223"><ele>1276.3</ele></trkpt>
      <trkpt lat="-8.605186" lon="120.566533"><ele>1278.5</ele></trkpt>
      <trkpt lat="-8.605480" lon="120.567004"><ele>1275.9</ele></trkpt>
      <trkpt lat="-8.605548" lon="120.567239"><ele>1282.3</ele></trkpt>
      <trkpt lat="-8.605424" lon="120.567715"><ele>1286.1</ele></trkpt>
      <trkpt lat="-8.605466" lon="120.567925"><ele>1286.0</ele></trkpt>
      <trkpt lat="-8.606087" lon="120.568303"><ele>1296.8</ele></trkpt>
      <trkpt lat="-8.606186" lon="120.568586"><ele>1305.5</ele></trkpt>
      <trkpt lat="-8.606424" lon="120.568869"><ele>1323.1</ele></trkpt>
      <trkpt lat="-8.606505" lon="120.569320"><ele>1326.1</ele></trkpt>
      <trkpt lat="-8.606766" lon="120.569685"><ele>1328.9</ele></trkpt>
      <trkpt lat="-8.607054" lon="120.569876"><ele>1335.2</ele></trkpt>
      <trkpt lat="-8.607123" lon="120.570029"><ele>1336.8</ele></trkpt>
      <trkpt lat="-8.607124" lon="120.570307"><ele>1337.4</ele></trkpt>
      <trkpt lat="-8.607040" lon="120.570504"><ele>1338.7</ele></trkpt>
      <trkpt lat="-8.606492" lon="120.571034"><ele>1341.9</ele></trkpt>
      <trkpt lat="-8.606183" lon="120.571173"><ele>1346.7</ele></trkpt>
      <trkpt lat="-8.606174" lon="120.571252"><ele>1352.1</ele></trkpt>
      <trkpt lat="-8.607100" lon="120.571203"><ele>1355.7</ele></trkpt>
      <trkpt lat="-8.607284" lon="120.571250"><ele>1359.8</ele></trkpt>
      <trkpt lat="-8.607278" lon="120.571420"><ele>1363.9</ele></trkpt>
      <trkpt lat="-8.606566" lon="120.571628"><ele>1373.1</ele></trkpt>
      <trkpt lat="-8.606518" lon="120.571722"><ele>1379.3</ele></trkpt>
      <trkpt lat="-8.606971" lon="120.571888"><ele>1378.5</ele></trkpt>
      <trkpt lat="-8.607739" lon="120.572617"><ele>1396.0</ele></trkpt>
      <trkpt lat="-8.608672" lon="120.572433"><ele>1402.0</ele></trkpt>
      <trkpt lat="-8.608556" lon="120.572967"><ele>1409.7</ele></trkpt>
      <trkpt lat="-8.608844" lon="120.573433"><ele>1419.3</ele></trkpt>
      <trkpt lat="-8.609064" lon="120.573621"><ele>1424.0</ele></trkpt>
      <trkpt lat="-8.609755" lon="120.573880"><ele>1434.3</ele></trkpt>
      <trkpt lat="-8.609963" lon="120.573894"><ele>1437.6</ele></trkpt>
      <trkpt lat="-8.610612" lon="120.573558"><ele>1443.7</ele></trkpt>
      <trkpt lat="-8.610728" lon="120.573569"><ele>1446.7</ele></trkpt>
      <trkpt lat="-8.610811" lon="120.573968"><ele>1450.6</ele></trkpt>
      <trkpt lat="-8.610804" lon="120.574156"><ele>1450.6</ele></trkpt>
      <trkpt lat="-8.610656" lon="120.574452"><ele>1448.4</ele></trkpt>
      <trkpt lat="-8.610697" lon="120.574560"><ele>1448.6</ele></trkpt>
      <trkpt lat="-8.611606" lon="120.574895"><ele>1474.4</ele></trkpt>
      <trkpt lat="-8.611801" lon="120.575045"><ele>1477.5</ele></trkpt>
      <trkpt lat="-8.611811" lon="120.575162"><ele>1478.8</ele></trkpt>
      <trkpt lat="-8.610914" lon="120.575417"><ele>1469.4</ele></trkpt>
      <trkpt lat="-8.610661" lon="120.575750"><ele>1472.3</ele></trkpt>
      <trkpt lat="-8.610193" lon="120.576016"><ele>1457.9</ele></trkpt>
      <trkpt lat="-8.610161" lon="120.576247"><ele>1456.4</ele></trkpt>
      <trkpt lat="-8.610720" lon="120.577211"><ele>1464.5</ele></trkpt>
      <trkpt lat="-8.611399" lon="120.578818"><ele>1465.3</ele></trkpt>
      <trkpt lat="-8.612336" lon="120.578744"><ele>1473.1</ele></trkpt>
      <trkpt lat="-8.613099" lon="120.578925"><ele>1476.1</ele></trkpt>
      <trkpt lat="-8.613211" lon="120.579023"><ele>1477.0</ele></trkpt>
      <trkpt lat="-8.613376" lon="120.579613"><ele>1473.8</ele></trkpt>
      <trkpt lat="-8.613606" lon="120.579870"><ele>1480.9</ele></trkpt>
      <trkpt lat="-8.613960" lon="120.580043"><ele>1482.6</ele></trkpt>
      <trkpt lat="-8.614567" lon="120.580050"><ele>1489.4</ele></trkpt>
      <trkpt lat="-8.614799" lon="120.580167"><ele>1493.9</ele></trkpt>
      <trkpt lat="-8.614855" lon="120.580443"><ele>1491.4</ele></trkpt>
      <trkpt lat="-8.614714" lon="120.580993"><ele>1486.5</ele></trkpt>
      <trkpt lat="-8.614496" lon="120.581591"><ele>1477.6</ele></trkpt>
      <trkpt lat="-8.614244" lon="120.582009"><ele>1463.1</ele></trkpt>
      <trkpt lat="-8.614611" lon="120.582498"><ele>1472.9</ele></trkpt>
      <trkpt lat="-8.614610" lon="120.582798"><ele>1468.9</ele></trkpt>
      <trkpt lat="-8.615025" lon="120.582996"><ele>1471.5</ele></trkpt>
      <trkpt lat="-8.615059" lon="120.583123"><ele>1472.2</ele></trkpt>
      <trkpt lat="-8.614632" lon="120.583592"><ele>1476.3</ele></trkpt>
      <trkpt lat="-8.614016" lon="120.583627"><ele>1468.0</ele></trkpt>
      <trkpt lat="-8.613955" lon="120.583711"><ele>1467.9</ele></trkpt>
      <trkpt lat="-8.613983" lon="120.583825"><ele>1468.7</ele></trkpt>
      <trkpt lat="-8.614157" lon="120.583958"><ele>1470.6</ele></trkpt>
      <trkpt lat="-8.614936" lon="120.584257"><ele>1479.4</ele></trkpt>
      <trkpt lat="-8.614997" lon="120.584502"><ele>1474.0</ele></trkpt>
      <trkpt lat="-8.614684" lon="120.585105"><ele>1475.0</ele></trkpt>
      <trkpt lat="-8.614935" lon="120.585368"><ele>1474.1</ele></trkpt>
      <trkpt lat="-8.614937" lon="120.585569"><ele>1473.4</ele></trkpt>
      <trkpt lat="-8.614606" lon="120.585750"><ele>1476.1</ele></trkpt>
      <trkpt lat="-8.614188" lon="120.585852"><ele>1469.1</ele></trkpt>
      <trkpt lat="-8.614035" lon="120.586296"><ele>1474.8</ele></trkpt>
      <trkpt lat="-8.613772" lon="120.586603"><ele>1470.6</ele></trkpt>
      <trkpt lat="-8.613859" lon="120.587021"><ele>1466.1</ele></trkpt>
      <trkpt lat="-8.613847" lon="120.587903"><ele>1462.2</ele></trkpt>
      <trkpt lat="-8.613606" lon="120.588335"><ele>1453.9</ele></trkpt>
      <trkpt lat="-8.613688" lon="120.588938"><ele>1459.6</ele></trkpt>
      <trkpt lat="-8.613627" lon="120.589058"><ele>1459.8</ele></trkpt>
      <trkpt lat="-8.613146" lon="120.589308"><ele>1448.6</ele></trkpt>
      <trkpt lat="-8.613172" lon="120.589435"><ele>1448.6</ele></trkpt>
      <trkpt lat="-8.613537" lon="120.589829"><ele>1456.3</ele></trkpt>
      <trkpt lat="-8.613516" lon="120.590363"><ele>1453.1</ele></trkpt>
      <trkpt lat="-8.613278" lon="120.590936"><ele>1443.8</ele></trkpt>
      <trkpt lat="-8.613777" lon="120.591428"><ele>1442.8</ele></trkpt>
      <trkpt lat="-8.614041" lon="120.591487"><ele>1440.3</ele></trkpt>
      <trkpt lat="-8.613481" lon="120.592584"><ele>1430.7</ele></trkpt>
      <trkpt lat="-8.612877" lon="120.592960"><ele>1436.1</ele></trkpt>
      <trkpt lat="-8.612820" lon="120.593076"><ele>1437.8</ele></trkpt>
      <trkpt lat="-8.613006" lon="120.593741"><ele>1449.0</ele></trkpt>
      <trkpt lat="-8.613186" lon="120.594116"><ele>1454.4</ele></trkpt>
      <trkpt lat="-8.613151" lon="120.594588"><ele>1462.8</ele></trkpt>
      <trkpt lat="-8.613017" lon="120.594985"><ele>1461.9</ele></trkpt>
      <trkpt lat="-8.613089" lon="120.595128"><ele>1464.7</ele></trkpt>
      <trkpt lat="-8.613375" lon="120.595219"><ele>1471.4</ele></trkpt>
      <trkpt lat="-8.613530" lon="120.595370"><ele>1474.2</ele></trkpt>
      <trkpt lat="-8.613611" lon="120.595882"><ele>1472.9</ele></trkpt>
      <trkpt lat="-8.613217" lon="120.596481"><ele>1480.1</ele></trkpt>
      <trkpt lat="-8.613133" lon="120.596461"><ele>1479.9</ele></trkpt>
      <trkpt lat="-8.612942" lon="120.596108"><ele>1471.3</ele></trkpt>
      <trkpt lat="-8.612820" lon="120.596033"><ele>1469.9</ele></trkpt>
      <trkpt lat="-8.612519" lon="120.596088"><ele>1471.2</ele></trkpt>
      <trkpt lat="-8.612261" lon="120.596231"><ele>1474.2</ele></trkpt>
      <trkpt lat="-8.612103" lon="120.596788"><ele>1485.3</ele></trkpt>
      <trkpt lat="-8.611913" lon="120.597050"><ele>1481.0</ele></trkpt>
      <trkpt lat="-8.611891" lon="120.597483"><ele>1487.7</ele></trkpt>
      <trkpt lat="-8.611462" lon="120.597686"><ele>1483.9</ele></trkpt>
      <trkpt lat="-8.611317" lon="120.597861"><ele>1483.3</ele></trkpt>
      <trkpt lat="-8.611319" lon="120.598076"><ele>1486.7</ele></trkpt>
      <trkpt lat="-8.611583" lon="120.598652"><ele>1503.0</ele></trkpt>
      <trkpt lat="-8.611457" lon="120.599099"><ele>1499.9</ele></trkpt>
      <trkpt lat="-8.611692" lon="120.599419"><ele>1510.8</ele></trkpt>
      <trkpt lat="-8.611711" lon="120.599902"><ele>1510.7</ele></trkpt>
      <trkpt lat="-8.611956" lon="120.600194"><ele>1513.1</ele></trkpt>
      <trkpt lat="-8.612033" lon="120.600466"><ele>1513.6</ele></trkpt>
      <trkpt lat="-8.611972" lon="120.600575"><ele>1514.3</ele></trkpt>
      <trkpt lat="-8.611863" lon="120.600599"><ele>1515.1</ele></trkpt>
      <trkpt lat="-8.611377" lon="120.600291"><ele>1515.4</ele></trkpt>
      <trkpt lat="-8.611021" lon="120.600229"><ele>1518.6</ele></trkpt>
      <trkpt lat="-8.610872" lon="120.600303"><ele>1520.7</ele></trkpt>
      <trkpt lat="-8.611118" lon="120.601278"><ele>1533.7</ele></trkpt>
      <trkpt lat="-8.610975" lon="120.601999"><ele>1533.9</ele></trkpt>
      <trkpt lat="-8.611055" lon="120.602834"><ele>1535.8</ele></trkpt>
      <trkpt lat="-8.611235" lon="120.603173"><ele>1546.2</ele></trkpt>
      <trkpt lat="-8.611224" lon="120.603344"><ele>1546.8</ele></trkpt>
      <trkpt lat="-8.610729" lon="120.603922"><ele>1546.6</ele></trkpt>
      <trkpt lat="-8.610034" lon="120.604074"><ele>1548.2</ele></trkpt>
      <trkpt lat="-8.609677" lon="120.604370"><ele>1549.4</ele></trkpt>
      <trkpt lat="-8.609470" lon="120.605184"><ele>1557.3</ele></trkpt>
      <trkpt lat="-8.609457" lon="120.605605"><ele>1563.2</ele></trkpt>
      <trkpt lat="-8.609193" lon="120.605976"><ele>1568.4</ele></trkpt>
      <trkpt lat="-8.609131" lon="120.606244"><ele>1573.2</ele></trkpt>
      <trkpt lat="-8.608657" lon="120.606438"><ele>1570.9</ele></trkpt>
      <trkpt lat="-8.608466" lon="120.606341"><ele>1571.4</ele></trkpt>
      <trkpt lat="-8.608404" lon="120.606120"><ele>1569.1</ele></trkpt>
      <trkpt lat="-8.608269" lon="120.606029"><ele>1569.8</ele></trkpt>
      <trkpt lat="-8.607534" lon="120.606084"><ele>1574.2</ele></trkpt>
      <trkpt lat="-8.607402" lon="120.606172"><ele>1573.3</ele></trkpt>
      <trkpt lat="-8.607415" lon="120.606351"><ele>1573.5</ele></trkpt>
      <trkpt lat="-8.607653" lon="120.606875"><ele>1578.9</ele></trkpt>
      <trkpt lat="-8.607650" lon="120.607110"><ele>1582.7</ele></trkpt>
      <trkpt lat="-8.607306" lon="120.607661"><ele>1589.6</ele></trkpt>
      <trkpt lat="-8.606493" lon="120.608617"><ele>1593.1</ele></trkpt>
      <trkpt lat="-8.606467" lon="120.608803"><ele>1592.6</ele></trkpt>
      <trkpt lat="-8.606722" lon="120.609151"><ele>1602.0</ele></trkpt>
      <trkpt lat="-8.606716" lon="120.609253"><ele>1601.2</ele></trkpt>
      <trkpt lat="-8.606110" lon="120.609773"><ele>1588.5</ele></trkpt>
      <trkpt lat="-8.605817" lon="120.610473"><ele>1594.7</ele></trkpt>
      <trkpt lat="-8.605420" lon="120.610513"><ele>1591.2</ele></trkpt>
      <trkpt lat="-8.605218" lon="120.611178"><ele>1593.8</ele></trkpt>
      <trkpt lat="-8.605048" lon="120.611418"><ele>1597.0</ele></trkpt>
      <trkpt lat="-8.605091" lon="120.611638"><ele>1595.2</ele></trkpt>
      <trkpt lat="-8.605206" lon="120.611768"><ele>1590.7</ele></trkpt>
      <trkpt lat="-8.605388" lon="120.611580"><ele>1586.0</ele></trkpt>
      <trkpt lat="-8.605650" lon="120.611745"><ele>1577.8</ele></trkpt>
      <trkpt lat="-8.606099" lon="120.611813"><ele>1571.0</ele></trkpt>
      <trkpt lat="-8.606159" lon="120.611990"><ele>1567.3</ele></trkpt>
      <trkpt lat="-8.606065" lon="120.612369"><ele>1564.8</ele></trkpt>
      <trkpt lat="-8.606160" lon="120.612715"><ele>1560.5</ele></trkpt>
      <trkpt lat="-8.606586" lon="120.613065"><ele>1555.3</ele></trkpt>
      <trkpt lat="-8.606773" lon="120.613371"><ele>1553.8</ele></trkpt>
      <trkpt lat="-8.606967" lon="120.613916"><ele>1549.5</ele></trkpt>
      <trkpt lat="-8.607345" lon="120.614203"><ele>1541.3</ele></trkpt>
      <trkpt lat="-8.607787" lon="120.614220"><ele>1538.8</ele></trkpt>
      <trkpt lat="-8.608027" lon="120.614154"><ele>1537.8</ele></trkpt>
      <trkpt lat="-8.609482" lon="120.614731"><ele>1534.2</ele></trkpt>
      <trkpt lat="-8.609751" lon="120.614950"><ele>1538.8</ele></trkpt>
      <trkpt lat="-8.610126" lon="120.615092"><ele>1539.7</ele></trkpt>
      <trkpt lat="-8.610648" lon="120.615100"><ele>1534.8</ele></trkpt>
      <trkpt lat="-8.611233" lon="120.615810"><ele>1534.0</ele></trkpt>
      <trkpt lat="-8.611299" lon="120.616309"><ele>1530.3</ele></trkpt>
      <trkpt lat="-8.611377" lon="120.616380"><ele>1528.3</ele></trkpt>
      <trkpt lat="-8.611814" lon="120.616055"><ele>1515.3</ele></trkpt>
      <trkpt lat="-8.612362" lon="120.616059"><ele>1510.5</ele></trkpt>
      <trkpt lat="-8.612737" lon="120.615758"><ele>1498.7</ele></trkpt>
      <trkpt lat="-8.612849" lon="120.615742"><ele>1496.9</ele></trkpt>
      <trkpt lat="-8.612816" lon="120.616080"><ele>1498.9</ele></trkpt>
      <trkpt lat="-8.612976" lon="120.616325"><ele>1500.3</ele></trkpt>
      <trkpt lat="-8.613112" lon="120.616345"><ele>1497.3</ele></trkpt>
      <trkpt lat="-8.613463" lon="120.616221"><ele>1491.5</ele></trkpt>
      <trkpt lat="-8.613557" lon="120.616606"><ele>1494.5</ele></trkpt>
      <trkpt lat="-8.613782" lon="120.616842"><ele>1489.3</ele></trkpt>
      <trkpt lat="-8.613894" lon="120.617079"><ele>1487.8</ele></trkpt>
      <trkpt lat="-8.614024" lon="120.617089"><ele>1485.4</ele></trkpt>
      <trkpt lat="-8.614121" lon="120.616868"><ele>1480.5</ele></trkpt>
      <trkpt lat="-8.614266" lon="120.616839"><ele>1478.7</ele></trkpt>
      <trkpt lat="-8.614990" lon="120.617211"><ele>1479.0</ele></trkpt>
      <trkpt lat="-8.615172" lon="120.617527"><ele>1489.2</ele></trkpt>
      <trkpt lat="-8.615316" lon="120.617637"><ele>1496.1</ele></trkpt>
      <trkpt lat="-8.615599" lon="120.617663"><ele>1489.9</ele></trkpt>
      <trkpt lat="-8.615925" lon="120.617272"><ele>1477.0</ele></trkpt>
      <trkpt lat="-8.616086" lon="120.617260"><ele>1475.8</ele></trkpt>
      <trkpt lat="-8.616609" lon="120.617429"><ele>1484.0</ele></trkpt>
      <trkpt lat="-8.616993" lon="120.617298"><ele>1492.1</ele></trkpt>
      <trkpt lat="-8.617012" lon="120.616842"><ele>1477.6</ele></trkpt>
      <trkpt lat="-8.617084" lon="120.616744"><ele>1476.6</ele></trkpt>
      <trkpt lat="-8.617496" lon="120.616544"><ele>1476.5</ele></trkpt>
      <trkpt lat="-8.617951" lon="120.616500"><ele>1483.9</ele></trkpt>
      <trkpt lat="-8.618622" lon="120.616297"><ele>1476.8</ele></trkpt>
      <trkpt lat="-8.619141" lon="120.617104"><ele>1487.7</ele></trkpt>
      <trkpt lat="-8.619936" lon="120.617574"><ele>1493.3</ele></trkpt>
      <trkpt lat="-8.620329" lon="120.618456"><ele>1490.4</ele></trkpt>
      <trkpt lat="-8.620977" lon="120.618866"><ele>1492.3</ele></trkpt>
      <trkpt lat="-8.621123" lon="120.619438"><ele>1493.1</ele></trkpt>
      <trkpt lat="-8.621638" lon="120.620020"><ele>1506.0</ele></trkpt>
      <trkpt lat="-8.621820" lon="120.619835"><ele>1507.2</ele></trkpt>
      <trkpt lat="-8.621706" lon="120.619490"><ele>1499.4</ele></trkpt>
      <trkpt lat="-8.621969" lon="120.619582"><ele>1507.2</ele></trkpt>
      <trkpt lat="-8.622328" lon="120.619543"><ele>1516.6</ele></trkpt>
      <trkpt lat="-8.622589" lon="120.619222"><ele>1513.7</ele></trkpt>
      <trkpt lat="-8.622888" lon="120.619120"><ele>1518.6</ele></trkpt>
      <trkpt lat="-8.623118" lon="120.618842"><ele>1518.5</ele></trkpt>
      <trkpt lat="-8.624358" lon="120.617908"><ele>1527.6</ele></trkpt>
      <trkpt lat="-8.624946" lon="120.617616"><ele>1529.1</ele></trkpt>
      <trkpt lat="-8.625761" lon="120.617532"><ele>1527.7</ele></trkpt>
      <trkpt lat="-8.626382" lon="120.617378"><ele>1529.4</ele></trkpt>
      <trkpt lat="-8.626856" lon="120.616801"><ele>1513.2</ele></trkpt>
      <trkpt lat="-8.627022" lon="120.616759"><ele>1515.2</ele></trkpt>
      <trkpt lat="-8.627369" lon="120.617938"><ele>1499.0</ele></trkpt>
      <trkpt lat="-8.627739" lon="120.618366"><ele>1496.7</ele></trkpt>
      <trkpt lat="-8.628013" lon="120.618924"><ele>1492.2</ele></trkpt>
      <trkpt lat="-8.627808" lon="120.619402"><ele>1485.5</ele></trkpt>
      <trkpt lat="-8.627844" lon="120.619922"><ele>1480.0</ele></trkpt>
      <trkpt lat="-8.627971" lon="120.620040"><ele>1477.2</ele></trkpt>
      <trkpt lat="-8.628236" lon="120.619946"><ele>1477.1</ele></trkpt>
      <trkpt lat="-8.628437" lon="120.619967"><ele>1474.4</ele></trkpt>
      <trkpt lat="-8.628674" lon="120.620439"><ele>1471.0</ele></trkpt>
      <trkpt lat="-8.629363" lon="120.620047"><ele>1459.1</ele></trkpt>
      <trkpt lat="-8.630533" lon="120.619994"><ele>1426.8</ele></trkpt>
      <trkpt lat="-8.630644" lon="120.620074"><ele>1425.0</ele></trkpt>
      <trkpt lat="-8.630600" lon="120.620246"><ele>1427.6</ele></trkpt>
      <trkpt lat="-8.629930" lon="120.620443"><ele>1436.2</ele></trkpt>
      <trkpt lat="-8.629614" lon="120.620708"><ele>1433.2</ele></trkpt>
      <trkpt lat="-8.629671" lon="120.620785"><ele>1428.7</ele></trkpt>
      <trkpt lat="-8.630234" lon="120.620857"><ele>1410.3</ele></trkpt>
      <trkpt lat="-8.630679" lon="120.621194"><ele>1392.0</ele></trkpt>
      <trkpt lat="-8.631033" lon="120.621050"><ele>1393.3</ele></trkpt>
      <trkpt lat="-8.632147" lon="120.621064"><ele>1377.3</ele></trkpt>
      <trkpt lat="-8.632459" lon="120.620647"><ele>1375.9</ele></trkpt>
      <trkpt lat="-8.632729" lon="120.620526"><ele>1370.3</ele></trkpt>
      <trkpt lat="-8.633192" lon="120.620518"><ele>1360.6</ele></trkpt>
      <trkpt lat="-8.633980" lon="120.620746"><ele>1342.8</ele></trkpt>
      <trkpt lat="-8.634382" lon="120.621003"><ele>1337.7</ele></trkpt>
      <trkpt lat="-8.634867" lon="120.621193"><ele>1330.3</ele></trkpt>
      <trkpt lat="-8.635099" lon="120.621519"><ele>1328.7</ele></trkpt>
      <trkpt lat="-8.635455" lon="120.621604"><ele>1326.4</ele></trkpt>
      <trkpt lat="-8.635837" lon="120.622029"><ele>1314.9</ele></trkpt>
      <trkpt lat="-8.636240" lon="120.622333"><ele>1315.4</ele></trkpt>
      <trkpt lat="-8.636768" lon="120.622492"><ele>1317.3</ele></trkpt>
      <trkpt lat="-8.637188" lon="120.623059"><ele>1295.5</ele></trkpt>
      <trkpt lat="-8.637048" lon="120.623379"><ele>1295.5</ele></trkpt>
      <trkpt lat="-8.637066" lon="120.623562"><ele>1295.5</ele></trkpt>
      <trkpt lat="-8.637583" lon="120.624101"><ele>1302.9</ele></trkpt>
      <trkpt lat="-8.637875" lon="120.624068"><ele>1303.5</ele></trkpt>
      <trkpt lat="-8.638175" lon="120.624132"><ele>1308.8</ele></trkpt>
      <trkpt lat="-8.638382" lon="120.624058"><ele>1310.4</ele></trkpt>
      <trkpt lat="-8.638594" lon="120.623403"><ele>1298.8</ele></trkpt>
      <trkpt lat="-8.638702" lon="120.623360"><ele>1299.9</ele></trkpt>
      <trkpt lat="-8.638972" lon="120.623480"><ele>1307.5</ele></trkpt>
      <trkpt lat="-8.639235" lon="120.623398"><ele>1312.5</ele></trkpt>
      <trkpt lat="-8.639316" lon="120.623307"><ele>1313.8</ele></trkpt>
      <trkpt lat="-8.639389" lon="120.622848"><ele>1308.6</ele></trkpt>
      <trkpt lat="-8.639494" lon="120.622734"><ele>1307.5</ele></trkpt>
      <trkpt lat="-8.640140" lon="120.623054"><ele>1304.9</ele></trkpt>
      <trkpt lat="-8.640614" lon="120.623013"><ele>1301.8</ele></trkpt>
      <trkpt lat="-8.641082" lon="120.623788"><ele>1305.2</ele></trkpt>
      <trkpt lat="-8.641526" lon="120.624143"><ele>1295.3</ele></trkpt>
      <trkpt lat="-8.641186" lon="120.625513"><ele>1305.3</ele></trkpt>
      <trkpt lat="-8.640845" lon="120.625894"><ele>1316.2</ele></trkpt>
      <trkpt lat="-8.640935" lon="120.626089"><ele>1318.5</ele></trkpt>
      <trkpt lat="-8.641365" lon="120.626136"><ele>1300.5</ele></trkpt>
      <trkpt lat="-8.641451" lon="120.626235"><ele>1298.6</ele></trkpt>
      <trkpt lat="-8.641329" lon="120.626610"><ele>1305.9</ele></trkpt>
      <trkpt lat="-8.640809" lon="120.627451"><ele>1311.4</ele></trkpt>
      <trkpt lat="-8.640307" lon="120.628854"><ele>1319.9</ele></trkpt>
      <trkpt lat="-8.639719" lon="120.630185"><ele>1319.4</ele></trkpt>
      <trkpt lat="-8.639879" lon="120.630381"><ele>1313.2</ele></trkpt>
      <trkpt lat="-8.640455" lon="120.630447"><ele>1306.1</ele></trkpt>
      <trkpt lat="-8.640647" lon="120.631261"><ele>1295.0</ele></trkpt>
      <trkpt lat="-8.640831" lon="120.631511"><ele>1286.9</ele></trkpt>
      <trkpt lat="-8.641755" lon="120.632208"><ele>1279.8</ele></trkpt>
      <trkpt lat="-8.642203" lon="120.632227"><ele>1280.0</ele></trkpt>
      <trkpt lat="-8.642378" lon="120.632167"><ele>1276.7</ele></trkpt>
      <trkpt lat="-8.642755" lon="120.631777"><ele>1263.9</ele></trkpt>
      <trkpt lat="-8.642356" lon="120.631638"><ele>1269.0</ele></trkpt>
      <trkpt lat="-8.642308" lon="120.631502"><ele>1272.0</ele></trkpt>
      <trkpt lat="-8.643339" lon="120.631054"><ele>1259.0</ele></trkpt>
      <trkpt lat="-8.643831" lon="120.630391"><ele>1246.1</ele></trkpt>
      <trkpt lat="-8.643970" lon="120.629982"><ele>1244.6</ele></trkpt>
      <trkpt lat="-8.644018" lon="120.629422"><ele>1240.6</ele></trkpt>
      <trkpt lat="-8.644799" lon="120.628569"><ele>1229.3</ele></trkpt>
      <trkpt lat="-8.645169" lon="120.628291"><ele>1229.3</ele></trkpt>
      <trkpt lat="-8.645332" lon="120.628054"><ele>1232.4</ele></trkpt>
      <trkpt lat="-8.645391" lon="120.627706"><ele>1227.6</ele></trkpt>
      <trkpt lat="-8.645287" lon="120.627541"><ele>1227.5</ele></trkpt>
      <trkpt lat="-8.645277" lon="120.627282"><ele>1225.5</ele></trkpt>
      <trkpt lat="-8.645368" lon="120.626764"><ele>1216.9</ele></trkpt>
      <trkpt lat="-8.645502" lon="120.626752"><ele>1211.8</ele></trkpt>
      <trkpt lat="-8.645966" lon="120.627032"><ele>1203.7</ele></trkpt>
      <trkpt lat="-8.646540" lon="120.627157"><ele>1194.0</ele></trkpt>
      <trkpt lat="-8.646814" lon="120.627093"><ele>1186.6</ele></trkpt>
      <trkpt lat="-8.647104" lon="120.626864"><ele>1179.1</ele></trkpt>
      <trkpt lat="-8.647093" lon="120.626575"><ele>1174.8</ele></trkpt>
      <trkpt lat="-8.647274" lon="120.626332"><ele>1171.3</ele></trkpt>
      <trkpt lat="-8.647677" lon="120.626387"><ele>1159.2</ele></trkpt>
      <trkpt lat="-8.647947" lon="120.626569"><ele>1155.9</ele></trkpt>
      <trkpt lat="-8.647993" lon="120.626348"><ele>1146.9</ele></trkpt>
      <trkpt lat="-8.647836" lon="120.626171"><ele>1146.2</ele></trkpt>
      <trkpt lat="-8.647772" lon="120.625970"><ele>1145.8</ele></trkpt>
      <trkpt lat="-8.647743" lon="120.625499"><ele>1145.3</ele></trkpt>
      <trkpt lat="-8.647806" lon="120.625288"><ele>1146.8</ele></trkpt>
      <trkpt lat="-8.647894" lon="120.625250"><ele>1146.8</ele></trkpt>
      <trkpt lat="-8.648173" lon="120.625340"><ele>1141.7</ele></trkpt>
      <trkpt lat="-8.648432" lon="120.625073"><ele>1141.7</ele></trkpt>
      <trkpt lat="-8.648735" lon="120.624932"><ele>1137.8</ele></trkpt>
      <trkpt lat="-8.648961" lon="120.624730"><ele>1137.9</ele></trkpt>
      <trkpt lat="-8.649845" lon="120.624458"><ele>1147.3</ele></trkpt>
      <trkpt lat="-8.650248" lon="120.624495"><ele>1150.9</ele></trkpt>
      <trkpt lat="-8.650503" lon="120.624767"><ele>1139.6</ele></trkpt>
      <trkpt lat="-8.650780" lon="120.624871"><ele>1138.7</ele></trkpt>
      <trkpt lat="-8.651312" lon="120.624660"><ele>1155.3</ele></trkpt>
      <trkpt lat="-8.651957" lon="120.624685"><ele>1163.4</ele></trkpt>
      <trkpt lat="-8.652292" lon="120.624989"><ele>1156.8</ele></trkpt>
      <trkpt lat="-8.652393" lon="120.625337"><ele>1137.2</ele></trkpt>
      <trkpt lat="-8.653129" lon="120.625606"><ele>1133.5</ele></trkpt>
      <trkpt lat="-8.653448" lon="120.625601"><ele>1138.6</ele></trkpt>
      <trkpt lat="-8.653843" lon="120.625808"><ele>1134.6</ele></trkpt>
      <trkpt lat="-8.654566" lon="120.625862"><ele>1134.6</ele></trkpt>
      <trkpt lat="-8.655132" lon="120.626300"><ele>1120.6</ele></trkpt>
      <trkpt lat="-8.655485" lon="120.626384"><ele>1121.3</ele></trkpt>
      <trkpt lat="-8.656984" lon="120.626342"><ele>1106.7</ele></trkpt>
      <trkpt lat="-8.658151" lon="120.626570"><ele>1084.1</ele></trkpt>
      <trkpt lat="-8.658763" lon="120.626165"><ele>1086.2</ele></trkpt>
      <trkpt lat="-8.659861" lon="120.626069"><ele>1076.9</ele></trkpt>
      <trkpt lat="-8.660696" lon="120.626178"><ele>1046.9</ele></trkpt>
      <trkpt lat="-8.661532" lon="120.626566"><ele>1035.7</ele></trkpt>
      <trkpt lat="-8.661863" lon="120.626677"><ele>1025.4</ele></trkpt>
      <trkpt lat="-8.662131" lon="120.626684"><ele>1022.8</ele></trkpt>
      <trkpt lat="-8.662677" lon="120.626193"><ele>1016.2</ele></trkpt>
      <trkpt lat="-8.662804" lon="120.625918"><ele>1018.7</ele></trkpt>
      <trkpt lat="-8.663040" lon="120.625650"><ele>1015.8</ele></trkpt>
      <trkpt lat="-8.663157" lon="120.625622"><ele>1008.4</ele></trkpt>
      <trkpt lat="-8.663418" lon="120.625754"><ele>989.0</ele></trkpt>
      <trkpt lat="-8.663468" lon="120.625477"><ele>992.1</ele></trkpt>
      <trkpt lat="-8.663612" lon="120.625289"><ele>989.7</ele></trkpt>
      <trkpt lat="-8.664358" lon="120.624590"><ele>978.3</ele></trkpt>
      <trkpt lat="-8.664489" lon="120.623820"><ele>996.8</ele></trkpt>
      <trkpt lat="-8.664570" lon="120.623719"><ele>993.9</ele></trkpt>
      <trkpt lat="-8.665838" lon="120.623764"><ele>938.1</ele></trkpt>
      <trkpt lat="-8.666714" lon="120.623973"><ele>925.1</ele></trkpt>
      <trkpt lat="-8.666763" lon="120.624066"><ele>918.8</ele></trkpt>
      <trkpt lat="-8.666376" lon="120.624188"><ele>918.2</ele></trkpt>
      <trkpt lat="-8.666376" lon="120.624261"><ele>914.5</ele></trkpt>
      <trkpt lat="-8.666994" lon="120.624331"><ele>901.9</ele></trkpt>
      <trkpt lat="-8.667231" lon="120.624252"><ele>899.2</ele></trkpt>
      <trkpt lat="-8.667677" lon="120.623757"><ele>903.2</ele></trkpt>
      <trkpt lat="-8.668384" lon="120.623499"><ele>894.9</ele></trkpt>
      <trkpt lat="-8.668637" lon="120.623448"><ele>889.8</ele></trkpt>
      <trkpt lat="-8.669170" lon="120.623508"><ele>868.6</ele></trkpt>
      <trkpt lat="-8.669386" lon="120.623396"><ele>873.6</ele></trkpt>
      <trkpt lat="-8.670004" lon="120.623603"><ele>870.3</ele></trkpt>
      <trkpt lat="-8.670359" lon="120.623534"><ele>873.3</ele></trkpt>
      <trkpt lat="-8.670582" lon="120.623580"><ele>872.2</ele></trkpt>
      <trkpt lat="-8.670867" lon="120.623278"><ele>885.0</ele></trkpt>
      <trkpt lat="-8.671273" lon="120.623157"><ele>878.8</ele></trkpt>
      <trkpt lat="-8.671375" lon="120.622941"><ele>876.6</ele></trkpt>
      <trkpt lat="-8.671303" lon="120.622618"><ele>878.6</ele></trkpt>
      <trkpt lat="-8.671342" lon="120.622477"><ele>877.9</ele></trkpt>
      <trkpt lat="-8.671608" lon="120.622245"><ele>876.4</ele></trkpt>
      <trkpt lat="-8.671981" lon="120.622191"><ele>869.8</ele></trkpt>
      <trkpt lat="-8.672094" lon="120.622018"><ele>858.6</ele></trkpt>
      <trkpt lat="-8.672077" lon="120.621893"><ele>856.8</ele></trkpt>
      <trkpt lat="-8.671764" lon="120.621528"><ele>868.6</ele></trkpt>
      <trkpt lat="-8.671966" lon="120.620461"><ele>865.4</ele></trkpt>
      <trkpt lat="-8.671801" lon="120.619462"><ele>852.1</ele></trkpt>
      <trkpt lat="-8.672159" lon="120.619173"><ele>843.9</ele></trkpt>
      <trkpt lat="-8.672308" lon="120.618894"><ele>847.9</ele></trkpt>
      <trkpt lat="-8.672828" lon="120.618999"><ele>844.8</ele></trkpt>
      <trkpt lat="-8.673515" lon="120.618966"><ele>843.5</ele></trkpt>
      <trkpt lat="-8.673624" lon="120.619081"><ele>842.4</ele></trkpt>
      <trkpt lat="-8.673759" lon="120.619468"><ele>833.9</ele></trkpt>
      <trkpt lat="-8.674052" lon="120.619490"><ele>833.7</ele></trkpt>
      <trkpt lat="-8.674605" lon="120.619802"><ele>824.5</ele></trkpt>
      <trkpt lat="-8.674828" lon="120.619857"><ele>823.1</ele></trkpt>
      <trkpt lat="-8.674969" lon="120.620040"><ele>816.8</ele></trkpt>
      <trkpt lat="-8.675579" lon="120.620374"><ele>801.9</ele></trkpt>
      <trkpt lat="-8.675660" lon="120.620205"><ele>802.2</ele></trkpt>
      <trkpt lat="-8.675526" lon="120.619864"><ele>805.6</ele></trkpt>
      <trkpt lat="-8.675874" lon="120.619207"><ele>805.1</ele></trkpt>
      <trkpt lat="-8.676309" lon="120.619001"><ele>792.2</ele></trkpt>
      <trkpt lat="-8.676430" lon="120.618644"><ele>793.0</ele></trkpt>
      <trkpt lat="-8.676927" lon="120.618131"><ele>794.8</ele></trkpt>
      <trkpt lat="-8.677224" lon="120.618272"><ele>795.3</ele></trkpt>
      <trkpt lat="-8.677274" lon="120.618645"><ele>779.0</ele></trkpt>
      <trkpt lat="-8.677362" lon="120.618734"><ele>775.3</ele></trkpt>
      <trkpt lat="-8.678728" lon="120.618469"><ele>805.4</ele></trkpt>
      <trkpt lat="-8.678958" lon="120.618512"><ele>804.9</ele></trkpt>
      <trkpt lat="-8.679273" lon="120.618724"><ele>796.8</ele></trkpt>
      <trkpt lat="-8.680775" lon="120.618502"><ele>824.1</ele></trkpt>
      <trkpt lat="-8.681019" lon="120.618781"><ele>820.6</ele></trkpt>
      <trkpt lat="-8.681126" lon="120.619139"><ele>816.6</ele></trkpt>
      <trkpt lat="-8.681210" lon="120.619154"><ele>816.9</ele></trkpt>
      <trkpt lat="-8.681246" lon="120.618216"><ele>838.6</ele></trkpt>
      <trkpt lat="-8.681498" lon="120.617927"><ele>837.5</ele></trkpt>
      <trkpt lat="-8.681191" lon="120.617754"><ele>840.0</ele></trkpt>
      <trkpt lat="-8.681202" lon="120.617200"><ele>834.1</ele></trkpt>
      <trkpt lat="-8.681412" lon="120.616784"><ele>828.4</ele></trkpt>
      <trkpt lat="-8.681674" lon="120.616604"><ele>814.4</ele></trkpt>
      <trkpt lat="-8.681763" lon="120.616314"><ele>819.6</ele></trkpt>
      <trkpt lat="-8.681968" lon="120.615994"><ele>819.4</ele></trkpt>
      <trkpt lat="-8.682270" lon="120.615779"><ele>820.3</ele></trkpt>
      <trkpt lat="-8.682394" lon="120.615889"><ele>823.2</ele></trkpt>
      <trkpt lat="-8.682499" lon="120.616687"><ele>820.7</ele></trkpt>
      <trkpt lat="-8.683166" lon="120.617305"><ele>819.4</ele></trkpt>
      <trkpt lat="-8.683787" lon="120.617522"><ele>816.2</ele></trkpt>
      <trkpt lat="-8.684705" lon="120.618104"><ele>801.2</ele></trkpt>
      <trkpt lat="-8.685676" lon="120.618352"><ele>805.9</ele></trkpt>
      <trkpt lat="-8.685863" lon="120.618498"><ele>806.2</ele></trkpt>
      <trkpt lat="-8.686798" lon="120.618853"><ele>817.0</ele></trkpt>
      <trkpt lat="-8.687180" lon="120.619241"><ele>797.2</ele></trkpt>
      <trkpt lat="-8.687259" lon="120.619845"><ele>789.5</ele></trkpt>
      <trkpt lat="-8.687707" lon="120.620085"><ele>786.9</ele></trkpt>
      <trkpt lat="-8.688051" lon="120.620370"><ele>783.6</ele></trkpt>
      <trkpt lat="-8.688598" lon="120.620550"><ele>786.0</ele></trkpt>
      <trkpt lat="-8.688984" lon="120.620514"><ele>786.8</ele></trkpt>
      <trkpt lat="-8.689831" lon="120.620250"><ele>785.5</ele></trkpt>
      <trkpt lat="-8.690108" lon="120.619726"><ele>787.8</ele></trkpt>
      <trkpt lat="-8.690175" lon="120.619135"><ele>794.0</ele></trkpt>
      <trkpt lat="-8.690561" lon="120.618873"><ele>802.4</ele></trkpt>
      <trkpt lat="-8.691725" lon="120.619270"><ele>804.5</ele></trkpt>
      <trkpt lat="-8.692272" lon="120.619284"><ele>799.8</ele></trkpt>
      <trkpt lat="-8.692969" lon="120.619533"><ele>795.1</ele></trkpt>
      <trkpt lat="-8.693785" lon="120.619545"><ele>790.3</ele></trkpt>
      <trkpt lat="-8.693817" lon="120.619633"><ele>789.5</ele></trkpt>
      <trkpt lat="-8.693714" lon="120.619878"><ele>787.4</ele></trkpt>
      <trkpt lat="-8.693805" lon="120.619958"><ele>784.2</ele></trkpt>
      <trkpt lat="-8.694426" lon="120.619569"><ele>778.5</ele></trkpt>
      <trkpt lat="-8.694826" lon="120.619007"><ele>763.8</ele></trkpt>
      <trkpt lat="-8.695156" lon="120.618941"><ele>758.6</ele></trkpt>
      <trkpt lat="-8.695763" lon="120.618992"><ele>754.7</ele></trkpt>
      <trkpt lat="-8.696365" lon="120.618930"><ele>745.5</ele></trkpt>
      <trkpt lat="-8.697267" lon="120.619494"><ele>725.8</ele></trkpt>
      <trkpt lat="-8.698896" lon="120.619801"><ele>716.3</ele></trkpt>
      <trkpt lat="-8.700017" lon="120.619415"><ele>712.2</ele></trkpt>
      <trkpt lat="-8.701492" lon="120.618487"><ele>709.4</ele></trkpt>
      <trkpt lat="-8.702222" lon="120.618185"><ele>702.7</ele></trkpt>
      <trkpt lat="-8.704505" lon="120.617790"><ele>695.2</ele></trkpt>
      <trkpt lat="-8.705300" lon="120.617579"><ele>682.7</ele></trkpt>
      <trkpt lat="-8.705806" lon="120.617535"><ele>680.0</ele></trkpt>
      <trkpt lat="-8.705922" lon="120.617477"><ele>679.4</ele></trkpt>
      <trkpt lat="-8.705976" lon="120.617264"><ele>679.8</ele></trkpt>
      <trkpt lat="-8.706309" lon="120.616905"><ele>674.7</ele></trkpt>
      <trkpt lat="-8.706868" lon="120.616845"><ele>670.5</ele></trkpt>
      <trkpt lat="-8.708394" lon="120.617073"><ele>664.9</ele></trkpt>
      <trkpt lat="-8.710404" lon="120.617064"><ele>651.7</ele></trkpt>
      <trkpt lat="-8.711886" lon="120.616756"><ele>647.2</ele></trkpt>
      <trkpt lat="-8.716549" lon="120.617611"><ele>608.0</ele></trkpt>
      <trkpt lat="-8.718056" lon="120.618102"><ele>596.8</ele></trkpt>
      <trkpt lat="-8.718711" lon="120.618419"><ele>590.1</ele></trkpt>
      <trkpt lat="-8.719972" lon="120.618407"><ele>577.1</ele></trkpt>
      <trkpt lat="-8.720423" lon="120.618295"><ele>570.7</ele></trkpt>
      <trkpt lat="-8.720707" lon="120.618422"><ele>566.8</ele></trkpt>
      <trkpt lat="-8.720878" lon="120.618675"><ele>564.1</ele></trkpt>
      <trkpt lat="-8.720918" lon="120.619067"><ele>559.8</ele></trkpt>
      <trkpt lat="-8.720651" lon="120.619675"><ele>553.3</ele></trkpt>
      <trkpt lat="-8.720600" lon="120.620182"><ele>548.2</ele></trkpt>
      <trkpt lat="-8.720652" lon="120.620401"><ele>546.5</ele></trkpt>
      <trkpt lat="-8.721040" lon="120.620906"><ele>539.7</ele></trkpt>
      <trkpt lat="-8.721731" lon="120.620967"><ele>534.0</ele></trkpt>
      <trkpt lat="-8.722715" lon="120.620791"><ele>522.8</ele></trkpt>
      <trkpt lat="-8.723454" lon="120.620804"><ele>520.8</ele></trkpt>
      <trkpt lat="-8.724472" lon="120.621056"><ele>524.8</ele></trkpt>
      <trkpt lat="-8.725339" lon="120.621149"><ele>532.1</ele></trkpt>
      <trkpt lat="-8.725819" lon="120.621360"><ele>527.8</ele></trkpt>
      <trkpt lat="-8.726515" lon="120.622008"><ele>520.2</ele></trkpt>
      <trkpt lat="-8.726650" lon="120.622408"><ele>520.4</ele></trkpt>
      <trkpt lat="-8.726576" lon="120.622972"><ele>519.3</ele></trkpt>
      <trkpt lat="-8.726681" lon="120.623095"><ele>518.8</ele></trkpt>
      <trkpt lat="-8.729671" lon="120.623725"><ele>504.3</ele></trkpt>
      <trkpt lat="-8.730326" lon="120.624290"><ele>498.4</ele></trkpt>
      <trkpt lat="-8.731058" lon="120.624404"><ele>492.3</ele></trkpt>
      <trkpt lat="-8.731478" lon="120.624627"><ele>489.1</ele></trkpt>
      <trkpt lat="-8.732163" lon="120.624739"><ele>487.2</ele></trkpt>
      <trkpt lat="-8.735042" lon="120.625663"><ele>459.5</ele></trkpt>
      <trkpt lat="-8.735504" lon="120.625619"><ele>453.5</ele></trkpt>
      <trkpt lat="-8.736733" lon="120.625106"><ele>438.8</ele></trkpt>
      <trkpt lat="-8.737654" lon="120.625089"><ele>429.2</ele></trkpt>
      <trkpt lat="-8.739737" lon="120.625617"><ele>407.0</ele></trkpt>
      <trkpt lat="-8.743869" lon="120.626017"><ele>378.3</ele></trkpt>
      <trkpt lat="-8.745012" lon="120.625560"><ele>373.0</ele></trkpt>
      <trkpt lat="-8.748036" lon="120.624607"><ele>353.7</ele></trkpt>
      <trkpt lat="-8.748240" lon="120.624414"><ele>351.4</ele></trkpt>
      <trkpt lat="-8.748374" lon="120.624056"><ele>348.0</ele></trkpt>
      <trkpt lat="-8.748808" lon="120.624016"><ele>343.2</ele></trkpt>
      <trkpt lat="-8.749158" lon="120.624122"><ele>339.1</ele></trkpt>
      <trkpt lat="-8.749373" lon="120.624329"><ele>335.8</ele></trkpt>
      <trkpt lat="-8.749560" lon="120.625648"><ele>326.8</ele></trkpt>
      <trkpt lat="-8.749709" lon="120.625715"><ele>322.0</ele></trkpt>
      <trkpt lat="-8.750014" lon="120.625591"><ele>316.7</ele></trkpt>
      <trkpt lat="-8.751191" lon="120.624807"><ele>303.0</ele></trkpt>
      <trkpt lat="-8.752275" lon="120.624503"><ele>294.6</ele></trkpt>
      <trkpt lat="-8.753363" lon="120.623743"><ele>286.8</ele></trkpt>
      <trkpt lat="-8.754036" lon="120.623419"><ele>284.1</ele></trkpt>
      <trkpt lat="-8.755865" lon="120.623215"><ele>277.9</ele></trkpt>
      <trkpt lat="-8.758749" lon="120.623745"><ele>267.8</ele></trkpt>
      <trkpt lat="-8.760009" lon="120.623883"><ele>259.1</ele></trkpt>
      <trkpt lat="-8.760934" lon="120.623880"><ele>255.9</ele></trkpt>
      <trkpt lat="-8.762710" lon="120.623522"><ele>247.2</ele></trkpt>
      <trkpt lat="-8.764280" lon="120.622847"><ele>234.9</ele></trkpt>
      <trkpt lat="-8.765062" lon="120.622292"><ele>227.2</ele></trkpt>
      <trkpt lat="-8.765818" lon="120.621942"><ele>224.1</ele></trkpt>
      <trkpt lat="-8.767296" lon="120.621419"><ele>213.8</ele></trkpt>
      <trkpt lat="-8.768291" lon="120.621136"><ele>209.7</ele></trkpt>
      <trkpt lat="-8.768924" lon="120.621058"><ele>206.0</ele></trkpt>
      <trkpt lat="-8.770110" lon="120.621116"><ele>197.7</ele></trkpt>
      <trkpt lat="-8.770124" lon="120.621844"><ele>192.2</ele></trkpt>
      <trkpt lat="-8.770185" lon="120.621908"><ele>191.6</ele></trkpt>
      <trkpt lat="-8.771781" lon="120.622134"><ele>187.9</ele></trkpt>
      <trkpt lat="-8.773485" lon="120.622616"><ele>187.2</ele></trkpt>
      <trkpt lat="-8.775463" lon="120.622749"><ele>189.0</ele></trkpt>
      <trkpt lat="-8.777235" lon="120.623650"><ele>190.6</ele></trkpt>
      <trkpt lat="-8.778220" lon="120.623658"><ele>187.0</ele></trkpt>
      <trkpt lat="-8.779233" lon="120.623569"><ele>183.7</ele></trkpt>
      <trkpt lat="-8.779032" lon="120.620663"><ele>181.6</ele></trkpt>
      <trkpt lat="-8.778173" lon="120.620749"><ele>183.7</ele></trkpt>
      <trkpt lat="-8.777375" lon="120.620661"><ele>185.3</ele></trkpt>
      <trkpt lat="-8.776916" lon="120.618030"><ele>174.9</ele></trkpt>
      <trkpt lat="-8.777354" lon="120.617893"><ele>171.6</ele></trkpt>
      <trkpt lat="-8.777783" lon="120.617588"><ele>167.2</ele></trkpt>
      <trkpt lat="-8.778064" lon="120.617191"><ele>159.2</ele></trkpt>
      <trkpt lat="-8.778324" lon="120.616574"><ele>145.4</ele></trkpt>
      <trkpt lat="-8.778584" lon="120.616847"><ele>148.4</ele></trkpt>
      <trkpt lat="-8.779909" lon="120.617480"><ele>143.8</ele></trkpt>
      <trkpt lat="-8.780164" lon="120.617475"><ele>147.3</ele></trkpt>
      <trkpt lat="-8.780535" lon="120.617153"><ele>151.5</ele></trkpt>
      <trkpt lat="-8.781197" lon="120.616949"><ele>153.8</ele></trkpt>
      <trkpt lat="-8.781616" lon="120.616944"><ele>155.8</ele></trkpt>
      <trkpt lat="-8.782554" lon="120.617223"><ele>156.9</ele></trkpt>
      <trkpt lat="-8.783129" lon="120.617945"><ele>164.5</ele></trkpt>
      <trkpt lat="-8.783844" lon="120.619517"><ele>180.0</ele></trkpt>
      <trkpt lat="-8.784476" lon="120.619389"><ele>178.9</ele></trkpt>
      <trkpt lat="-8.785615" lon="120.619702"><ele>176.1</ele></trkpt>
      <trkpt lat="-8.785604" lon="120.620751"><ele>168.8</ele></trkpt>
      <trkpt lat="-8.787368" lon="120.620889"><ele>171.3</ele></trkpt>
      <trkpt lat="-8.787230" lon="120.622094"><ele>163.8</ele></trkpt>
      <trkpt lat="-8.786886" lon="120.622823"><ele>157.3</ele></trkpt>
      <trkpt lat="-8.786552" lon="120.622904"><ele>159.1</ele></trkpt>
      <trkpt lat="-8.786430" lon="120.622973"><ele>157.2</ele></trkpt>
      <trkpt lat="-8.786425" lon="120.623059"><ele>156.1</ele></trkpt>
      <trkpt lat="-8.786557" lon="120.623188"><ele>150.0</ele></trkpt>
      <trkpt lat="-8.787289" lon="120.623386"><ele>127.5</ele></trkpt>
      <trkpt lat="-8.787792" lon="120.623902"><ele>114.4</ele></trkpt>
      <trkpt lat="-8.788121" lon="120.623842"><ele>105.8</ele></trkpt>
      <trkpt lat="-8.788360" lon="120.623354"><ele>99.3</ele></trkpt>
      <trkpt lat="-8.788487" lon="120.623376"><ele>95.5</ele></trkpt>
      <trkpt lat="-8.788720" lon="120.623639"><ele>87.3</ele></trkpt>
      <trkpt lat="-8.788853" lon="120.623617"><ele>83.9</ele></trkpt>
      <trkpt lat="-8.789128" lon="120.623403"><ele>79.3</ele></trkpt>
      <trkpt lat="-8.789213" lon="120.623424"><ele>78.0</ele></trkpt>
      <trkpt lat="-8.789335" lon="120.623628"><ele>74.6</ele></trkpt>
      <trkpt lat="-8.789722" lon="120.623612"><ele>70.0</ele></trkpt>
      <trkpt lat="-8.790273" lon="120.623778"><ele>69.8</ele></trkpt>
      <trkpt lat="-8.791053" lon="120.623561"><ele>60.9</ele></trkpt>
      <trkpt lat="-8.791318" lon="120.623231"><ele>61.9</ele></trkpt>
      <trkpt lat="-8.791442" lon="120.622869"><ele>69.8</ele></trkpt>
      <trkpt lat="-8.791792" lon="120.622579"><ele>69.9</ele></trkpt>
      <trkpt lat="-8.792044" lon="120.622238"><ele>78.7</ele></trkpt>
      <trkpt lat="-8.792728" lon="120.621989"><ele>69.7</ele></trkpt>
      <trkpt lat="-8.792977" lon="120.621702"><ele>75.5</ele></trkpt>
      <trkpt lat="-8.793483" lon="120.621450"><ele>75.8</ele></trkpt>
      <trkpt lat="-8.793727" lon="120.621504"><ele>74.9</ele></trkpt>
      <trkpt lat="-8.794159" lon="120.621799"><ele>67.8</ele></trkpt>
      <trkpt lat="-8.794334" lon="120.622002"><ele>60.2</ele></trkpt>
      <trkpt lat="-8.795140" lon="120.622247"><ele>60.0</ele></trkpt>
      <trkpt lat="-8.795699" lon="120.622247"><ele>61.1</ele></trkpt>
      <trkpt lat="-8.797176" lon="120.621761"><ele>51.1</ele></trkpt>
      <trkpt lat="-8.797711" lon="120.621324"><ele>55.1</ele></trkpt>
      <trkpt lat="-8.798490" lon="120.621061"><ele>52.8</ele></trkpt>
      <trkpt lat="-8.799768" lon="120.620109"><ele>67.5</ele></trkpt>
      <trkpt lat="-8.800057" lon="120.619999"><ele>66.4</ele></trkpt>
      <trkpt lat="-8.800235" lon="120.619709"><ele>73.6</ele></trkpt>
      <trkpt lat="-8.800335" lon="120.619680"><ele>73.1</ele></trkpt>
      <trkpt lat="-8.800804" lon="120.619859"><ele>65.4</ele></trkpt>
      <trkpt lat="-8.801723" lon="120.620397"><ele>61.3</ele></trkpt>
      <trkpt lat="-8.803009" lon="120.621714"><ele>52.0</ele></trkpt>
      <trkpt lat="-8.803822" lon="120.622970"><ele>40.0</ele></trkpt>
      <trkpt lat="-8.803967" lon="120.622979"><ele>38.3</ele></trkpt>
      <trkpt lat="-8.804666" lon="120.622518"><ele>26.1</ele></trkpt>
      <trkpt lat="-8.804651" lon="120.622356"><ele>24.2</ele></trkpt>
      <trkpt lat="-8.804518" lon="120.622201"><ele>24.5</ele></trkpt>
      <trkpt lat="-8.804073" lon="120.622153"><ele>33.3</ele></trkpt>
      <trkpt lat="-8.804163" lon="120.621606"><ele>27.9</ele></trkpt>
      <trkpt lat="-8.803972" lon="120.621096"><ele>29.0</ele></trkpt>
      <trkpt lat="-8.805488" lon="120.620028"><ele>17.9</ele></trkpt>
      <trkpt lat="-8.805912" lon="120.619964"><ele>18.3</ele></trkpt>
      <trkpt lat="-8.806548" lon="120.619599"><ele>18.3</ele></trkpt>
      <trkpt lat="-8.806935" lon="120.619497"><ele>18.0</ele></trkpt>
      <trkpt lat="-8.807540" lon="120.619175"><ele>19.3</ele></trkpt>
      <trkpt lat="-8.807667" lon="120.618922"><ele>19.7</ele></trkpt>
      <trkpt lat="-8.807658" lon="120.618046"><ele>17.6</ele></trkpt>
      <trkpt lat="-8.807739" lon="120.617522"><ele>19.0</ele></trkpt>
      <trkpt lat="-8.808072" lon="120.617232"><ele>19.0</ele></trkpt>
      <trkpt lat="-8.808639" lon="120.616147"><ele>16.8</ele></trkpt>
      <trkpt lat="-8.809239" lon="120.615750"><ele>15.7</ele></trkpt>
      <trkpt lat="-8.810386" lon="120.615597"><ele>18.2</ele></trkpt>
      <trkpt lat="-8.811093" lon="120.614799"><ele>16.4</ele></trkpt>
      <trkpt lat="-8.812360" lon="120.613749"><ele>16.0</ele></trkpt>
      <trkpt lat="-8.813945" lon="120.612065"><ele>17.3</ele></trkpt>
      <trkpt lat="-8.813615" lon="120.611878"><ele>16.0</ele></trkpt>
      <trkpt lat="-8.813783" lon="120.611156"><ele>17.7</ele></trkpt>
      <trkpt lat="-8.814757" lon="120.609133"><ele>18.6</ele></trkpt>
      <trkpt lat="-8.814870" lon="120.608982"><ele>17.1</ele></trkpt>
      <trkpt lat="-8.815159" lon="120.608853"><ele>13.7</ele></trkpt>
      <trkpt lat="-8.814310" lon="120.607181"><ele>16.9</ele></trkpt>
      <trkpt lat="-8.814816" lon="120.606710"><ele>12.8</ele></trkpt>
      <trkpt lat="-8.814295" lon="120.606273"><ele>14.7</ele></trkpt>
      <trkpt lat="-8.814340" lon="120.605981"><ele>12.7</ele></trkpt>
      <trkpt lat="-8.814946" lon="120.605692"><ele>12.5</ele></trkpt>
      <trkpt lat="-8.815190" lon="120.605251"><ele>11.2</ele></trkpt>
      <trkpt lat="-8.815425" lon="120.604563"><ele>10.3</ele></trkpt>
      <trkpt lat="-8.815542" lon="120.604484"><ele>10.8</ele></trkpt>
      <trkpt lat="-8.816749" lon="120.604966"><ele>9.2</ele></trkpt>
      <trkpt lat="-8.817456" lon="120.605551"><ele>9.0</ele></trkpt>
      <trkpt lat="-8.817043" lon="120.605902"><ele>10.4</ele></trkpt>
      <trkpt lat="-8.816896" lon="120.606326"><ele>10.2</ele></trkpt>
      <trkpt lat="-8.816625" lon="120.606709"><ele>12.3</ele></trkpt>
      <trkpt lat="-8.816339" lon="120.606998"><ele>12.9</ele></trkpt>
      <trkpt lat="-8.816111" lon="120.607106"><ele>12.6</ele></trkpt>
      <trkpt lat="-8.816165" lon="120.607478"><ele>13.0</ele></trkpt>
      <trkpt lat="-8.816111" lon="120.607106"><ele>12.6</ele></trkpt>
      <trkpt lat="-8.816339" lon="120.606998"><ele>12.9</ele></trkpt>
      <trkpt lat="-8.816625" lon="120.606709"><ele>12.3</ele></trkpt>
      <trkpt lat="-8.816896" lon="120.606326"><ele>10.2</ele></trkpt>
      <trkpt lat="-8.817043" lon="120.605902"><ele>10.4</ele></trkpt>
      <trkpt lat="-8.817456" lon="120.605551"><ele>9.0</ele></trkpt>
      <trkpt lat="-8.816749" lon="120.604966"><ele>9.2</ele></trkpt>
      <trkpt lat="-8.815542" lon="120.604484"><ele>10.8</ele></trkpt>
      <trkpt lat="-8.815425" lon="120.604563"><ele>10.3</ele></trkpt>
      <trkpt lat="-8.815190" lon="120.605251"><ele>11.2</ele></trkpt>
      <trkpt lat="-8.814946" lon="120.605692"><ele>12.5</ele></trkpt>
      <trkpt lat="-8.814340" lon="120.605981"><ele>12.7</ele></trkpt>
      <trkpt lat="-8.814295" lon="120.606273"><ele>14.7</ele></trkpt>
      <trkpt lat="-8.814816" lon="120.606710"><ele>12.8</ele></trkpt>
      <trkpt lat="-8.814310" lon="120.607181"><ele>16.9</ele></trkpt>
      <trkpt lat="-8.815159" lon="120.608853"><ele>13.7</ele></trkpt>
      <trkpt lat="-8.814870" lon="120.608982"><ele>17.1</ele></trkpt>
      <trkpt lat="-8.814757" lon="120.609133"><ele>18.6</ele></trkpt>
      <trkpt lat="-8.813783" lon="120.611156"><ele>17.7</ele></trkpt>
      <trkpt lat="-8.813615" lon="120.611878"><ele>16.0</ele></trkpt>
      <trkpt lat="-8.813945" lon="120.612065"><ele>17.3</ele></trkpt>
      <trkpt lat="-8.812360" lon="120.613749"><ele>16.0</ele></trkpt>
      <trkpt lat="-8.811093" lon="120.614799"><ele>16.4</ele></trkpt>
      <trkpt lat="-8.810386" lon="120.615597"><ele>18.2</ele></trkpt>
      <trkpt lat="-8.809239" lon="120.615750"><ele>15.7</ele></trkpt>
      <trkpt lat="-8.808639" lon="120.616147"><ele>16.8</ele></trkpt>
      <trkpt lat="-8.808072" lon="120.617232"><ele>19.0</ele></trkpt>
      <trkpt lat="-8.807739" lon="120.617522"><ele>19.0</ele></trkpt>
      <trkpt lat="-8.807658" lon="120.618046"><ele>17.6</ele></trkpt>
      <trkpt lat="-8.807667" lon="120.618922"><ele>19.7</ele></trkpt>
      <trkpt lat="-8.807540" lon="120.619175"><ele>19.3</ele></trkpt>
      <trkpt lat="-8.806935" lon="120.619497"><ele>18.0</ele></trkpt>
      <trkpt lat="-8.806548" lon="120.619599"><ele>18.3</ele></trkpt>
      <trkpt lat="-8.805912" lon="120.619964"><ele>18.3</ele></trkpt>
      <trkpt lat="-8.805488" lon="120.620028"><ele>17.9</ele></trkpt>
      <trkpt lat="-8.803972" lon="120.621096"><ele>29.0</ele></trkpt>
      <trkpt lat="-8.804163" lon="120.621606"><ele>27.9</ele></trkpt>
      <trkpt lat="-8.804073" lon="120.622153"><ele>33.3</ele></trkpt>
      <trkpt lat="-8.804518" lon="120.622201"><ele>24.5</ele></trkpt>
      <trkpt lat="-8.804651" lon="120.622356"><ele>24.2</ele></trkpt>
      <trkpt lat="-8.804666" lon="120.622518"><ele>26.1</ele></trkpt>
      <trkpt lat="-8.803967" lon="120.622979"><ele>38.3</ele></trkpt>
      <trkpt lat="-8.803822" lon="120.622970"><ele>40.0</ele></trkpt>
      <trkpt lat="-8.803009" lon="120.621714"><ele>52.0</ele></trkpt>
      <trkpt lat="-8.801723" lon="120.620397"><ele>61.3</ele></trkpt>
      <trkpt lat="-8.800804" lon="120.619859"><ele>65.4</ele></trkpt>
      <trkpt lat="-8.800335" lon="120.619680"><ele>73.1</ele></trkpt>
      <trkpt lat="-8.800235" lon="120.619709"><ele>73.6</ele></trkpt>
      <trkpt lat="-8.800057" lon="120.619999"><ele>66.4</ele></trkpt>
      <trkpt lat="-8.799768" lon="120.620109"><ele>67.5</ele></trkpt>
      <trkpt lat="-8.798490" lon="120.621061"><ele>52.8</ele></trkpt>
      <trkpt lat="-8.797711" lon="120.621324"><ele>55.1</ele></trkpt>
      <trkpt lat="-8.797176" lon="120.621761"><ele>51.1</ele></trkpt>
      <trkpt lat="-8.795699" lon="120.622247"><ele>61.1</ele></trkpt>
      <trkpt lat="-8.795140" lon="120.622247"><ele>60.0</ele></trkpt>
      <trkpt lat="-8.794334" lon="120.622002"><ele>60.2</ele></trkpt>
      <trkpt lat="-8.794159" lon="120.621799"><ele>67.8</ele></trkpt>
      <trkpt lat="-8.793727" lon="120.621504"><ele>74.9</ele></trkpt>
      <trkpt lat="-8.793483" lon="120.621450"><ele>75.8</ele></trkpt>
      <trkpt lat="-8.792977" lon="120.621702"><ele>75.5</ele></trkpt>
      <trkpt lat="-8.792728" lon="120.621989"><ele>69.7</ele></trkpt>
      <trkpt lat="-8.792044" lon="120.622238"><ele>78.7</ele></trkpt>
      <trkpt lat="-8.791792" lon="120.622579"><ele>69.9</ele></trkpt>
      <trkpt lat="-8.791442" lon="120.622869"><ele>69.8</ele></trkpt>
      <trkpt lat="-8.791318" lon="120.623231"><ele>61.9</ele></trkpt>
      <trkpt lat="-8.791053" lon="120.623561"><ele>60.9</ele></trkpt>
      <trkpt lat="-8.790273" lon="120.623778"><ele>69.8</ele></trkpt>
      <trkpt lat="-8.789722" lon="120.623612"><ele>70.0</ele></trkpt>
      <trkpt lat="-8.789335" lon="120.623628"><ele>74.6</ele></trkpt>
      <trkpt lat="-8.789213" lon="120.623424"><ele>78.0</ele></trkpt>
      <trkpt lat="-8.789128" lon="120.623403"><ele>79.3</ele></trkpt>
      <trkpt lat="-8.788853" lon="120.623617"><ele>83.9</ele></trkpt>
      <trkpt lat="-8.788720" lon="120.623639"><ele>87.3</ele></trkpt>
      <trkpt lat="-8.788487" lon="120.623376"><ele>95.5</ele></trkpt>
      <trkpt lat="-8.788360" lon="120.623354"><ele>99.3</ele></trkpt>
      <trkpt lat="-8.788121" lon="120.623842"><ele>105.8</ele></trkpt>
      <trkpt lat="-8.787792" lon="120.623902"><ele>114.4</ele></trkpt>
      <trkpt lat="-8.787289" lon="120.623386"><ele>127.5</ele></trkpt>
      <trkpt lat="-8.786557" lon="120.623188"><ele>150.0</ele></trkpt>
      <trkpt lat="-8.786425" lon="120.623059"><ele>156.1</ele></trkpt>
      <trkpt lat="-8.786430" lon="120.622973"><ele>157.2</ele></trkpt>
      <trkpt lat="-8.786552" lon="120.622904"><ele>159.1</ele></trkpt>
      <trkpt lat="-8.786886" lon="120.622823"><ele>157.3</ele></trkpt>
      <trkpt lat="-8.787230" lon="120.622094"><ele>163.8</ele></trkpt>
      <trkpt lat="-8.787368" lon="120.620889"><ele>171.3</ele></trkpt>
      <trkpt lat="-8.785604" lon="120.620751"><ele>168.8</ele></trkpt>
      <trkpt lat="-8.785615" lon="120.619702"><ele>176.1</ele></trkpt>
      <trkpt lat="-8.784476" lon="120.619389"><ele>178.9</ele></trkpt>
      <trkpt lat="-8.783844" lon="120.619517"><ele>180.0</ele></trkpt>
      <trkpt lat="-8.783129" lon="120.617945"><ele>164.5</ele></trkpt>
      <trkpt lat="-8.782554" lon="120.617223"><ele>156.9</ele></trkpt>
      <trkpt lat="-8.781616" lon="120.616944"><ele>155.8</ele></trkpt>
      <trkpt lat="-8.781197" lon="120.616949"><ele>153.8</ele></trkpt>
      <trkpt lat="-8.780535" lon="120.617153"><ele>151.5</ele></trkpt>
      <trkpt lat="-8.780164" lon="120.617475"><ele>147.3</ele></trkpt>
      <trkpt lat="-8.779909" lon="120.617480"><ele>143.8</ele></trkpt>
      <trkpt lat="-8.778584" lon="120.616847"><ele>148.4</ele></trkpt>
      <trkpt lat="-8.778324" lon="120.616574"><ele>145.4</ele></trkpt>
      <trkpt lat="-8.778064" lon="120.617191"><ele>159.2</ele></trkpt>
      <trkpt lat="-8.777783" lon="120.617588"><ele>167.2</ele></trkpt>
      <trkpt lat="-8.777354" lon="120.617893"><ele>171.6</ele></trkpt>
      <trkpt lat="-8.776916" lon="120.618030"><ele>174.9</ele></trkpt>
      <trkpt lat="-8.777375" lon="120.620661"><ele>185.3</ele></trkpt>
      <trkpt lat="-8.778173" lon="120.620749"><ele>183.7</ele></trkpt>
      <trkpt lat="-8.779032" lon="120.620663"><ele>181.6</ele></trkpt>
      <trkpt lat="-8.779233" lon="120.623569"><ele>183.7</ele></trkpt>
      <trkpt lat="-8.778220" lon="120.623658"><ele>187.0</ele></trkpt>
      <trkpt lat="-8.777235" lon="120.623650"><ele>190.6</ele></trkpt>
      <trkpt lat="-8.775463" lon="120.622749"><ele>189.0</ele></trkpt>
      <trkpt lat="-8.773485" lon="120.622616"><ele>187.2</ele></trkpt>
      <trkpt lat="-8.771781" lon="120.622134"><ele>187.9</ele></trkpt>
      <trkpt lat="-8.770185" lon="120.621908"><ele>191.6</ele></trkpt>
      <trkpt lat="-8.770124" lon="120.621844"><ele>192.2</ele></trkpt>
      <trkpt lat="-8.770110" lon="120.621116"><ele>197.7</ele></trkpt>
      <trkpt lat="-8.768924" lon="120.621058"><ele>206.0</ele></trkpt>
      <trkpt lat="-8.768187" lon="120.621118"><ele>210.0</ele></trkpt>
      <trkpt lat="-8.766517" lon="120.621570"><ele>218.5</ele></trkpt>
      <trkpt lat="-8.765184" lon="120.622115"><ele>227.1</ele></trkpt>
      <trkpt lat="-8.764236" lon="120.622758"><ele>234.8</ele></trkpt>
      <trkpt lat="-8.762679" lon="120.623444"><ele>247.1</ele></trkpt>
      <trkpt lat="-8.760926" lon="120.623817"><ele>255.7</ele></trkpt>
      <trkpt lat="-8.759782" lon="120.623825"><ele>261.9</ele></trkpt>
      <trkpt lat="-8.758749" lon="120.623745"><ele>267.8</ele></trkpt>
      <trkpt lat="-8.755865" lon="120.623215"><ele>277.9</ele></trkpt>
      <trkpt lat="-8.754036" lon="120.623419"><ele>284.1</ele></trkpt>
      <trkpt lat="-8.753363" lon="120.623743"><ele>286.8</ele></trkpt>
      <trkpt lat="-8.752275" lon="120.624503"><ele>294.6</ele></trkpt>
      <trkpt lat="-8.751191" lon="120.624807"><ele>303.0</ele></trkpt>
      <trkpt lat="-8.750014" lon="120.625591"><ele>316.7</ele></trkpt>
      <trkpt lat="-8.749709" lon="120.625715"><ele>322.0</ele></trkpt>
      <trkpt lat="-8.749560" lon="120.625648"><ele>326.8</ele></trkpt>
      <trkpt lat="-8.749373" lon="120.624329"><ele>335.8</ele></trkpt>
      <trkpt lat="-8.749158" lon="120.624122"><ele>339.1</ele></trkpt>
      <trkpt lat="-8.748808" lon="120.624016"><ele>343.2</ele></trkpt>
      <trkpt lat="-8.748374" lon="120.624056"><ele>348.0</ele></trkpt>
      <trkpt lat="-8.748240" lon="120.624414"><ele>351.4</ele></trkpt>
      <trkpt lat="-8.748036" lon="120.624607"><ele>353.7</ele></trkpt>
      <trkpt lat="-8.745012" lon="120.625560"><ele>373.0</ele></trkpt>
      <trkpt lat="-8.743869" lon="120.626017"><ele>378.3</ele></trkpt>
      <trkpt lat="-8.739737" lon="120.625617"><ele>407.0</ele></trkpt>
      <trkpt lat="-8.737654" lon="120.625089"><ele>429.2</ele></trkpt>
      <trkpt lat="-8.736733" lon="120.625106"><ele>438.8</ele></trkpt>
      <trkpt lat="-8.735504" lon="120.625619"><ele>453.5</ele></trkpt>
      <trkpt lat="-8.735042" lon="120.625663"><ele>459.5</ele></trkpt>
      <trkpt lat="-8.732163" lon="120.624739"><ele>487.2</ele></trkpt>
      <trkpt lat="-8.731478" lon="120.624627"><ele>489.1</ele></trkpt>
      <trkpt lat="-8.731058" lon="120.624404"><ele>492.3</ele></trkpt>
      <trkpt lat="-8.730326" lon="120.624290"><ele>498.4</ele></trkpt>
      <trkpt lat="-8.729671" lon="120.623725"><ele>504.3</ele></trkpt>
      <trkpt lat="-8.726681" lon="120.623095"><ele>518.8</ele></trkpt>
      <trkpt lat="-8.726576" lon="120.622972"><ele>519.3</ele></trkpt>
      <trkpt lat="-8.726650" lon="120.622408"><ele>520.4</ele></trkpt>
      <trkpt lat="-8.726515" lon="120.622008"><ele>520.2</ele></trkpt>
      <trkpt lat="-8.725819" lon="120.621360"><ele>527.8</ele></trkpt>
      <trkpt lat="-8.725339" lon="120.621149"><ele>532.1</ele></trkpt>
      <trkpt lat="-8.724472" lon="120.621056"><ele>524.8</ele></trkpt>
      <trkpt lat="-8.723454" lon="120.620804"><ele>520.8</ele></trkpt>
      <trkpt lat="-8.722715" lon="120.620791"><ele>522.8</ele></trkpt>
      <trkpt lat="-8.721731" lon="120.620967"><ele>534.0</ele></trkpt>
      <trkpt lat="-8.721040" lon="120.620906"><ele>539.7</ele></trkpt>
      <trkpt lat="-8.720652" lon="120.620401"><ele>546.5</ele></trkpt>
      <trkpt lat="-8.720600" lon="120.620182"><ele>548.2</ele></trkpt>
      <trkpt lat="-8.720651" lon="120.619675"><ele>553.3</ele></trkpt>
      <trkpt lat="-8.720918" lon="120.619067"><ele>559.8</ele></trkpt>
      <trkpt lat="-8.720878" lon="120.618675"><ele>564.1</ele></trkpt>
      <trkpt lat="-8.720707" lon="120.618422"><ele>566.8</ele></trkpt>
      <trkpt lat="-8.720423" lon="120.618295"><ele>570.7</ele></trkpt>
      <trkpt lat="-8.719972" lon="120.618407"><ele>577.1</ele></trkpt>
      <trkpt lat="-8.718711" lon="120.618419"><ele>590.1</ele></trkpt>
      <trkpt lat="-8.718056" lon="120.618102"><ele>596.8</ele></trkpt>
      <trkpt lat="-8.716549" lon="120.617611"><ele>608.0</ele></trkpt>
      <trkpt lat="-8.711886" lon="120.616756"><ele>647.2</ele></trkpt>
      <trkpt lat="-8.710404" lon="120.617064"><ele>651.7</ele></trkpt>
      <trkpt lat="-8.708394" lon="120.617073"><ele>664.9</ele></trkpt>
      <trkpt lat="-8.706868" lon="120.616845"><ele>670.5</ele></trkpt>
      <trkpt lat="-8.706309" lon="120.616905"><ele>674.7</ele></trkpt>
      <trkpt lat="-8.705976" lon="120.617264"><ele>679.8</ele></trkpt>
      <trkpt lat="-8.705922" lon="120.617477"><ele>679.4</ele></trkpt>
      <trkpt lat="-8.705806" lon="120.617535"><ele>680.0</ele></trkpt>
      <trkpt lat="-8.705300" lon="120.617579"><ele>682.7</ele></trkpt>
      <trkpt lat="-8.704505" lon="120.617790"><ele>695.2</ele></trkpt>
      <trkpt lat="-8.702222" lon="120.618185"><ele>702.7</ele></trkpt>
      <trkpt lat="-8.701492" lon="120.618487"><ele>709.4</ele></trkpt>
      <trkpt lat="-8.700017" lon="120.619415"><ele>712.2</ele></trkpt>
      <trkpt lat="-8.698896" lon="120.619801"><ele>716.3</ele></trkpt>
      <trkpt lat="-8.697267" lon="120.619494"><ele>725.8</ele></trkpt>
      <trkpt lat="-8.696365" lon="120.618930"><ele>745.5</ele></trkpt>
      <trkpt lat="-8.695763" lon="120.618992"><ele>754.7</ele></trkpt>
      <trkpt lat="-8.695156" lon="120.618941"><ele>758.6</ele></trkpt>
      <trkpt lat="-8.694826" lon="120.619007"><ele>763.8</ele></trkpt>
      <trkpt lat="-8.694426" lon="120.619569"><ele>778.5</ele></trkpt>
      <trkpt lat="-8.693805" lon="120.619958"><ele>784.2</ele></trkpt>
      <trkpt lat="-8.693714" lon="120.619878"><ele>787.4</ele></trkpt>
      <trkpt lat="-8.693817" lon="120.619633"><ele>789.5</ele></trkpt>
      <trkpt lat="-8.693785" lon="120.619545"><ele>790.3</ele></trkpt>
      <trkpt lat="-8.692969" lon="120.619533"><ele>795.1</ele></trkpt>
      <trkpt lat="-8.692272" lon="120.619284"><ele>799.8</ele></trkpt>
      <trkpt lat="-8.691725" lon="120.619270"><ele>804.5</ele></trkpt>
      <trkpt lat="-8.690561" lon="120.618873"><ele>802.4</ele></trkpt>
      <trkpt lat="-8.690175" lon="120.619135"><ele>794.0</ele></trkpt>
      <trkpt lat="-8.690108" lon="120.619726"><ele>787.8</ele></trkpt>
      <trkpt lat="-8.689831" lon="120.620250"><ele>785.5</ele></trkpt>
      <trkpt lat="-8.688984" lon="120.620514"><ele>786.8</ele></trkpt>
      <trkpt lat="-8.688598" lon="120.620550"><ele>786.0</ele></trkpt>
      <trkpt lat="-8.688051" lon="120.620370"><ele>783.6</ele></trkpt>
      <trkpt lat="-8.687707" lon="120.620085"><ele>786.9</ele></trkpt>
      <trkpt lat="-8.687259" lon="120.619845"><ele>789.5</ele></trkpt>
      <trkpt lat="-8.687180" lon="120.619241"><ele>797.2</ele></trkpt>
      <trkpt lat="-8.686798" lon="120.618853"><ele>817.0</ele></trkpt>
      <trkpt lat="-8.685863" lon="120.618498"><ele>806.2</ele></trkpt>
      <trkpt lat="-8.685676" lon="120.618352"><ele>805.9</ele></trkpt>
      <trkpt lat="-8.684705" lon="120.618104"><ele>801.2</ele></trkpt>
      <trkpt lat="-8.683787" lon="120.617522"><ele>816.2</ele></trkpt>
      <trkpt lat="-8.683166" lon="120.617305"><ele>819.4</ele></trkpt>
      <trkpt lat="-8.682499" lon="120.616687"><ele>820.7</ele></trkpt>
      <trkpt lat="-8.682394" lon="120.615889"><ele>823.2</ele></trkpt>
      <trkpt lat="-8.682270" lon="120.615779"><ele>820.3</ele></trkpt>
      <trkpt lat="-8.681968" lon="120.615994"><ele>819.4</ele></trkpt>
      <trkpt lat="-8.681763" lon="120.616314"><ele>819.6</ele></trkpt>
      <trkpt lat="-8.681674" lon="120.616604"><ele>814.4</ele></trkpt>
      <trkpt lat="-8.681412" lon="120.616784"><ele>828.4</ele></trkpt>
      <trkpt lat="-8.681202" lon="120.617200"><ele>834.1</ele></trkpt>
      <trkpt lat="-8.681191" lon="120.617754"><ele>840.0</ele></trkpt>
      <trkpt lat="-8.681498" lon="120.617927"><ele>837.5</ele></trkpt>
      <trkpt lat="-8.681246" lon="120.618216"><ele>838.6</ele></trkpt>
      <trkpt lat="-8.681210" lon="120.619154"><ele>816.9</ele></trkpt>
      <trkpt lat="-8.681126" lon="120.619139"><ele>816.6</ele></trkpt>
      <trkpt lat="-8.681019" lon="120.618781"><ele>820.6</ele></trkpt>
      <trkpt lat="-8.680775" lon="120.618502"><ele>824.1</ele></trkpt>
      <trkpt lat="-8.679273" lon="120.618724"><ele>796.8</ele></trkpt>
      <trkpt lat="-8.678958" lon="120.618512"><ele>804.9</ele></trkpt>
      <trkpt lat="-8.678728" lon="120.618469"><ele>805.4</ele></trkpt>
      <trkpt lat="-8.677362" lon="120.618734"><ele>775.3</ele></trkpt>
      <trkpt lat="-8.677274" lon="120.618645"><ele>779.0</ele></trkpt>
      <trkpt lat="-8.677224" lon="120.618272"><ele>795.3</ele></trkpt>
      <trkpt lat="-8.676927" lon="120.618131"><ele>794.8</ele></trkpt>
      <trkpt lat="-8.676430" lon="120.618644"><ele>793.0</ele></trkpt>
      <trkpt lat="-8.676309" lon="120.619001"><ele>792.2</ele></trkpt>
      <trkpt lat="-8.675874" lon="120.619207"><ele>805.1</ele></trkpt>
      <trkpt lat="-8.675526" lon="120.619864"><ele>805.6</ele></trkpt>
      <trkpt lat="-8.675660" lon="120.620205"><ele>802.2</ele></trkpt>
      <trkpt lat="-8.675579" lon="120.620374"><ele>801.9</ele></trkpt>
      <trkpt lat="-8.674969" lon="120.620040"><ele>816.8</ele></trkpt>
      <trkpt lat="-8.674828" lon="120.619857"><ele>823.1</ele></trkpt>
      <trkpt lat="-8.674605" lon="120.619802"><ele>824.5</ele></trkpt>
      <trkpt lat="-8.674052" lon="120.619490"><ele>833.7</ele></trkpt>
      <trkpt lat="-8.673759" lon="120.619468"><ele>833.9</ele></trkpt>
      <trkpt lat="-8.673624" lon="120.619081"><ele>842.4</ele></trkpt>
      <trkpt lat="-8.673515" lon="120.618966"><ele>843.5</ele></trkpt>
      <trkpt lat="-8.672828" lon="120.618999"><ele>844.8</ele></trkpt>
      <trkpt lat="-8.672308" lon="120.618894"><ele>847.9</ele></trkpt>
      <trkpt lat="-8.672159" lon="120.619173"><ele>843.9</ele></trkpt>
      <trkpt lat="-8.671801" lon="120.619462"><ele>852.1</ele></trkpt>
      <trkpt lat="-8.671966" lon="120.620461"><ele>865.4</ele></trkpt>
      <trkpt lat="-8.671764" lon="120.621528"><ele>868.6</ele></trkpt>
      <trkpt lat="-8.672077" lon="120.621893"><ele>856.8</ele></trkpt>
      <trkpt lat="-8.672094" lon="120.622018"><ele>858.6</ele></trkpt>
      <trkpt lat="-8.671981" lon="120.622191"><ele>869.8</ele></trkpt>
      <trkpt lat="-8.671608" lon="120.622245"><ele>876.4</ele></trkpt>
      <trkpt lat="-8.671342" lon="120.622477"><ele>877.9</ele></trkpt>
      <trkpt lat="-8.671303" lon="120.622618"><ele>878.6</ele></trkpt>
      <trkpt lat="-8.671375" lon="120.622941"><ele>876.6</ele></trkpt>
      <trkpt lat="-8.671273" lon="120.623157"><ele>878.8</ele></trkpt>
      <trkpt lat="-8.670867" lon="120.623278"><ele>885.0</ele></trkpt>
      <trkpt lat="-8.670582" lon="120.623580"><ele>872.2</ele></trkpt>
      <trkpt lat="-8.670359" lon="120.623534"><ele>873.3</ele></trkpt>
      <trkpt lat="-8.670004" lon="120.623603"><ele>870.3</ele></trkpt>
      <trkpt lat="-8.669386" lon="120.623396"><ele>873.6</ele></trkpt>
      <trkpt lat="-8.669170" lon="120.623508"><ele>868.6</ele></trkpt>
      <trkpt lat="-8.668637" lon="120.623448"><ele>889.8</ele></trkpt>
      <trkpt lat="-8.668384" lon="120.623499"><ele>894.9</ele></trkpt>
      <trkpt lat="-8.667677" lon="120.623757"><ele>903.2</ele></trkpt>
      <trkpt lat="-8.667231" lon="120.624252"><ele>899.2</ele></trkpt>
      <trkpt lat="-8.666994" lon="120.624331"><ele>901.9</ele></trkpt>
      <trkpt lat="-8.666376" lon="120.624261"><ele>914.5</ele></trkpt>
      <trkpt lat="-8.666376" lon="120.624188"><ele>918.2</ele></trkpt>
      <trkpt lat="-8.666763" lon="120.624066"><ele>918.8</ele></trkpt>
      <trkpt lat="-8.666714" lon="120.623973"><ele>925.1</ele></trkpt>
      <trkpt lat="-8.665838" lon="120.623764"><ele>938.1</ele></trkpt>
      <trkpt lat="-8.664570" lon="120.623719"><ele>993.9</ele></trkpt>
      <trkpt lat="-8.664489" lon="120.623820"><ele>996.8</ele></trkpt>
      <trkpt lat="-8.664358" lon="120.624590"><ele>978.3</ele></trkpt>
      <trkpt lat="-8.663612" lon="120.625289"><ele>989.7</ele></trkpt>
      <trkpt lat="-8.663468" lon="120.625477"><ele>992.1</ele></trkpt>
      <trkpt lat="-8.663418" lon="120.625754"><ele>989.0</ele></trkpt>
      <trkpt lat="-8.663157" lon="120.625622"><ele>1008.4</ele></trkpt>
      <trkpt lat="-8.663040" lon="120.625650"><ele>1015.8</ele></trkpt>
      <trkpt lat="-8.662804" lon="120.625918"><ele>1018.7</ele></trkpt>
      <trkpt lat="-8.662677" lon="120.626193"><ele>1016.2</ele></trkpt>
      <trkpt lat="-8.662131" lon="120.626684"><ele>1022.8</ele></trkpt>
      <trkpt lat="-8.661863" lon="120.626677"><ele>1025.4</ele></trkpt>
      <trkpt lat="-8.661532" lon="120.626566"><ele>1035.7</ele></trkpt>
      <trkpt lat="-8.660696" lon="120.626178"><ele>1046.9</ele></trkpt>
      <trkpt lat="-8.659861" lon="120.626069"><ele>1076.9</ele></trkpt>
      <trkpt lat="-8.658763" lon="120.626165"><ele>1086.2</ele></trkpt>
      <trkpt lat="-8.658151" lon="120.626570"><ele>1084.1</ele></trkpt>
      <trkpt lat="-8.656984" lon="120.626342"><ele>1106.7</ele></trkpt>
      <trkpt lat="-8.655485" lon="120.626384"><ele>1121.3</ele></trkpt>
      <trkpt lat="-8.655132" lon="120.626300"><ele>1120.6</ele></trkpt>
      <trkpt lat="-8.654566" lon="120.625862"><ele>1134.6</ele></trkpt>
      <trkpt lat="-8.653843" lon="120.625808"><ele>1134.6</ele></trkpt>
      <trkpt lat="-8.653448" lon="120.625601"><ele>1138.6</ele></trkpt>
      <trkpt lat="-8.653129" lon="120.625606"><ele>1133.5</ele></trkpt>
      <trkpt lat="-8.652393" lon="120.625337"><ele>1137.2</ele></trkpt>
      <trkpt lat="-8.652292" lon="120.624989"><ele>1156.8</ele></trkpt>
      <trkpt lat="-8.651957" lon="120.624685"><ele>1163.4</ele></trkpt>
      <trkpt lat="-8.651312" lon="120.624660"><ele>1155.3</ele></trkpt>
      <trkpt lat="-8.650780" lon="120.624871"><ele>1138.7</ele></trkpt>
      <trkpt lat="-8.650503" lon="120.624767"><ele>1139.6</ele></trkpt>
      <trkpt lat="-8.650248" lon="120.624495"><ele>1150.9</ele></trkpt>
      <trkpt lat="-8.649845" lon="120.624458"><ele>1147.3</ele></trkpt>
      <trkpt lat="-8.648961" lon="120.624730"><ele>1137.9</ele></trkpt>
      <trkpt lat="-8.648735" lon="120.624932"><ele>1137.8</ele></trkpt>
      <trkpt lat="-8.648432" lon="120.625073"><ele>1141.7</ele></trkpt>
      <trkpt lat="-8.648173" lon="120.625340"><ele>1141.7</ele></trkpt>
      <trkpt lat="-8.647894" lon="120.625250"><ele>1146.8</ele></trkpt>
      <trkpt lat="-8.647806" lon="120.625288"><ele>1146.8</ele></trkpt>
      <trkpt lat="-8.647743" lon="120.625499"><ele>1145.3</ele></trkpt>
      <trkpt lat="-8.647772" lon="120.625970"><ele>1145.8</ele></trkpt>
      <trkpt lat="-8.647836" lon="120.626171"><ele>1146.2</ele></trkpt>
      <trkpt lat="-8.647993" lon="120.626348"><ele>1146.9</ele></trkpt>
      <trkpt lat="-8.647947" lon="120.626569"><ele>1155.9</ele></trkpt>
      <trkpt lat="-8.647677" lon="120.626387"><ele>1159.2</ele></trkpt>
      <trkpt lat="-8.647274" lon="120.626332"><ele>1171.3</ele></trkpt>
      <trkpt lat="-8.647093" lon="120.626575"><ele>1174.8</ele></trkpt>
      <trkpt lat="-8.647104" lon="120.626864"><ele>1179.1</ele></trkpt>
      <trkpt lat="-8.646814" lon="120.627093"><ele>1186.6</ele></trkpt>
      <trkpt lat="-8.646540" lon="120.627157"><ele>1194.0</ele></trkpt>
      <trkpt lat="-8.645966" lon="120.627032"><ele>1203.7</ele></trkpt>
      <trkpt lat="-8.645502" lon="120.626752"><ele>1211.8</ele></trkpt>
      <trkpt lat="-8.645368" lon="120.626764"><ele>1216.9</ele></trkpt>
      <trkpt lat="-8.645274" lon="120.627470"><ele>1226.9</ele></trkpt>
      <trkpt lat="-8.645381" lon="120.627661"><ele>1227.1</ele></trkpt>
      <trkpt lat="-8.645386" lon="120.627851"><ele>1229.4</ele></trkpt>
      <trkpt lat="-8.645281" lon="120.628137"><ele>1231.9</ele></trkpt>
      <trkpt lat="-8.644018" lon="120.629422"><ele>1240.6</ele></trkpt>
      <trkpt lat="-8.643970" lon="120.629982"><ele>1244.6</ele></trkpt>
      <trkpt lat="-8.643831" lon="120.630391"><ele>1246.1</ele></trkpt>
      <trkpt lat="-8.643339" lon="120.631054"><ele>1259.0</ele></trkpt>
      <trkpt lat="-8.642308" lon="120.631502"><ele>1272.0</ele></trkpt>
      <trkpt lat="-8.642330" lon="120.631619"><ele>1269.9</ele></trkpt>
      <trkpt lat="-8.642738" lon="120.631735"><ele>1263.4</ele></trkpt>
      <trkpt lat="-8.642729" lon="120.631823"><ele>1264.9</ele></trkpt>
      <trkpt lat="-8.642323" lon="120.632198"><ele>1278.1</ele></trkpt>
      <trkpt lat="-8.641949" lon="120.632232"><ele>1280.8</ele></trkpt>
      <trkpt lat="-8.641721" lon="120.632190"><ele>1279.7</ele></trkpt>
      <trkpt lat="-8.640760" lon="120.631451"><ele>1289.4</ele></trkpt>
      <trkpt lat="-8.640647" lon="120.631261"><ele>1295.0</ele></trkpt>
      <trkpt lat="-8.640455" lon="120.630447"><ele>1306.1</ele></trkpt>
      <trkpt lat="-8.639879" lon="120.630381"><ele>1313.2</ele></trkpt>
      <trkpt lat="-8.639719" lon="120.630185"><ele>1319.4</ele></trkpt>
      <trkpt lat="-8.640307" lon="120.628854"><ele>1319.9</ele></trkpt>
      <trkpt lat="-8.640809" lon="120.627451"><ele>1311.4</ele></trkpt>
      <trkpt lat="-8.641329" lon="120.626610"><ele>1305.9</ele></trkpt>
      <trkpt lat="-8.641451" lon="120.626235"><ele>1298.6</ele></trkpt>
      <trkpt lat="-8.641365" lon="120.626136"><ele>1300.5</ele></trkpt>
      <trkpt lat="-8.640935" lon="120.626089"><ele>1318.5</ele></trkpt>
      <trkpt lat="-8.640845" lon="120.625894"><ele>1316.2</ele></trkpt>
      <trkpt lat="-8.641186" lon="120.625513"><ele>1305.3</ele></trkpt>
      <trkpt lat="-8.641526" lon="120.624143"><ele>1295.3</ele></trkpt>
      <trkpt lat="-8.641082" lon="120.623788"><ele>1305.2</ele></trkpt>
      <trkpt lat="-8.640614" lon="120.623013"><ele>1301.8</ele></trkpt>
      <trkpt lat="-8.640140" lon="120.623054"><ele>1304.9</ele></trkpt>
      <trkpt lat="-8.639494" lon="120.622734"><ele>1307.5</ele></trkpt>
      <trkpt lat="-8.639389" lon="120.622848"><ele>1308.6</ele></trkpt>
      <trkpt lat="-8.639316" lon="120.623307"><ele>1313.8</ele></trkpt>
      <trkpt lat="-8.639235" lon="120.623398"><ele>1312.5</ele></trkpt>
      <trkpt lat="-8.638972" lon="120.623480"><ele>1307.5</ele></trkpt>
      <trkpt lat="-8.638702" lon="120.623360"><ele>1299.9</ele></trkpt>
      <trkpt lat="-8.638594" lon="120.623403"><ele>1298.8</ele></trkpt>
      <trkpt lat="-8.638382" lon="120.624058"><ele>1310.4</ele></trkpt>
      <trkpt lat="-8.638175" lon="120.624132"><ele>1308.8</ele></trkpt>
      <trkpt lat="-8.637875" lon="120.624068"><ele>1303.5</ele></trkpt>
      <trkpt lat="-8.637583" lon="120.624101"><ele>1302.9</ele></trkpt>
      <trkpt lat="-8.637066" lon="120.623562"><ele>1295.5</ele></trkpt>
      <trkpt lat="-8.637048" lon="120.623379"><ele>1295.5</ele></trkpt>
      <trkpt lat="-8.637188" lon="120.623059"><ele>1295.5</ele></trkpt>
      <trkpt lat="-8.636768" lon="120.622492"><ele>1317.3</ele></trkpt>
      <trkpt lat="-8.636240" lon="120.622333"><ele>1315.4</ele></trkpt>
      <trkpt lat="-8.635837" lon="120.622029"><ele>1314.9</ele></trkpt>
      <trkpt lat="-8.635455" lon="120.621604"><ele>1326.4</ele></trkpt>
      <trkpt lat="-8.635099" lon="120.621519"><ele>1328.7</ele></trkpt>
      <trkpt lat="-8.634867" lon="120.621193"><ele>1330.3</ele></trkpt>
      <trkpt lat="-8.634382" lon="120.621003"><ele>1337.7</ele></trkpt>
      <trkpt lat="-8.633980" lon="120.620746"><ele>1342.8</ele></trkpt>
      <trkpt lat="-8.633192" lon="120.620518"><ele>1360.6</ele></trkpt>
      <trkpt lat="-8.632729" lon="120.620526"><ele>1370.3</ele></trkpt>
      <trkpt lat="-8.632459" lon="120.620647"><ele>1375.9</ele></trkpt>
      <trkpt lat="-8.632147" lon="120.621064"><ele>1377.3</ele></trkpt>
      <trkpt lat="-8.631033" lon="120.621050"><ele>1393.3</ele></trkpt>
      <trkpt lat="-8.630679" lon="120.621194"><ele>1392.0</ele></trkpt>
      <trkpt lat="-8.630234" lon="120.620857"><ele>1410.3</ele></trkpt>
      <trkpt lat="-8.629671" lon="120.620785"><ele>1428.7</ele></trkpt>
      <trkpt lat="-8.629614" lon="120.620708"><ele>1433.2</ele></trkpt>
      <trkpt lat="-8.629930" lon="120.620443"><ele>1436.2</ele></trkpt>
      <trkpt lat="-8.630600" lon="120.620246"><ele>1427.6</ele></trkpt>
      <trkpt lat="-8.630644" lon="120.620074"><ele>1425.0</ele></trkpt>
      <trkpt lat="-8.630533" lon="120.619994"><ele>1426.8</ele></trkpt>
      <trkpt lat="-8.629363" lon="120.620047"><ele>1459.1</ele></trkpt>
      <trkpt lat="-8.628674" lon="120.620439"><ele>1471.0</ele></trkpt>
      <trkpt lat="-8.628437" lon="120.619967"><ele>1474.4</ele></trkpt>
      <trkpt lat="-8.628236" lon="120.619946"><ele>1477.1</ele></trkpt>
      <trkpt lat="-8.627971" lon="120.620040"><ele>1477.2</ele></trkpt>
      <trkpt lat="-8.627844" lon="120.619922"><ele>1480.0</ele></trkpt>
      <trkpt lat="-8.627808" lon="120.619402"><ele>1485.5</ele></trkpt>
      <trkpt lat="-8.628013" lon="120.618924"><ele>1492.2</ele></trkpt>
      <trkpt lat="-8.627739" lon="120.618366"><ele>1496.7</ele></trkpt>
      <trkpt lat="-8.627369" lon="120.617938"><ele>1499.0</ele></trkpt>
      <trkpt lat="-8.627022" lon="120.616759"><ele>1515.2</ele></trkpt>
      <trkpt lat="-8.626856" lon="120.616801"><ele>1513.2</ele></trkpt>
      <trkpt lat="-8.626382" lon="120.617378"><ele>1529.4</ele></trkpt>
      <trkpt lat="-8.625761" lon="120.617532"><ele>1527.7</ele></trkpt>
      <trkpt lat="-8.624946" lon="120.617616"><ele>1529.1</ele></trkpt>
      <trkpt lat="-8.624358" lon="120.617908"><ele>1527.6</ele></trkpt>
      <trkpt lat="-8.623118" lon="120.618842"><ele>1518.5</ele></trkpt>
      <trkpt lat="-8.622888" lon="120.619120"><ele>1518.6</ele></trkpt>
      <trkpt lat="-8.622589" lon="120.619222"><ele>1513.7</ele></trkpt>
      <trkpt lat="-8.622328" lon="120.619543"><ele>1516.6</ele></trkpt>
      <trkpt lat="-8.621969" lon="120.619582"><ele>1507.2</ele></trkpt>
      <trkpt lat="-8.621706" lon="120.619490"><ele>1499.4</ele></trkpt>
      <trkpt lat="-8.621820" lon="120.619835"><ele>1507.2</ele></trkpt>
      <trkpt lat="-8.621638" lon="120.620020"><ele>1506.0</ele></trkpt>
      <trkpt lat="-8.621123" lon="120.619438"><ele>1493.1</ele></trkpt>
      <trkpt lat="-8.620977" lon="120.618866"><ele>1492.3</ele></trkpt>
      <trkpt lat="-8.620329" lon="120.618456"><ele>1490.4</ele></trkpt>
      <trkpt lat="-8.619936" lon="120.617574"><ele>1493.3</ele></trkpt>
      <trkpt lat="-8.619141" lon="120.617104"><ele>1487.7</ele></trkpt>
      <trkpt lat="-8.618622" lon="120.616297"><ele>1476.8</ele></trkpt>
      <trkpt lat="-8.617951" lon="120.616500"><ele>1483.9</ele></trkpt>
      <trkpt lat="-8.617496" lon="120.616544"><ele>1476.5</ele></trkpt>
      <trkpt lat="-8.617084" lon="120.616744"><ele>1476.6</ele></trkpt>
      <trkpt lat="-8.617012" lon="120.616842"><ele>1477.6</ele></trkpt>
      <trkpt lat="-8.616993" lon="120.617298"><ele>1492.1</ele></trkpt>
      <trkpt lat="-8.616609" lon="120.617429"><ele>1484.0</ele></trkpt>
      <trkpt lat="-8.616086" lon="120.617260"><ele>1475.8</ele></trkpt>
      <trkpt lat="-8.615925" lon="120.617272"><ele>1477.0</ele></trkpt>
      <trkpt lat="-8.615599" lon="120.617663"><ele>1489.9</ele></trkpt>
      <trkpt lat="-8.615316" lon="120.617637"><ele>1496.1</ele></trkpt>
      <trkpt lat="-8.615172" lon="120.617527"><ele>1489.2</ele></trkpt>
      <trkpt lat="-8.614990" lon="120.617211"><ele>1479.0</ele></trkpt>
      <trkpt lat="-8.614266" lon="120.616839"><ele>1478.7</ele></trkpt>
      <trkpt lat="-8.614121" lon="120.616868"><ele>1480.5</ele></trkpt>
      <trkpt lat="-8.614024" lon="120.617089"><ele>1485.4</ele></trkpt>
      <trkpt lat="-8.613894" lon="120.617079"><ele>1487.8</ele></trkpt>
      <trkpt lat="-8.613782" lon="120.616842"><ele>1489.3</ele></trkpt>
      <trkpt lat="-8.613557" lon="120.616606"><ele>1494.5</ele></trkpt>
      <trkpt lat="-8.613463" lon="120.616221"><ele>1491.5</ele></trkpt>
      <trkpt lat="-8.613112" lon="120.616345"><ele>1497.3</ele></trkpt>
      <trkpt lat="-8.612976" lon="120.616325"><ele>1500.3</ele></trkpt>
      <trkpt lat="-8.612816" lon="120.616080"><ele>1498.9</ele></trkpt>
      <trkpt lat="-8.612849" lon="120.615742"><ele>1496.9</ele></trkpt>
      <trkpt lat="-8.612737" lon="120.615758"><ele>1498.7</ele></trkpt>
      <trkpt lat="-8.612362" lon="120.616059"><ele>1510.5</ele></trkpt>
      <trkpt lat="-8.611814" lon="120.616055"><ele>1515.3</ele></trkpt>
      <trkpt lat="-8.611377" lon="120.616380"><ele>1528.3</ele></trkpt>
      <trkpt lat="-8.611299" lon="120.616309"><ele>1530.3</ele></trkpt>
      <trkpt lat="-8.611233" lon="120.615810"><ele>1534.0</ele></trkpt>
      <trkpt lat="-8.610648" lon="120.615100"><ele>1534.8</ele></trkpt>
      <trkpt lat="-8.610126" lon="120.615092"><ele>1539.7</ele></trkpt>
      <trkpt lat="-8.609751" lon="120.614950"><ele>1538.8</ele></trkpt>
      <trkpt lat="-8.609482" lon="120.614731"><ele>1534.2</ele></trkpt>
      <trkpt lat="-8.608027" lon="120.614154"><ele>1537.8</ele></trkpt>
      <trkpt lat="-8.607787" lon="120.614220"><ele>1538.8</ele></trkpt>
      <trkpt lat="-8.607345" lon="120.614203"><ele>1541.3</ele></trkpt>
      <trkpt lat="-8.606967" lon="120.613916"><ele>1549.5</ele></trkpt>
      <trkpt lat="-8.606773" lon="120.613371"><ele>1553.8</ele></trkpt>
      <trkpt lat="-8.606586" lon="120.613065"><ele>1555.3</ele></trkpt>
      <trkpt lat="-8.606160" lon="120.612715"><ele>1560.5</ele></trkpt>
      <trkpt lat="-8.606065" lon="120.612369"><ele>1564.8</ele></trkpt>
      <trkpt lat="-8.606159" lon="120.611990"><ele>1567.3</ele></trkpt>
      <trkpt lat="-8.606099" lon="120.611813"><ele>1571.0</ele></trkpt>
      <trkpt lat="-8.605650" lon="120.611745"><ele>1577.8</ele></trkpt>
      <trkpt lat="-8.605411" lon="120.611582"><ele>1585.5</ele></trkpt>
      <trkpt lat="-8.605261" lon="120.611763"><ele>1588.1</ele></trkpt>
      <trkpt lat="-8.605112" lon="120.611678"><ele>1594.3</ele></trkpt>
      <trkpt lat="-8.605040" lon="120.611461"><ele>1597.2</ele></trkpt>
      <trkpt lat="-8.605218" lon="120.611178"><ele>1593.8</ele></trkpt>
      <trkpt lat="-8.605248" lon="120.610925"><ele>1593.0</ele></trkpt>
      <trkpt lat="-8.604872" lon="120.610692"><ele>1587.4</ele></trkpt>
      <trkpt lat="-8.604740" lon="120.610761"><ele>1590.0</ele></trkpt>
      <trkpt lat="-8.604604" lon="120.611021"><ele>1596.3</ele></trkpt>
      <trkpt lat="-8.604108" lon="120.611614"><ele>1606.7</ele></trkpt>
      <trkpt lat="-8.603805" lon="120.611775"><ele>1603.2</ele></trkpt>
      <trkpt lat="-8.603552" lon="120.612234"><ele>1614.2</ele></trkpt>
      <trkpt lat="-8.602902" lon="120.612676"><ele>1616.0</ele></trkpt>
      <trkpt lat="-8.602470" lon="120.612744"><ele>1620.5</ele></trkpt>
      <trkpt lat="-8.602135" lon="120.612648"><ele>1620.2</ele></trkpt>
      <trkpt lat="-8.601702" lon="120.611984"><ele>1620.6</ele></trkpt>
      <trkpt lat="-8.601206" lon="120.611396"><ele>1622.5</ele></trkpt>
      <trkpt lat="-8.600861" lon="120.611317"><ele>1630.9</ele></trkpt>
      <trkpt lat="-8.600555" lon="120.611114"><ele>1632.1</ele></trkpt>
      <trkpt lat="-8.600256" lon="120.611036"><ele>1636.3</ele></trkpt>
      <trkpt lat="-8.600027" lon="120.610653"><ele>1633.3</ele></trkpt>
      <trkpt lat="-8.599825" lon="120.610868"><ele>1640.9</ele></trkpt>
      <trkpt lat="-8.598836" lon="120.611093"><ele>1637.5</ele></trkpt>
      <trkpt lat="-8.598489" lon="120.611510"><ele>1635.9</ele></trkpt>
      <trkpt lat="-8.598382" lon="120.612163"><ele>1634.6</ele></trkpt>
      <trkpt lat="-8.597856" lon="120.612938"><ele>1641.4</ele></trkpt>
      <trkpt lat="-8.597579" lon="120.613030"><ele>1639.3</ele></trkpt>
      <trkpt lat="-8.597450" lon="120.613255"><ele>1643.5</ele></trkpt>
      <trkpt lat="-8.597155" lon="120.613160"><ele>1637.4</ele></trkpt>
      <trkpt lat="-8.596816" lon="120.613211"><ele>1634.2</ele></trkpt>
      <trkpt lat="-8.596351" lon="120.613154"><ele>1638.1</ele></trkpt>
      <trkpt lat="-8.596160" lon="120.612952"><ele>1635.1</ele></trkpt>
      <trkpt lat="-8.595792" lon="120.612921"><ele>1636.9</ele></trkpt>
      <trkpt lat="-8.595528" lon="120.612750"><ele>1635.7</ele></trkpt>
      <trkpt lat="-8.594999" lon="120.612765"><ele>1648.3</ele></trkpt>
      <trkpt lat="-8.594504" lon="120.612652"><ele>1649.0</ele></trkpt>
      <trkpt lat="-8.594199" lon="120.612358"><ele>1640.7</ele></trkpt>
      <trkpt lat="-8.593894" lon="120.612262"><ele>1642.5</ele></trkpt>
      <trkpt lat="-8.593696" lon="120.611852"><ele>1631.8</ele></trkpt>
      <trkpt lat="-8.593412" lon="120.611715"><ele>1634.3</ele></trkpt>
      <trkpt lat="-8.593060" lon="120.611306"><ele>1629.6</ele></trkpt>
      <trkpt lat="-8.592671" lon="120.611332"><ele>1628.3</ele></trkpt>
      <trkpt lat="-8.592104" lon="120.611142"><ele>1622.9</ele></trkpt>
      <trkpt lat="-8.591228" lon="120.611080"><ele>1621.7</ele></trkpt>
      <trkpt lat="-8.590995" lon="120.610708"><ele>1613.8</ele></trkpt>
      <trkpt lat="-8.590673" lon="120.610556"><ele>1606.8</ele></trkpt>
      <trkpt lat="-8.590112" lon="120.610007"><ele>1603.3</ele></trkpt>
      <trkpt lat="-8.590062" lon="120.609712"><ele>1605.0</ele></trkpt>
      <trkpt lat="-8.589921" lon="120.609483"><ele>1606.5</ele></trkpt>
      <trkpt lat="-8.589287" lon="120.609530"><ele>1610.5</ele></trkpt>
      <trkpt lat="-8.588812" lon="120.609646"><ele>1612.4</ele></trkpt>
      <trkpt lat="-8.588308" lon="120.609905"><ele>1617.9</ele></trkpt>
      <trkpt lat="-8.587735" lon="120.609772"><ele>1622.7</ele></trkpt>
      <trkpt lat="-8.587457" lon="120.609302"><ele>1624.7</ele></trkpt>
      <trkpt lat="-8.586401" lon="120.609211"><ele>1620.3</ele></trkpt>
      <trkpt lat="-8.586081" lon="120.609038"><ele>1617.8</ele></trkpt>
      <trkpt lat="-8.585990" lon="120.608590"><ele>1616.1</ele></trkpt>
      <trkpt lat="-8.585705" lon="120.608278"><ele>1614.4</ele></trkpt>
      <trkpt lat="-8.585236" lon="120.607946"><ele>1609.5</ele></trkpt>
      <trkpt lat="-8.585147" lon="120.607737"><ele>1608.2</ele></trkpt>
      <trkpt lat="-8.584704" lon="120.607203"><ele>1601.9</ele></trkpt>
      <trkpt lat="-8.584629" lon="120.606822"><ele>1599.8</ele></trkpt>
      <trkpt lat="-8.584731" lon="120.606233"><ele>1594.8</ele></trkpt>
      <trkpt lat="-8.584544" lon="120.605875"><ele>1591.6</ele></trkpt>
      <trkpt lat="-8.583971" lon="120.605219"><ele>1585.8</ele></trkpt>
      <trkpt lat="-8.583791" lon="120.604839"><ele>1581.7</ele></trkpt>
      <trkpt lat="-8.583563" lon="120.604671"><ele>1578.7</ele></trkpt>
      <trkpt lat="-8.583265" lon="120.604691"><ele>1575.9</ele></trkpt>
      <trkpt lat="-8.582365" lon="120.605108"><ele>1566.0</ele></trkpt>
      <trkpt lat="-8.582238" lon="120.605061"><ele>1562.2</ele></trkpt>
      <trkpt lat="-8.582118" lon="120.604674"><ele>1558.0</ele></trkpt>
      <trkpt lat="-8.581896" lon="120.604608"><ele>1552.4</ele></trkpt>
      <trkpt lat="-8.580549" lon="120.604960"><ele>1539.0</ele></trkpt>
      <trkpt lat="-8.580162" lon="120.604501"><ele>1526.0</ele></trkpt>
      <trkpt lat="-8.579652" lon="120.604087"><ele>1513.0</ele></trkpt>
      <trkpt lat="-8.578951" lon="120.603756"><ele>1507.4</ele></trkpt>
      <trkpt lat="-8.578875" lon="120.603818"><ele>1506.8</ele></trkpt>
      <trkpt lat="-8.578634" lon="120.604574"><ele>1492.1</ele></trkpt>
      <trkpt lat="-8.578442" lon="120.604912"><ele>1487.2</ele></trkpt>
      <trkpt lat="-8.578330" lon="120.604917"><ele>1485.5</ele></trkpt>
      <trkpt lat="-8.578188" lon="120.604607"><ele>1483.9</ele></trkpt>
      <trkpt lat="-8.577919" lon="120.604442"><ele>1475.1</ele></trkpt>
      <trkpt lat="-8.577851" lon="120.603974"><ele>1479.7</ele></trkpt>
      <trkpt lat="-8.577539" lon="120.603747"><ele>1470.5</ele></trkpt>
      <trkpt lat="-8.577302" lon="120.603117"><ele>1462.0</ele></trkpt>
      <trkpt lat="-8.577398" lon="120.602510"><ele>1460.8</ele></trkpt>
      <trkpt lat="-8.577311" lon="120.602375"><ele>1457.6</ele></trkpt>
      <trkpt lat="-8.576835" lon="120.602032"><ele>1438.4</ele></trkpt>
      <trkpt lat="-8.576835" lon="120.601298"><ele>1424.4</ele></trkpt>
      <trkpt lat="-8.576728" lon="120.601060"><ele>1419.6</ele></trkpt>
      <trkpt lat="-8.575273" lon="120.600545"><ele>1418.9</ele></trkpt>
      <trkpt lat="-8.575098" lon="120.600148"><ele>1415.6</ele></trkpt>
      <trkpt lat="-8.574682" lon="120.600019"><ele>1420.4</ele></trkpt>
      <trkpt lat="-8.573775" lon="120.599495"><ele>1421.6</ele></trkpt>
      <trkpt lat="-8.573612" lon="120.598960"><ele>1427.0</ele></trkpt>
      <trkpt lat="-8.573178" lon="120.598577"><ele>1426.9</ele></trkpt>
      <trkpt lat="-8.572827" lon="120.598517"><ele>1417.7</ele></trkpt>
      <trkpt lat="-8.572266" lon="120.598854"><ele>1420.8</ele></trkpt>
      <trkpt lat="-8.571800" lon="120.598727"><ele>1425.0</ele></trkpt>
      <trkpt lat="-8.571299" lon="120.598391"><ele>1444.7</ele></trkpt>
      <trkpt lat="-8.571033" lon="120.598342"><ele>1450.6</ele></trkpt>
      <trkpt lat="-8.570524" lon="120.598434"><ele>1445.8</ele></trkpt>
      <trkpt lat="-8.570203" lon="120.598644"><ele>1431.3</ele></trkpt>
      <trkpt lat="-8.569942" lon="120.598642"><ele>1426.0</ele></trkpt>
      <trkpt lat="-8.569859" lon="120.598599"><ele>1424.1</ele></trkpt>
      <trkpt lat="-8.569726" lon="120.598301"><ele>1435.5</ele></trkpt>
      <trkpt lat="-8.569587" lon="120.598216"><ele>1432.6</ele></trkpt>
      <trkpt lat="-8.568618" lon="120.598012"><ele>1400.2</ele></trkpt>
      <trkpt lat="-8.568603" lon="120.597841"><ele>1399.8</ele></trkpt>
      <trkpt lat="-8.569878" lon="120.596937"><ele>1433.0</ele></trkpt>
      <trkpt lat="-8.569721" lon="120.596554"><ele>1416.7</ele></trkpt>
      <trkpt lat="-8.569858" lon="120.595768"><ele>1416.4</ele></trkpt>
      <trkpt lat="-8.569790" lon="120.595640"><ele>1415.7</ele></trkpt>
      <trkpt lat="-8.569201" lon="120.595582"><ele>1398.4</ele></trkpt>
      <trkpt lat="-8.569086" lon="120.595468"><ele>1395.1</ele></trkpt>
      <trkpt lat="-8.569005" lon="120.594798"><ele>1389.8</ele></trkpt>
      <trkpt lat="-8.569126" lon="120.594304"><ele>1390.6</ele></trkpt>
      <trkpt lat="-8.569043" lon="120.594142"><ele>1386.1</ele></trkpt>
      <trkpt lat="-8.568837" lon="120.594022"><ele>1380.3</ele></trkpt>
      <trkpt lat="-8.568523" lon="120.594309"><ele>1378.3</ele></trkpt>
      <trkpt lat="-8.568313" lon="120.594290"><ele>1377.9</ele></trkpt>
      <trkpt lat="-8.568185" lon="120.594478"><ele>1377.0</ele></trkpt>
      <trkpt lat="-8.568166" lon="120.594662"><ele>1377.1</ele></trkpt>
      <trkpt lat="-8.568312" lon="120.595639"><ele>1372.0</ele></trkpt>
      <trkpt lat="-8.567934" lon="120.596095"><ele>1360.4</ele></trkpt>
      <trkpt lat="-8.567942" lon="120.596509"><ele>1349.2</ele></trkpt>
      <trkpt lat="-8.568126" lon="120.596747"><ele>1349.5</ele></trkpt>
      <trkpt lat="-8.568125" lon="120.596893"><ele>1350.2</ele></trkpt>
      <trkpt lat="-8.567766" lon="120.597079"><ele>1343.8</ele></trkpt>
      <trkpt lat="-8.567432" lon="120.597434"><ele>1338.7</ele></trkpt>
      <trkpt lat="-8.567078" lon="120.597972"><ele>1339.6</ele></trkpt>
      <trkpt lat="-8.566680" lon="120.598325"><ele>1330.3</ele></trkpt>
      <trkpt lat="-8.566747" lon="120.598608"><ele>1332.4</ele></trkpt>
      <trkpt lat="-8.567164" lon="120.598951"><ele>1335.7</ele></trkpt>
      <trkpt lat="-8.567922" lon="120.599292"><ele>1331.2</ele></trkpt>
      <trkpt lat="-8.568197" lon="120.599303"><ele>1333.4</ele></trkpt>
      <trkpt lat="-8.568209" lon="120.599377"><ele>1331.0</ele></trkpt>
      <trkpt lat="-8.567431" lon="120.599279"><ele>1328.2</ele></trkpt>
      <trkpt lat="-8.567165" lon="120.599388"><ele>1321.5</ele></trkpt>
      <trkpt lat="-8.566553" lon="120.599479"><ele>1318.8</ele></trkpt>
      <trkpt lat="-8.566272" lon="120.599611"><ele>1318.0</ele></trkpt>
      <trkpt lat="-8.565897" lon="120.599937"><ele>1311.6</ele></trkpt>
      <trkpt lat="-8.565602" lon="120.600312"><ele>1304.4</ele></trkpt>
      <trkpt lat="-8.565373" lon="120.600767"><ele>1293.7</ele></trkpt>
      <trkpt lat="-8.565488" lon="120.601105"><ele>1290.6</ele></trkpt>
      <trkpt lat="-8.565452" lon="120.601890"><ele>1281.7</ele></trkpt>
      <trkpt lat="-8.565509" lon="120.602170"><ele>1282.1</ele></trkpt>
      <trkpt lat="-8.565433" lon="120.602462"><ele>1282.0</ele></trkpt>
      <trkpt lat="-8.565596" lon="120.602705"><ele>1285.8</ele></trkpt>
      <trkpt lat="-8.566207" lon="120.603094"><ele>1276.1</ele></trkpt>
      <trkpt lat="-8.566391" lon="120.603301"><ele>1271.5</ele></trkpt>
      <trkpt lat="-8.566663" lon="120.603353"><ele>1268.4</ele></trkpt>
      <trkpt lat="-8.567163" lon="120.603194"><ele>1259.7</ele></trkpt>
      <trkpt lat="-8.567694" lon="120.602854"><ele>1256.3</ele></trkpt>
      <trkpt lat="-8.567978" lon="120.602770"><ele>1256.2</ele></trkpt>
      <trkpt lat="-8.568159" lon="120.602474"><ele>1259.0</ele></trkpt>
      <trkpt lat="-8.568388" lon="120.602603"><ele>1252.8</ele></trkpt>
      <trkpt lat="-8.568615" lon="120.602455"><ele>1253.2</ele></trkpt>
      <trkpt lat="-8.568860" lon="120.602870"><ele>1240.3</ele></trkpt>
      <trkpt lat="-8.568855" lon="120.603178"><ele>1231.5</ele></trkpt>
      <trkpt lat="-8.568655" lon="120.603194"><ele>1229.0</ele></trkpt>
      <trkpt lat="-8.568566" lon="120.602924"><ele>1238.7</ele></trkpt>
      <trkpt lat="-8.568491" lon="120.602903"><ele>1241.2</ele></trkpt>
      <trkpt lat="-8.568082" lon="120.603325"><ele>1229.1</ele></trkpt>
      <trkpt lat="-8.568104" lon="120.603721"><ele>1221.0</ele></trkpt>
      <trkpt lat="-8.567956" lon="120.604073"><ele>1218.3</ele></trkpt>
      <trkpt lat="-8.567481" lon="120.604532"><ele>1205.7</ele></trkpt>
      <trkpt lat="-8.567595" lon="120.604822"><ele>1196.9</ele></trkpt>
      <trkpt lat="-8.567518" lon="120.605051"><ele>1193.8</ele></trkpt>
      <trkpt lat="-8.567389" lon="120.605058"><ele>1193.6</ele></trkpt>
      <trkpt lat="-8.567076" lon="120.604911"><ele>1192.0</ele></trkpt>
      <trkpt lat="-8.566950" lon="120.604699"><ele>1192.3</ele></trkpt>
      <trkpt lat="-8.566859" lon="120.604676"><ele>1194.2</ele></trkpt>
      <trkpt lat="-8.566105" lon="120.605024"><ele>1179.7</ele></trkpt>
      <trkpt lat="-8.565485" lon="120.605415"><ele>1174.4</ele></trkpt>
      <trkpt lat="-8.564607" lon="120.605692"><ele>1168.4</ele></trkpt>
      <trkpt lat="-8.564424" lon="120.605848"><ele>1166.5</ele></trkpt>
      <trkpt lat="-8.564356" lon="120.606193"><ele>1159.6</ele></trkpt>
      <trkpt lat="-8.564509" lon="120.606399"><ele>1158.3</ele></trkpt>
      <trkpt lat="-8.564500" lon="120.606483"><ele>1155.6</ele></trkpt>
      <trkpt lat="-8.564325" lon="120.606613"><ele>1152.3</ele></trkpt>
      <trkpt lat="-8.564145" lon="120.606968"><ele>1146.7</ele></trkpt>
      <trkpt lat="-8.563842" lon="120.607026"><ele>1151.0</ele></trkpt>
      <trkpt lat="-8.564051" lon="120.607184"><ele>1142.2</ele></trkpt>
      <trkpt lat="-8.564400" lon="120.607084"><ele>1139.2</ele></trkpt>
      <trkpt lat="-8.564444" lon="120.607129"><ele>1137.0</ele></trkpt>
      <trkpt lat="-8.564329" lon="120.607380"><ele>1130.5</ele></trkpt>
      <trkpt lat="-8.564469" lon="120.608071"><ele>1115.7</ele></trkpt>
      <trkpt lat="-8.564446" lon="120.608582"><ele>1106.4</ele></trkpt>
      <trkpt lat="-8.564393" lon="120.608708"><ele>1104.2</ele></trkpt>
      <trkpt lat="-8.564155" lon="120.608883"><ele>1101.8</ele></trkpt>
      <trkpt lat="-8.564128" lon="120.609046"><ele>1098.9</ele></trkpt>
      <trkpt lat="-8.564284" lon="120.609269"><ele>1096.6</ele></trkpt>
      <trkpt lat="-8.564571" lon="120.609306"><ele>1096.5</ele></trkpt>
      <trkpt lat="-8.564621" lon="120.609654"><ele>1092.0</ele></trkpt>
      <trkpt lat="-8.564075" lon="120.610428"><ele>1080.4</ele></trkpt>
      <trkpt lat="-8.563902" lon="120.610325"><ele>1078.1</ele></trkpt>
      <trkpt lat="-8.563470" lon="120.610317"><ele>1072.9</ele></trkpt>
      <trkpt lat="-8.563250" lon="120.610055"><ele>1068.0</ele></trkpt>
      <trkpt lat="-8.563057" lon="120.609664"><ele>1065.7</ele></trkpt>
      <trkpt lat="-8.562488" lon="120.609998"><ele>1061.0</ele></trkpt>
      <trkpt lat="-8.562351" lon="120.610337"><ele>1058.9</ele></trkpt>
      <trkpt lat="-8.562169" lon="120.610403"><ele>1057.5</ele></trkpt>
      <trkpt lat="-8.561978" lon="120.610694"><ele>1050.2</ele></trkpt>
      <trkpt lat="-8.561601" lon="120.610439"><ele>1045.4</ele></trkpt>
      <trkpt lat="-8.561383" lon="120.610542"><ele>1043.0</ele></trkpt>
      <trkpt lat="-8.561092" lon="120.610330"><ele>1043.5</ele></trkpt>
      <trkpt lat="-8.560712" lon="120.610511"><ele>1038.1</ele></trkpt>
      <trkpt lat="-8.560508" lon="120.610021"><ele>1033.7</ele></trkpt>
      <trkpt lat="-8.560572" lon="120.609699"><ele>1035.2</ele></trkpt>
      <trkpt lat="-8.560387" lon="120.609571"><ele>1038.5</ele></trkpt>
      <trkpt lat="-8.560213" lon="120.609970"><ele>1034.2</ele></trkpt>
      <trkpt lat="-8.559887" lon="120.610150"><ele>1034.3</ele></trkpt>
      <trkpt lat="-8.559345" lon="120.610821"><ele>1020.8</ele></trkpt>
      <trkpt lat="-8.558233" lon="120.611828"><ele>1011.8</ele></trkpt>
      <trkpt lat="-8.557959" lon="120.612215"><ele>1002.0</ele></trkpt>
      <trkpt lat="-8.557876" lon="120.612524"><ele>990.3</ele></trkpt>
      <trkpt lat="-8.557377" lon="120.612855"><ele>993.8</ele></trkpt>
      <trkpt lat="-8.557257" lon="120.613202"><ele>984.7</ele></trkpt>
      <trkpt lat="-8.556707" lon="120.613268"><ele>989.6</ele></trkpt>
      <trkpt lat="-8.556459" lon="120.613632"><ele>985.9</ele></trkpt>
      <trkpt lat="-8.556354" lon="120.613682"><ele>987.5</ele></trkpt>
      <trkpt lat="-8.555018" lon="120.614000"><ele>1015.7</ele></trkpt>
      <trkpt lat="-8.554887" lon="120.613882"><ele>1017.8</ele></trkpt>
      <trkpt lat="-8.554652" lon="120.613824"><ele>1015.3</ele></trkpt>
      <trkpt lat="-8.554380" lon="120.614092"><ele>1010.3</ele></trkpt>
      <trkpt lat="-8.553937" lon="120.614281"><ele>1007.8</ele></trkpt>
      <trkpt lat="-8.553284" lon="120.614964"><ele>1007.5</ele></trkpt>
      <trkpt lat="-8.553174" lon="120.615302"><ele>1012.0</ele></trkpt>
      <trkpt lat="-8.553575" lon="120.616655"><ele>1027.6</ele></trkpt>
      <trkpt lat="-8.553643" lon="120.617512"><ele>1018.6</ele></trkpt>
      <trkpt lat="-8.553826" lon="120.617683"><ele>1018.1</ele></trkpt>
      <trkpt lat="-8.554158" lon="120.617828"><ele>1018.0</ele></trkpt>
      <trkpt lat="-8.554295" lon="120.618005"><ele>1017.7</ele></trkpt>
      <trkpt lat="-8.554309" lon="120.618255"><ele>1017.6</ele></trkpt>
      <trkpt lat="-8.553535" lon="120.618100"><ele>1020.1</ele></trkpt>
      <trkpt lat="-8.553370" lon="120.618245"><ele>1020.2</ele></trkpt>
      <trkpt lat="-8.552721" lon="120.618500"><ele>1017.2</ele></trkpt>
      <trkpt lat="-8.552725" lon="120.619742"><ele>996.8</ele></trkpt>
      <trkpt lat="-8.552352" lon="120.621122"><ele>972.8</ele></trkpt>
      <trkpt lat="-8.553370" lon="120.621264"><ele>974.8</ele></trkpt>
      <trkpt lat="-8.553731" lon="120.621462"><ele>964.5</ele></trkpt>
      <trkpt lat="-8.554198" lon="120.621402"><ele>975.1</ele></trkpt>
      <trkpt lat="-8.553750" lon="120.621643"><ele>956.6</ele></trkpt>
      <trkpt lat="-8.553095" lon="120.621784"><ele>956.1</ele></trkpt>
      <trkpt lat="-8.553138" lon="120.622130"><ele>949.1</ele></trkpt>
      <trkpt lat="-8.552037" lon="120.622996"><ele>943.8</ele></trkpt>
      <trkpt lat="-8.551910" lon="120.623293"><ele>937.7</ele></trkpt>
      <trkpt lat="-8.551990" lon="120.623851"><ele>927.0</ele></trkpt>
      <trkpt lat="-8.551574" lon="120.624433"><ele>933.7</ele></trkpt>
      <trkpt lat="-8.551505" lon="120.624690"><ele>932.0</ele></trkpt>
      <trkpt lat="-8.551149" lon="120.624750"><ele>936.0</ele></trkpt>
      <trkpt lat="-8.550843" lon="120.625148"><ele>925.7</ele></trkpt>
      <trkpt lat="-8.550516" lon="120.625299"><ele>923.4</ele></trkpt>
      <trkpt lat="-8.550284" lon="120.625511"><ele>914.9</ele></trkpt>
      <trkpt lat="-8.549954" lon="120.625505"><ele>915.6</ele></trkpt>
      <trkpt lat="-8.549872" lon="120.625812"><ele>907.0</ele></trkpt>
      <trkpt lat="-8.549637" lon="120.625895"><ele>906.0</ele></trkpt>
      <trkpt lat="-8.549065" lon="120.626363"><ele>894.2</ele></trkpt>
      <trkpt lat="-8.549083" lon="120.626618"><ele>891.0</ele></trkpt>
      <trkpt lat="-8.548708" lon="120.626836"><ele>886.7</ele></trkpt>
      <trkpt lat="-8.548660" lon="120.627104"><ele>884.2</ele></trkpt>
      <trkpt lat="-8.548494" lon="120.627415"><ele>879.1</ele></trkpt>
      <trkpt lat="-8.548231" lon="120.627843"><ele>876.9</ele></trkpt>
      <trkpt lat="-8.547957" lon="120.628094"><ele>877.1</ele></trkpt>
      <trkpt lat="-8.548040" lon="120.628740"><ele>872.5</ele></trkpt>
      <trkpt lat="-8.548191" lon="120.628970"><ele>867.7</ele></trkpt>
      <trkpt lat="-8.548195" lon="120.629115"><ele>866.1</ele></trkpt>
      <trkpt lat="-8.547730" lon="120.629098"><ele>876.1</ele></trkpt>
      <trkpt lat="-8.547454" lon="120.629359"><ele>874.7</ele></trkpt>
      <trkpt lat="-8.547168" lon="120.629352"><ele>873.2</ele></trkpt>
      <trkpt lat="-8.546541" lon="120.629582"><ele>856.1</ele></trkpt>
      <trkpt lat="-8.546205" lon="120.629887"><ele>851.2</ele></trkpt>
      <trkpt lat="-8.545833" lon="120.630516"><ele>859.9</ele></trkpt>
      <trkpt lat="-8.545124" lon="120.630843"><ele>848.6</ele></trkpt>
      <trkpt lat="-8.544751" lon="120.631307"><ele>851.0</ele></trkpt>
      <trkpt lat="-8.544769" lon="120.631404"><ele>851.6</ele></trkpt>
      <trkpt lat="-8.544996" lon="120.631623"><ele>849.3</ele></trkpt>
      <trkpt lat="-8.545337" lon="120.631338"><ele>849.8</ele></trkpt>
      <trkpt lat="-8.545539" lon="120.631330"><ele>847.3</ele></trkpt>
      <trkpt lat="-8.546175" lon="120.631877"><ele>835.4</ele></trkpt>
      <trkpt lat="-8.546474" lon="120.632302"><ele>830.5</ele></trkpt>
      <trkpt lat="-8.546580" lon="120.632694"><ele>818.6</ele></trkpt>
      <trkpt lat="-8.546791" lon="120.632688"><ele>821.9</ele></trkpt>
      <trkpt lat="-8.546859" lon="120.632782"><ele>820.5</ele></trkpt>
      <trkpt lat="-8.546684" lon="120.632999"><ele>814.5</ele></trkpt>
      <trkpt lat="-8.546571" lon="120.633030"><ele>812.2</ele></trkpt>
      <trkpt lat="-8.546265" lon="120.632439"><ele>822.7</ele></trkpt>
      <trkpt lat="-8.546090" lon="120.632336"><ele>822.3</ele></trkpt>
      <trkpt lat="-8.545948" lon="120.632353"><ele>821.5</ele></trkpt>
      <trkpt lat="-8.546010" lon="120.632662"><ele>817.9</ele></trkpt>
      <trkpt lat="-8.545918" lon="120.633428"><ele>806.4</ele></trkpt>
      <trkpt lat="-8.545561" lon="120.633851"><ele>797.0</ele></trkpt>
      <trkpt lat="-8.545248" lon="120.634457"><ele>785.6</ele></trkpt>
      <trkpt lat="-8.545495" lon="120.635608"><ele>782.9</ele></trkpt>
      <trkpt lat="-8.545241" lon="120.636366"><ele>775.1</ele></trkpt>
      <trkpt lat="-8.544921" lon="120.637017"><ele>760.3</ele></trkpt>
      <trkpt lat="-8.545083" lon="120.637284"><ele>759.6</ele></trkpt>
      <trkpt lat="-8.545443" lon="120.637586"><ele>755.8</ele></trkpt>
      <trkpt lat="-8.545543" lon="120.637952"><ele>757.6</ele></trkpt>
      <trkpt lat="-8.545463" lon="120.637974"><ele>757.3</ele></trkpt>
      <trkpt lat="-8.545222" lon="120.637651"><ele>757.5</ele></trkpt>
      <trkpt lat="-8.544664" lon="120.637466"><ele>756.3</ele></trkpt>
      <trkpt lat="-8.544128" lon="120.637466"><ele>741.6</ele></trkpt>
      <trkpt lat="-8.543883" lon="120.637664"><ele>733.0</ele></trkpt>
      <trkpt lat="-8.543794" lon="120.637657"><ele>732.0</ele></trkpt>
      <trkpt lat="-8.543647" lon="120.637186"><ele>732.4</ele></trkpt>
      <trkpt lat="-8.543835" lon="120.636663"><ele>733.5</ele></trkpt>
      <trkpt lat="-8.542968" lon="120.636568"><ele>715.3</ele></trkpt>
      <trkpt lat="-8.542924" lon="120.636060"><ele>717.7</ele></trkpt>
      <trkpt lat="-8.542817" lon="120.635945"><ele>715.2</ele></trkpt>
      <trkpt lat="-8.542348" lon="120.636009"><ele>710.8</ele></trkpt>
      <trkpt lat="-8.542104" lon="120.636288"><ele>707.5</ele></trkpt>
      <trkpt lat="-8.541855" lon="120.636437"><ele>706.5</ele></trkpt>
      <trkpt lat="-8.541522" lon="120.637292"><ele>695.4</ele></trkpt>
      <trkpt lat="-8.541282" lon="120.637343"><ele>696.4</ele></trkpt>
      <trkpt lat="-8.540896" lon="120.637833"><ele>687.7</ele></trkpt>
      <trkpt lat="-8.540791" lon="120.637821"><ele>687.4</ele></trkpt>
      <trkpt lat="-8.540526" lon="120.637546"><ele>687.8</ele></trkpt>
      <trkpt lat="-8.540331" lon="120.637466"><ele>686.9</ele></trkpt>
      <trkpt lat="-8.539861" lon="120.637796"><ele>676.1</ele></trkpt>
      <trkpt lat="-8.539526" lon="120.637653"><ele>670.8</ele></trkpt>
      <trkpt lat="-8.539428" lon="120.637186"><ele>669.2</ele></trkpt>
      <trkpt lat="-8.539271" lon="120.636897"><ele>661.0</ele></trkpt>
      <trkpt lat="-8.539551" lon="120.636254"><ele>664.6</ele></trkpt>
      <trkpt lat="-8.539520" lon="120.636139"><ele>664.1</ele></trkpt>
      <trkpt lat="-8.539291" lon="120.636212"><ele>658.7</ele></trkpt>
      <trkpt lat="-8.538610" lon="120.636790"><ele>648.9</ele></trkpt>
      <trkpt lat="-8.538116" lon="120.636663"><ele>646.4</ele></trkpt>
      <trkpt lat="-8.538140" lon="120.636342"><ele>645.2</ele></trkpt>
      <trkpt lat="-8.538077" lon="120.636290"><ele>643.2</ele></trkpt>
      <trkpt lat="-8.537856" lon="120.636489"><ele>642.7</ele></trkpt>
      <trkpt lat="-8.537600" lon="120.636585"><ele>638.6</ele></trkpt>
      <trkpt lat="-8.537092" lon="120.636482"><ele>629.2</ele></trkpt>
      <trkpt lat="-8.536925" lon="120.636718"><ele>630.3</ele></trkpt>
      <trkpt lat="-8.536431" lon="120.636520"><ele>620.7</ele></trkpt>
      <trkpt lat="-8.535925" lon="120.636546"><ele>615.1</ele></trkpt>
      <trkpt lat="-8.536316" lon="120.637439"><ele>614.2</ele></trkpt>
      <trkpt lat="-8.536287" lon="120.638111"><ele>606.2</ele></trkpt>
      <trkpt lat="-8.536092" lon="120.638309"><ele>598.7</ele></trkpt>
      <trkpt lat="-8.535904" lon="120.638739"><ele>593.6</ele></trkpt>
      <trkpt lat="-8.535385" lon="120.639238"><ele>579.4</ele></trkpt>
      <trkpt lat="-8.534784" lon="120.639171"><ele>570.6</ele></trkpt>
      <trkpt lat="-8.534673" lon="120.638844"><ele>565.5</ele></trkpt>
      <trkpt lat="-8.534510" lon="120.639104"><ele>562.6</ele></trkpt>
      <trkpt lat="-8.534564" lon="120.639449"><ele>567.3</ele></trkpt>
      <trkpt lat="-8.534433" lon="120.639833"><ele>573.1</ele></trkpt>
      <trkpt lat="-8.534715" lon="120.640049"><ele>572.5</ele></trkpt>
      <trkpt lat="-8.534690" lon="120.640684"><ele>576.7</ele></trkpt>
      <trkpt lat="-8.534818" lon="120.641002"><ele>577.5</ele></trkpt>
      <trkpt lat="-8.534540" lon="120.642412"><ele>602.1</ele></trkpt>
      <trkpt lat="-8.534560" lon="120.642641"><ele>602.9</ele></trkpt>
      <trkpt lat="-8.534163" lon="120.643400"><ele>622.6</ele></trkpt>
      <trkpt lat="-8.534283" lon="120.644004"><ele>622.5</ele></trkpt>
      <trkpt lat="-8.533790" lon="120.644414"><ele>635.9</ele></trkpt>
      <trkpt lat="-8.533364" lon="120.644924"><ele>649.2</ele></trkpt>
      <trkpt lat="-8.533250" lon="120.645238"><ele>647.1</ele></trkpt>
      <trkpt lat="-8.532869" lon="120.645476"><ele>654.6</ele></trkpt>
      <trkpt lat="-8.532666" lon="120.645511"><ele>659.9</ele></trkpt>
      <trkpt lat="-8.532408" lon="120.645418"><ele>668.3</ele></trkpt>
      <trkpt lat="-8.531982" lon="120.645833"><ele>673.6</ele></trkpt>
      <trkpt lat="-8.531885" lon="120.645766"><ele>674.9</ele></trkpt>
      <trkpt lat="-8.531851" lon="120.645441"><ele>680.0</ele></trkpt>
      <trkpt lat="-8.531413" lon="120.645176"><ele>693.6</ele></trkpt>
      <trkpt lat="-8.531211" lon="120.645279"><ele>692.3</ele></trkpt>
      <trkpt lat="-8.530867" lon="120.645686"><ele>693.3</ele></trkpt>
      <trkpt lat="-8.530576" lon="120.645791"><ele>701.4</ele></trkpt>
      <trkpt lat="-8.530497" lon="120.645998"><ele>700.0</ele></trkpt>
      <trkpt lat="-8.530504" lon="120.646273"><ele>692.3</ele></trkpt>
      <trkpt lat="-8.530306" lon="120.646733"><ele>691.7</ele></trkpt>
      <trkpt lat="-8.530175" lon="120.647321"><ele>694.2</ele></trkpt>
      <trkpt lat="-8.529719" lon="120.648053"><ele>708.1</ele></trkpt>
      <trkpt lat="-8.528824" lon="120.648926"><ele>729.6</ele></trkpt>
      <trkpt lat="-8.528849" lon="120.649208"><ele>732.5</ele></trkpt>
      <trkpt lat="-8.529079" lon="120.649530"><ele>730.9</ele></trkpt>
      <trkpt lat="-8.529102" lon="120.649676"><ele>730.7</ele></trkpt>
      <trkpt lat="-8.528605" lon="120.650411"><ele>756.1</ele></trkpt>
      <trkpt lat="-8.528618" lon="120.650752"><ele>757.8</ele></trkpt>
      <trkpt lat="-8.528537" lon="120.650903"><ele>760.5</ele></trkpt>
      <trkpt lat="-8.528837" lon="120.651176"><ele>755.4</ele></trkpt>
      <trkpt lat="-8.528830" lon="120.651269"><ele>756.2</ele></trkpt>
      <trkpt lat="-8.528688" lon="120.651376"><ele>759.5</ele></trkpt>
      <trkpt lat="-8.528531" lon="120.651217"><ele>761.6</ele></trkpt>
      <trkpt lat="-8.528375" lon="120.651184"><ele>765.0</ele></trkpt>
      <trkpt lat="-8.528228" lon="120.651559"><ele>771.1</ele></trkpt>
      <trkpt lat="-8.528015" lon="120.651755"><ele>779.5</ele></trkpt>
      <trkpt lat="-8.527857" lon="120.651772"><ele>784.1</ele></trkpt>
      <trkpt lat="-8.527766" lon="120.651594"><ele>785.2</ele></trkpt>
      <trkpt lat="-8.527275" lon="120.651476"><ele>796.6</ele></trkpt>
      <trkpt lat="-8.526927" lon="120.650912"><ele>796.2</ele></trkpt>
      <trkpt lat="-8.526577" lon="120.650809"><ele>800.0</ele></trkpt>
      <trkpt lat="-8.526542" lon="120.651959"><ele>805.8</ele></trkpt>
      <trkpt lat="-8.526619" lon="120.652376"><ele>809.0</ele></trkpt>
      <trkpt lat="-8.526619" lon="120.652996"><ele>811.5</ele></trkpt>
      <trkpt lat="-8.527083" lon="120.653960"><ele>806.0</ele></trkpt>
      <trkpt lat="-8.527293" lon="120.654193"><ele>800.8</ele></trkpt>
      <trkpt lat="-8.527120" lon="120.654404"><ele>806.1</ele></trkpt>
      <trkpt lat="-8.527023" lon="120.654782"><ele>804.9</ele></trkpt>
      <trkpt lat="-8.527044" lon="120.655181"><ele>797.9</ele></trkpt>
      <trkpt lat="-8.526832" lon="120.655603"><ele>791.5</ele></trkpt>
      <trkpt lat="-8.526954" lon="120.656020"><ele>790.2</ele></trkpt>
      <trkpt lat="-8.526946" lon="120.656584"><ele>787.7</ele></trkpt>
      <trkpt lat="-8.527011" lon="120.656735"><ele>788.7</ele></trkpt>
      <trkpt lat="-8.527382" lon="120.657093"><ele>792.2</ele></trkpt>
      <trkpt lat="-8.527679" lon="120.657207"><ele>792.1</ele></trkpt>
      <trkpt lat="-8.527753" lon="120.657465"><ele>792.0</ele></trkpt>
      <trkpt lat="-8.527726" lon="120.657795"><ele>792.2</ele></trkpt>
      <trkpt lat="-8.528111" lon="120.658330"><ele>804.5</ele></trkpt>
      <trkpt lat="-8.527983" lon="120.658744"><ele>821.7</ele></trkpt>
      <trkpt lat="-8.528059" lon="120.658753"><ele>822.2</ele></trkpt>
      <trkpt lat="-8.528190" lon="120.658605"><ele>816.2</ele></trkpt>
      <trkpt lat="-8.528576" lon="120.658694"><ele>827.1</ele></trkpt>
      <trkpt lat="-8.529013" lon="120.658600"><ele>824.7</ele></trkpt>
      <trkpt lat="-8.529554" lon="120.659136"><ele>832.4</ele></trkpt>
      <trkpt lat="-8.529810" lon="120.659292"><ele>835.8</ele></trkpt>
      <trkpt lat="-8.529998" lon="120.659796"><ele>846.1</ele></trkpt>
      <trkpt lat="-8.530569" lon="120.660110"><ele>844.3</ele></trkpt>
      <trkpt lat="-8.531007" lon="120.659853"><ele>849.7</ele></trkpt>
      <trkpt lat="-8.531655" lon="120.659814"><ele>858.9</ele></trkpt>
      <trkpt lat="-8.532464" lon="120.659392"><ele>859.5</ele></trkpt>
      <trkpt lat="-8.532718" lon="120.659358"><ele>861.5</ele></trkpt>
      <trkpt lat="-8.533169" lon="120.659628"><ele>861.8</ele></trkpt>
      <trkpt lat="-8.534075" lon="120.659644"><ele>848.6</ele></trkpt>
      <trkpt lat="-8.534327" lon="120.659500"><ele>844.8</ele></trkpt>
      <trkpt lat="-8.534960" lon="120.659450"><ele>834.6</ele></trkpt>
      <trkpt lat="-8.536009" lon="120.659888"><ele>826.5</ele></trkpt>
      <trkpt lat="-8.536322" lon="120.660192"><ele>841.5</ele></trkpt>
      <trkpt lat="-8.536360" lon="120.660578"><ele>850.5</ele></trkpt>
      <trkpt lat="-8.536820" lon="120.660078"><ele>860.3</ele></trkpt>
      <trkpt lat="-8.536982" lon="120.660062"><ele>868.1</ele></trkpt>
      <trkpt lat="-8.537002" lon="120.660154"><ele>872.1</ele></trkpt>
      <trkpt lat="-8.536850" lon="120.660453"><ele>871.3</ele></trkpt>
      <trkpt lat="-8.536871" lon="120.660660"><ele>876.9</ele></trkpt>
      <trkpt lat="-8.536952" lon="120.660686"><ele>881.0</ele></trkpt>
      <trkpt lat="-8.537135" lon="120.660433"><ele>883.7</ele></trkpt>
      <trkpt lat="-8.537356" lon="120.660702"><ele>888.2</ele></trkpt>
      <trkpt lat="-8.537000" lon="120.661316"><ele>890.2</ele></trkpt>
      <trkpt lat="-8.536935" lon="120.661549"><ele>894.2</ele></trkpt>
      <trkpt lat="-8.537300" lon="120.662535"><ele>910.6</ele></trkpt>
      <trkpt lat="-8.537658" lon="120.662738"><ele>910.6</ele></trkpt>
      <trkpt lat="-8.538071" lon="120.663270"><ele>926.0</ele></trkpt>
      <trkpt lat="-8.538325" lon="120.663207"><ele>915.7</ele></trkpt>
      <trkpt lat="-8.538517" lon="120.663595"><ele>929.4</ele></trkpt>
      <trkpt lat="-8.538752" lon="120.663570"><ele>930.2</ele></trkpt>
      <trkpt lat="-8.538815" lon="120.663385"><ele>925.3</ele></trkpt>
      <trkpt lat="-8.539018" lon="120.663277"><ele>928.7</ele></trkpt>
      <trkpt lat="-8.539033" lon="120.662848"><ele>927.5</ele></trkpt>
      <trkpt lat="-8.539123" lon="120.662744"><ele>930.2</ele></trkpt>
      <trkpt lat="-8.539976" lon="120.663259"><ele>940.0</ele></trkpt>
      <trkpt lat="-8.540223" lon="120.663698"><ele>941.3</ele></trkpt>
      <trkpt lat="-8.540256" lon="120.663942"><ele>942.6</ele></trkpt>
      <trkpt lat="-8.539765" lon="120.664560"><ele>953.9</ele></trkpt>
      <trkpt lat="-8.539792" lon="120.664857"><ele>959.2</ele></trkpt>
      <trkpt lat="-8.539677" lon="120.665233"><ele>968.9</ele></trkpt>
      <trkpt lat="-8.539383" lon="120.664927"><ele>968.7</ele></trkpt>
      <trkpt lat="-8.539231" lon="120.664979"><ele>973.8</ele></trkpt>
      <trkpt lat="-8.539104" lon="120.665744"><ele>985.0</ele></trkpt>
      <trkpt lat="-8.538894" lon="120.665953"><ele>993.8</ele></trkpt>
      <trkpt lat="-8.539043" lon="120.666119"><ele>996.5</ele></trkpt>
      <trkpt lat="-8.539107" lon="120.666407"><ele>1004.5</ele></trkpt>
      <trkpt lat="-8.538757" lon="120.666419"><ele>1009.5</ele></trkpt>
      <trkpt lat="-8.538127" lon="120.666652"><ele>1020.4</ele></trkpt>
      <trkpt lat="-8.537439" lon="120.666503"><ele>1027.9</ele></trkpt>
      <trkpt lat="-8.537225" lon="120.666674"><ele>1032.2</ele></trkpt>
      <trkpt lat="-8.537210" lon="120.666786"><ele>1035.5</ele></trkpt>
      <trkpt lat="-8.537585" lon="120.667196"><ele>1044.4</ele></trkpt>
      <trkpt lat="-8.537607" lon="120.667361"><ele>1045.6</ele></trkpt>
      <trkpt lat="-8.537068" lon="120.667734"><ele>1049.2</ele></trkpt>
      <trkpt lat="-8.536535" lon="120.668223"><ele>1056.9</ele></trkpt>
      <trkpt lat="-8.535830" lon="120.669349"><ele>1068.1</ele></trkpt>
      <trkpt lat="-8.535865" lon="120.669910"><ele>1066.4</ele></trkpt>
      <trkpt lat="-8.536198" lon="120.671250"><ele>1066.9</ele></trkpt>
      <trkpt lat="-8.536144" lon="120.671777"><ele>1065.8</ele></trkpt>
      <trkpt lat="-8.535697" lon="120.672687"><ele>1061.9</ele></trkpt>
      <trkpt lat="-8.535273" lon="120.673305"><ele>1057.6</ele></trkpt>
      <trkpt lat="-8.534703" lon="120.674908"><ele>1033.4</ele></trkpt>
      <trkpt lat="-8.533997" lon="120.675845"><ele>1014.0</ele></trkpt>
      <trkpt lat="-8.533652" lon="120.676764"><ele>1011.0</ele></trkpt>
      <trkpt lat="-8.532875" lon="120.677614"><ele>1002.4</ele></trkpt>
      <trkpt lat="-8.532854" lon="120.678916"><ele>984.8</ele></trkpt>
      <trkpt lat="-8.532302" lon="120.679659"><ele>976.6</ele></trkpt>
      <trkpt lat="-8.532257" lon="120.679881"><ele>975.7</ele></trkpt>
      <trkpt lat="-8.532310" lon="120.680108"><ele>972.9</ele></trkpt>
      <trkpt lat="-8.532971" lon="120.681299"><ele>956.2</ele></trkpt>
      <trkpt lat="-8.532908" lon="120.681991"><ele>956.0</ele></trkpt>
      <trkpt lat="-8.532187" lon="120.683736"><ele>944.1</ele></trkpt>
      <trkpt lat="-8.531377" lon="120.686508"><ele>909.9</ele></trkpt>
      <trkpt lat="-8.531543" lon="120.686804"><ele>906.8</ele></trkpt>
      <trkpt lat="-8.531849" lon="120.686819"><ele>907.6</ele></trkpt>
      <trkpt lat="-8.532538" lon="120.686158"><ele>895.9</ele></trkpt>
      <trkpt lat="-8.532703" lon="120.686116"><ele>892.0</ele></trkpt>
      <trkpt lat="-8.532398" lon="120.686644"><ele>892.3</ele></trkpt>
      <trkpt lat="-8.532435" lon="120.686985"><ele>889.5</ele></trkpt>
      <trkpt lat="-8.532794" lon="120.687646"><ele>874.2</ele></trkpt>
      <trkpt lat="-8.532815" lon="120.687887"><ele>870.4</ele></trkpt>
      <trkpt lat="-8.532736" lon="120.688057"><ele>866.9</ele></trkpt>
      <trkpt lat="-8.532489" lon="120.688141"><ele>867.8</ele></trkpt>
      <trkpt lat="-8.531593" lon="120.688070"><ele>866.6</ele></trkpt>
      <trkpt lat="-8.530798" lon="120.687878"><ele>861.7</ele></trkpt>
      <trkpt lat="-8.530592" lon="120.688018"><ele>861.9</ele></trkpt>
      <trkpt lat="-8.530701" lon="120.688239"><ele>862.1</ele></trkpt>
      <trkpt lat="-8.530973" lon="120.688502"><ele>858.5</ele></trkpt>
      <trkpt lat="-8.530965" lon="120.688974"><ele>861.6</ele></trkpt>
      <trkpt lat="-8.531355" lon="120.689476"><ele>854.6</ele></trkpt>
      <trkpt lat="-8.531273" lon="120.689552"><ele>855.7</ele></trkpt>
      <trkpt lat="-8.530896" lon="120.689584"><ele>864.0</ele></trkpt>
      <trkpt lat="-8.530717" lon="120.689695"><ele>865.5</ele></trkpt>
      <trkpt lat="-8.530741" lon="120.690833"><ele>872.3</ele></trkpt>
      <trkpt lat="-8.530320" lon="120.691095"><ele>879.9</ele></trkpt>
      <trkpt lat="-8.530460" lon="120.691432"><ele>873.8</ele></trkpt>
      <trkpt lat="-8.530489" lon="120.692120"><ele>865.1</ele></trkpt>
      <trkpt lat="-8.530687" lon="120.692932"><ele>865.0</ele></trkpt>
      <trkpt lat="-8.530655" lon="120.693150"><ele>865.0</ele></trkpt>
      <trkpt lat="-8.529494" lon="120.693524"><ele>878.3</ele></trkpt>
      <trkpt lat="-8.529701" lon="120.693936"><ele>863.2</ele></trkpt>
      <trkpt lat="-8.529634" lon="120.694382"><ele>863.6</ele></trkpt>
      <trkpt lat="-8.529920" lon="120.695133"><ele>861.7</ele></trkpt>
      <trkpt lat="-8.529948" lon="120.695464"><ele>857.5</ele></trkpt>
      <trkpt lat="-8.529883" lon="120.695694"><ele>857.7</ele></trkpt>
      <trkpt lat="-8.529574" lon="120.695986"><ele>869.8</ele></trkpt>
      <trkpt lat="-8.529325" lon="120.696089"><ele>877.1</ele></trkpt>
      <trkpt lat="-8.529104" lon="120.696079"><ele>879.2</ele></trkpt>
      <trkpt lat="-8.528333" lon="120.695612"><ele>876.8</ele></trkpt>
      <trkpt lat="-8.528242" lon="120.695253"><ele>880.2</ele></trkpt>
      <trkpt lat="-8.528123" lon="120.695209"><ele>880.5</ele></trkpt>
      <trkpt lat="-8.527704" lon="120.695542"><ele>875.0</ele></trkpt>
      <trkpt lat="-8.527562" lon="120.695791"><ele>867.6</ele></trkpt>
      <trkpt lat="-8.527274" lon="120.695610"><ele>870.9</ele></trkpt>
      <trkpt lat="-8.527124" lon="120.695615"><ele>869.5</ele></trkpt>
      <trkpt lat="-8.526896" lon="120.696201"><ele>856.2</ele></trkpt>
      <trkpt lat="-8.526776" lon="120.696274"><ele>854.6</ele></trkpt>
      <trkpt lat="-8.526325" lon="120.695906"><ele>850.5</ele></trkpt>
      <trkpt lat="-8.526227" lon="120.695724"><ele>852.7</ele></trkpt>
      <trkpt lat="-8.525761" lon="120.695475"><ele>852.9</ele></trkpt>
      <trkpt lat="-8.525665" lon="120.695495"><ele>852.0</ele></trkpt>
      <trkpt lat="-8.525403" lon="120.695809"><ele>840.6</ele></trkpt>
      <trkpt lat="-8.525041" lon="120.695533"><ele>841.8</ele></trkpt>
      <trkpt lat="-8.524880" lon="120.695263"><ele>837.8</ele></trkpt>
      <trkpt lat="-8.524641" lon="120.695297"><ele>831.6</ele></trkpt>
      <trkpt lat="-8.524326" lon="120.695077"><ele>835.3</ele></trkpt>
      <trkpt lat="-8.524078" lon="120.695361"><ele>823.8</ele></trkpt>
      <trkpt lat="-8.523251" lon="120.695384"><ele>807.3</ele></trkpt>
      <trkpt lat="-8.522927" lon="120.695147"><ele>811.4</ele></trkpt>
      <trkpt lat="-8.522717" lon="120.695209"><ele>807.8</ele></trkpt>
      <trkpt lat="-8.522514" lon="120.694946"><ele>809.7</ele></trkpt>
      <trkpt lat="-8.522274" lon="120.694941"><ele>800.0</ele></trkpt>
      <trkpt lat="-8.522093" lon="120.694657"><ele>793.6</ele></trkpt>
      <trkpt lat="-8.522002" lon="120.694669"><ele>790.7</ele></trkpt>
      <trkpt lat="-8.522159" lon="120.695066"><ele>794.4</ele></trkpt>
      <trkpt lat="-8.522884" lon="120.695850"><ele>794.9</ele></trkpt>
      <trkpt lat="-8.522953" lon="120.696023"><ele>794.5</ele></trkpt>
      <trkpt lat="-8.522959" lon="120.696403"><ele>780.8</ele></trkpt>
      <trkpt lat="-8.523326" lon="120.696288"><ele>780.5</ele></trkpt>
      <trkpt lat="-8.523920" lon="120.696457"><ele>777.3</ele></trkpt>
      <trkpt lat="-8.523930" lon="120.696797"><ele>766.0</ele></trkpt>
      <trkpt lat="-8.524206" lon="120.697193"><ele>757.3</ele></trkpt>
      <trkpt lat="-8.524503" lon="120.697191"><ele>760.6</ele></trkpt>
      <trkpt lat="-8.524554" lon="120.697248"><ele>759.0</ele></trkpt>
      <trkpt lat="-8.524009" lon="120.697497"><ele>748.9</ele></trkpt>
      <trkpt lat="-8.523742" lon="120.697270"><ele>752.2</ele></trkpt>
      <trkpt lat="-8.523211" lon="120.697323"><ele>742.7</ele></trkpt>
      <trkpt lat="-8.522921" lon="120.697635"><ele>721.7</ele></trkpt>
      <trkpt lat="-8.522425" lon="120.697824"><ele>710.5</ele></trkpt>
      <trkpt lat="-8.522319" lon="120.697773"><ele>711.0</ele></trkpt>
      <trkpt lat="-8.522238" lon="120.697543"><ele>723.0</ele></trkpt>
      <trkpt lat="-8.521968" lon="120.697226"><ele>726.2</ele></trkpt>
      <trkpt lat="-8.521849" lon="120.697122"><ele>723.6</ele></trkpt>
      <trkpt lat="-8.521774" lon="120.697150"><ele>718.6</ele></trkpt>
      <trkpt lat="-8.521974" lon="120.697454"><ele>714.1</ele></trkpt>
      <trkpt lat="-8.521910" lon="120.697691"><ele>704.3</ele></trkpt>
      <trkpt lat="-8.522012" lon="120.697919"><ele>704.7</ele></trkpt>
      <trkpt lat="-8.521836" lon="120.698230"><ele>695.8</ele></trkpt>
      <trkpt lat="-8.521791" lon="120.698480"><ele>688.1</ele></trkpt>
      <trkpt lat="-8.521845" lon="120.698697"><ele>686.1</ele></trkpt>
      <trkpt lat="-8.522087" lon="120.699001"><ele>689.4</ele></trkpt>
      <trkpt lat="-8.521864" lon="120.699299"><ele>679.8</ele></trkpt>
      <trkpt lat="-8.522015" lon="120.699627"><ele>675.3</ele></trkpt>
      <trkpt lat="-8.522009" lon="120.700290"><ele>663.0</ele></trkpt>
      <trkpt lat="-8.522755" lon="120.700186"><ele>657.2</ele></trkpt>
      <trkpt lat="-8.522859" lon="120.700043"><ele>656.3</ele></trkpt>
      <trkpt lat="-8.522813" lon="120.699675"><ele>661.8</ele></trkpt>
      <trkpt lat="-8.523160" lon="120.699503"><ele>658.5</ele></trkpt>
      <trkpt lat="-8.523241" lon="120.699547"><ele>656.6</ele></trkpt>
      <trkpt lat="-8.523142" lon="120.699833"><ele>651.0</ele></trkpt>
      <trkpt lat="-8.523271" lon="120.700586"><ele>628.2</ele></trkpt>
      <trkpt lat="-8.522719" lon="120.700881"><ele>634.6</ele></trkpt>
      <trkpt lat="-8.522470" lon="120.700895"><ele>643.3</ele></trkpt>
      <trkpt lat="-8.522321" lon="120.701089"><ele>638.9</ele></trkpt>
      <trkpt lat="-8.522536" lon="120.701069"><ele>632.3</ele></trkpt>
      <trkpt lat="-8.522754" lon="120.701234"><ele>618.0</ele></trkpt>
      <trkpt lat="-8.523043" lon="120.701173"><ele>616.3</ele></trkpt>
      <trkpt lat="-8.523249" lon="120.701392"><ele>603.1</ele></trkpt>
      <trkpt lat="-8.523384" lon="120.701410"><ele>601.0</ele></trkpt>
      <trkpt lat="-8.523832" lon="120.701108"><ele>605.3</ele></trkpt>
      <trkpt lat="-8.523941" lon="120.700897"><ele>610.8</ele></trkpt>
      <trkpt lat="-8.524228" lon="120.700989"><ele>606.6</ele></trkpt>
      <trkpt lat="-8.524331" lon="120.701438"><ele>598.5</ele></trkpt>
      <trkpt lat="-8.524257" lon="120.701861"><ele>596.3</ele></trkpt>
      <trkpt lat="-8.524728" lon="120.702274"><ele>602.5</ele></trkpt>
      <trkpt lat="-8.525167" lon="120.703352"><ele>597.5</ele></trkpt>
      <trkpt lat="-8.525372" lon="120.703497"><ele>603.3</ele></trkpt>
      <trkpt lat="-8.525757" lon="120.703573"><ele>601.9</ele></trkpt>
      <trkpt lat="-8.526372" lon="120.703861"><ele>580.7</ele></trkpt>
      <trkpt lat="-8.526547" lon="120.704177"><ele>589.1</ele></trkpt>
      <trkpt lat="-8.526484" lon="120.704289"><ele>596.9</ele></trkpt>
      <trkpt lat="-8.525625" lon="120.704694"><ele>608.8</ele></trkpt>
      <trkpt lat="-8.524898" lon="120.704620"><ele>621.4</ele></trkpt>
      <trkpt lat="-8.524590" lon="120.704318"><ele>613.4</ele></trkpt>
      <trkpt lat="-8.524209" lon="120.704416"><ele>625.8</ele></trkpt>
      <trkpt lat="-8.523980" lon="120.704221"><ele>615.6</ele></trkpt>
      <trkpt lat="-8.523346" lon="120.704384"><ele>627.1</ele></trkpt>
      <trkpt lat="-8.522953" lon="120.704064"><ele>621.8</ele></trkpt>
      <trkpt lat="-8.522698" lon="120.704059"><ele>619.2</ele></trkpt>
      <trkpt lat="-8.522410" lon="120.704621"><ele>619.5</ele></trkpt>
      <trkpt lat="-8.522421" lon="120.704754"><ele>620.6</ele></trkpt>
      <trkpt lat="-8.522601" lon="120.704884"><ele>625.2</ele></trkpt>
      <trkpt lat="-8.522975" lon="120.704882"><ele>629.4</ele></trkpt>
      <trkpt lat="-8.523214" lon="120.705042"><ele>630.7</ele></trkpt>
      <trkpt lat="-8.523279" lon="120.705524"><ele>624.4</ele></trkpt>
      <trkpt lat="-8.523181" lon="120.705911"><ele>612.3</ele></trkpt>
      <trkpt lat="-8.523287" lon="120.706134"><ele>614.1</ele></trkpt>
      <trkpt lat="-8.523481" lon="120.706286"><ele>619.9</ele></trkpt>
      <trkpt lat="-8.523678" lon="120.707042"><ele>602.5</ele></trkpt>
      <trkpt lat="-8.523937" lon="120.707378"><ele>604.9</ele></trkpt>
      <trkpt lat="-8.524748" lon="120.707519"><ele>614.7</ele></trkpt>
      <trkpt lat="-8.524783" lon="120.708162"><ele>590.3</ele></trkpt>
      <trkpt lat="-8.525418" lon="120.708917"><ele>588.1</ele></trkpt>
      <trkpt lat="-8.525475" lon="120.709339"><ele>582.0</ele></trkpt>
      <trkpt lat="-8.526122" lon="120.709824"><ele>581.0</ele></trkpt>
      <trkpt lat="-8.526683" lon="120.710526"><ele>581.2</ele></trkpt>
      <trkpt lat="-8.527089" lon="120.710798"><ele>588.2</ele></trkpt>
      <trkpt lat="-8.527205" lon="120.711606"><ele>586.4</ele></trkpt>
      <trkpt lat="-8.527127" lon="120.711838"><ele>585.0</ele></trkpt>
      <trkpt lat="-8.527466" lon="120.712656"><ele>589.6</ele></trkpt>
      <trkpt lat="-8.527496" lon="120.712937"><ele>590.0</ele></trkpt>
      <trkpt lat="-8.527458" lon="120.712995"><ele>590.1</ele></trkpt>
      <trkpt lat="-8.527235" lon="120.712992"><ele>590.8</ele></trkpt>
      <trkpt lat="-8.527024" lon="120.712541"><ele>590.2</ele></trkpt>
      <trkpt lat="-8.526250" lon="120.712151"><ele>597.6</ele></trkpt>
      <trkpt lat="-8.526157" lon="120.712165"><ele>599.9</ele></trkpt>
      <trkpt lat="-8.526188" lon="120.712262"><ele>601.8</ele></trkpt>
      <trkpt lat="-8.526547" lon="120.712474"><ele>599.7</ele></trkpt>
      <trkpt lat="-8.526487" lon="120.712733"><ele>609.7</ele></trkpt>
      <trkpt lat="-8.526568" lon="120.712907"><ele>611.6</ele></trkpt>
      <trkpt lat="-8.526511" lon="120.713172"><ele>622.0</ele></trkpt>
      <trkpt lat="-8.526925" lon="120.713255"><ele>611.1</ele></trkpt>
      <trkpt lat="-8.527007" lon="120.713344"><ele>610.7</ele></trkpt>
      <trkpt lat="-8.527085" lon="120.714238"><ele>628.0</ele></trkpt>
      <trkpt lat="-8.527033" lon="120.714457"><ele>632.7</ele></trkpt>
      <trkpt lat="-8.527233" lon="120.714560"><ele>629.1</ele></trkpt>
      <trkpt lat="-8.527291" lon="120.714675"><ele>629.5</ele></trkpt>
      <trkpt lat="-8.527189" lon="120.715058"><ele>635.0</ele></trkpt>
      <trkpt lat="-8.526957" lon="120.714925"><ele>639.5</ele></trkpt>
      <trkpt lat="-8.526508" lon="120.714901"><ele>650.3</ele></trkpt>
      <trkpt lat="-8.526495" lon="120.714187"><ele>648.0</ele></trkpt>
      <trkpt lat="-8.526338" lon="120.714029"><ele>649.3</ele></trkpt>
      <trkpt lat="-8.526188" lon="120.714021"><ele>651.6</ele></trkpt>
      <trkpt lat="-8.525907" lon="120.714291"><ele>659.3</ele></trkpt>
      <trkpt lat="-8.525675" lon="120.714264"><ele>663.3</ele></trkpt>
      <trkpt lat="-8.525586" lon="120.714344"><ele>667.9</ele></trkpt>
      <trkpt lat="-8.525848" lon="120.714709"><ele>669.2</ele></trkpt>
      <trkpt lat="-8.525708" lon="120.715054"><ele>679.0</ele></trkpt>
      <trkpt lat="-8.525908" lon="120.715526"><ele>679.8</ele></trkpt>
      <trkpt lat="-8.525861" lon="120.716153"><ele>695.7</ele></trkpt>
      <trkpt lat="-8.526465" lon="120.717139"><ele>689.9</ele></trkpt>
      <trkpt lat="-8.526437" lon="120.717502"><ele>695.8</ele></trkpt>
      <trkpt lat="-8.526261" lon="120.717713"><ele>702.6</ele></trkpt>
      <trkpt lat="-8.526454" lon="120.718257"><ele>703.5</ele></trkpt>
      <trkpt lat="-8.525996" lon="120.717922"><ele>710.5</ele></trkpt>
      <trkpt lat="-8.525906" lon="120.717539"><ele>714.7</ele></trkpt>
      <trkpt lat="-8.526031" lon="120.717365"><ele>709.2</ele></trkpt>
      <trkpt lat="-8.526038" lon="120.717225"><ele>706.7</ele></trkpt>
      <trkpt lat="-8.525865" lon="120.716990"><ele>711.1</ele></trkpt>
      <trkpt lat="-8.525706" lon="120.716898"><ele>714.8</ele></trkpt>
      <trkpt lat="-8.525288" lon="120.716875"><ele>722.1</ele></trkpt>
      <trkpt lat="-8.524710" lon="120.716448"><ele>722.8</ele></trkpt>
      <trkpt lat="-8.524553" lon="120.716415"><ele>721.2</ele></trkpt>
      <trkpt lat="-8.521715" lon="120.717167"><ele>716.4</ele></trkpt>
      <trkpt lat="-8.521289" lon="120.717558"><ele>716.3</ele></trkpt>
      <trkpt lat="-8.521146" lon="120.717970"><ele>708.8</ele></trkpt>
      <trkpt lat="-8.520849" lon="120.718325"><ele>699.2</ele></trkpt>
      <trkpt lat="-8.520957" lon="120.718424"><ele>698.1</ele></trkpt>
      <trkpt lat="-8.522276" lon="120.718965"><ele>685.1</ele></trkpt>
      <trkpt lat="-8.522377" lon="120.719080"><ele>685.1</ele></trkpt>
      <trkpt lat="-8.522349" lon="120.719368"><ele>687.7</ele></trkpt>
      <trkpt lat="-8.522007" lon="120.719278"><ele>688.3</ele></trkpt>
      <trkpt lat="-8.521773" lon="120.719376"><ele>688.8</ele></trkpt>
      <trkpt lat="-8.521708" lon="120.719491"><ele>689.7</ele></trkpt>
      <trkpt lat="-8.521732" lon="120.719599"><ele>691.0</ele></trkpt>
      <trkpt lat="-8.521975" lon="120.719744"><ele>696.0</ele></trkpt>
      <trkpt lat="-8.522030" lon="120.719869"><ele>697.0</ele></trkpt>
      <trkpt lat="-8.521980" lon="120.721049"><ele>715.5</ele></trkpt>
      <trkpt lat="-8.522282" lon="120.723101"><ele>729.7</ele></trkpt>
      <trkpt lat="-8.522381" lon="120.723152"><ele>728.1</ele></trkpt>
      <trkpt lat="-8.522928" lon="120.723124"><ele>726.5</ele></trkpt>
      <trkpt lat="-8.523160" lon="120.723222"><ele>728.4</ele></trkpt>
      <trkpt lat="-8.523759" lon="120.723267"><ele>737.9</ele></trkpt>
      <trkpt lat="-8.524131" lon="120.723365"><ele>741.0</ele></trkpt>
      <trkpt lat="-8.524253" lon="120.723467"><ele>743.4</ele></trkpt>
      <trkpt lat="-8.524494" lon="120.723834"><ele>747.7</ele></trkpt>
      <trkpt lat="-8.524351" lon="120.724012"><ele>741.9</ele></trkpt>
      <trkpt lat="-8.524384" lon="120.724178"><ele>742.5</ele></trkpt>
      <trkpt lat="-8.524765" lon="120.724394"><ele>752.7</ele></trkpt>
      <trkpt lat="-8.524804" lon="120.724872"><ele>752.8</ele></trkpt>
      <trkpt lat="-8.524598" lon="120.725412"><ele>746.8</ele></trkpt>
      <trkpt lat="-8.524638" lon="120.725628"><ele>748.7</ele></trkpt>
      <trkpt lat="-8.525196" lon="120.725785"><ele>766.0</ele></trkpt>
      <trkpt lat="-8.525407" lon="120.725930"><ele>767.7</ele></trkpt>
      <trkpt lat="-8.525550" lon="120.726202"><ele>766.4</ele></trkpt>
      <trkpt lat="-8.525807" lon="120.726431"><ele>771.6</ele></trkpt>
      <trkpt lat="-8.525791" lon="120.727463"><ele>760.5</ele></trkpt>
      <trkpt lat="-8.526333" lon="120.727566"><ele>764.4</ele></trkpt>
      <trkpt lat="-8.526306" lon="120.727936"><ele>760.0</ele></trkpt>
      <trkpt lat="-8.526557" lon="120.727894"><ele>765.3</ele></trkpt>
      <trkpt lat="-8.526670" lon="120.727992"><ele>768.1</ele></trkpt>
      <trkpt lat="-8.526644" lon="120.728206"><ele>767.3</ele></trkpt>
      <trkpt lat="-8.526409" lon="120.728577"><ele>764.3</ele></trkpt>
      <trkpt lat="-8.526248" lon="120.729110"><ele>769.6</ele></trkpt>
      <trkpt lat="-8.526051" lon="120.729372"><ele>767.0</ele></trkpt>
      <trkpt lat="-8.526003" lon="120.729581"><ele>768.5</ele></trkpt>
      <trkpt lat="-8.525786" lon="120.729815"><ele>764.0</ele></trkpt>
      <trkpt lat="-8.525916" lon="120.730645"><ele>768.8</ele></trkpt>
      <trkpt lat="-8.525734" lon="120.731540"><ele>768.0</ele></trkpt>
      <trkpt lat="-8.525873" lon="120.731799"><ele>770.9</ele></trkpt>
      <trkpt lat="-8.526150" lon="120.732071"><ele>774.2</ele></trkpt>
      <trkpt lat="-8.526231" lon="120.732340"><ele>777.6</ele></trkpt>
      <trkpt lat="-8.526026" lon="120.733420"><ele>788.5</ele></trkpt>
      <trkpt lat="-8.526333" lon="120.734064"><ele>789.1</ele></trkpt>
      <trkpt lat="-8.526733" lon="120.734239"><ele>796.7</ele></trkpt>
      <trkpt lat="-8.526926" lon="120.734408"><ele>797.5</ele></trkpt>
      <trkpt lat="-8.527240" lon="120.734369"><ele>798.1</ele></trkpt>
      <trkpt lat="-8.527488" lon="120.734093"><ele>802.6</ele></trkpt>
      <trkpt lat="-8.527685" lon="120.734056"><ele>801.6</ele></trkpt>
      <trkpt lat="-8.527913" lon="120.734769"><ele>795.4</ele></trkpt>
      <trkpt lat="-8.527750" lon="120.735206"><ele>787.6</ele></trkpt>
      <trkpt lat="-8.527816" lon="120.735344"><ele>789.9</ele></trkpt>
      <trkpt lat="-8.528117" lon="120.735548"><ele>801.5</ele></trkpt>
      <trkpt lat="-8.528069" lon="120.735727"><ele>798.8</ele></trkpt>
      <trkpt lat="-8.527872" lon="120.735922"><ele>789.1</ele></trkpt>
      <trkpt lat="-8.527777" lon="120.736386"><ele>792.9</ele></trkpt>
      <trkpt lat="-8.527358" lon="120.736741"><ele>791.0</ele></trkpt>
      <trkpt lat="-8.527023" lon="120.737577"><ele>793.3</ele></trkpt>
      <trkpt lat="-8.527056" lon="120.737843"><ele>793.5</ele></trkpt>
      <trkpt lat="-8.527289" lon="120.738098"><ele>791.5</ele></trkpt>
      <trkpt lat="-8.527578" lon="120.738131"><ele>795.3</ele></trkpt>
      <trkpt lat="-8.527795" lon="120.738251"><ele>796.5</ele></trkpt>
      <trkpt lat="-8.528102" lon="120.738225"><ele>797.2</ele></trkpt>
      <trkpt lat="-8.528461" lon="120.738304"><ele>794.7</ele></trkpt>
      <trkpt lat="-8.528649" lon="120.738061"><ele>799.9</ele></trkpt>
      <trkpt lat="-8.528768" lon="120.738024"><ele>797.5</ele></trkpt>
      <trkpt lat="-8.529035" lon="120.738150"><ele>787.1</ele></trkpt>
      <trkpt lat="-8.529234" lon="120.738107"><ele>784.1</ele></trkpt>
      <trkpt lat="-8.529308" lon="120.738285"><ele>780.8</ele></trkpt>
      <trkpt lat="-8.529158" lon="120.738905"><ele>782.0</ele></trkpt>
      <trkpt lat="-8.529203" lon="120.739630"><ele>786.7</ele></trkpt>
      <trkpt lat="-8.529460" lon="120.739912"><ele>782.9</ele></trkpt>
      <trkpt lat="-8.529658" lon="120.740280"><ele>781.0</ele></trkpt>
      <trkpt lat="-8.530025" lon="120.740624"><ele>781.5</ele></trkpt>
      <trkpt lat="-8.530238" lon="120.740684"><ele>781.9</ele></trkpt>
      <trkpt lat="-8.530733" lon="120.740580"><ele>788.8</ele></trkpt>
      <trkpt lat="-8.531054" lon="120.740608"><ele>788.1</ele></trkpt>
      <trkpt lat="-8.532105" lon="120.741145"><ele>785.7</ele></trkpt>
      <trkpt lat="-8.532806" lon="120.741179"><ele>782.0</ele></trkpt>
      <trkpt lat="-8.533235" lon="120.741745"><ele>779.7</ele></trkpt>
      <trkpt lat="-8.533394" lon="120.742302"><ele>783.7</ele></trkpt>
      <trkpt lat="-8.533348" lon="120.742876"><ele>783.0</ele></trkpt>
      <trkpt lat="-8.533166" lon="120.743009"><ele>782.7</ele></trkpt>
      <trkpt lat="-8.532679" lon="120.743112"><ele>784.7</ele></trkpt>
      <trkpt lat="-8.532241" lon="120.743309"><ele>791.3</ele></trkpt>
      <trkpt lat="-8.532158" lon="120.743564"><ele>797.5</ele></trkpt>
      <trkpt lat="-8.532616" lon="120.744084"><ele>788.1</ele></trkpt>
      <trkpt lat="-8.533065" lon="120.744261"><ele>783.1</ele></trkpt>
      <trkpt lat="-8.533494" lon="120.744331"><ele>775.0</ele></trkpt>
      <trkpt lat="-8.533933" lon="120.744541"><ele>768.5</ele></trkpt>
      <trkpt lat="-8.534070" lon="120.744772"><ele>770.3</ele></trkpt>
      <trkpt lat="-8.534039" lon="120.745091"><ele>771.9</ele></trkpt>
      <trkpt lat="-8.533978" lon="120.745298"><ele>772.2</ele></trkpt>
      <trkpt lat="-8.533783" lon="120.745505"><ele>771.5</ele></trkpt>
      <trkpt lat="-8.533299" lon="120.745681"><ele>770.0</ele></trkpt>
      <trkpt lat="-8.533233" lon="120.746066"><ele>764.7</ele></trkpt>
      <trkpt lat="-8.533015" lon="120.746442"><ele>760.5</ele></trkpt>
      <trkpt lat="-8.532948" lon="120.746732"><ele>757.5</ele></trkpt>
      <trkpt lat="-8.532638" lon="120.746896"><ele>749.5</ele></trkpt>
      <trkpt lat="-8.532345" lon="120.747248"><ele>744.2</ele></trkpt>
      <trkpt lat="-8.532280" lon="120.747593"><ele>737.6</ele></trkpt>
      <trkpt lat="-8.532359" lon="120.747675"><ele>738.3</ele></trkpt>
      <trkpt lat="-8.533195" lon="120.747972"><ele>734.8</ele></trkpt>
      <trkpt lat="-8.533354" lon="120.748125"><ele>728.8</ele></trkpt>
      <trkpt lat="-8.533926" lon="120.748379"><ele>717.6</ele></trkpt>
      <trkpt lat="-8.533931" lon="120.748982"><ele>711.3</ele></trkpt>
      <trkpt lat="-8.534407" lon="120.749516"><ele>710.8</ele></trkpt>
      <trkpt lat="-8.534511" lon="120.749905"><ele>709.2</ele></trkpt>
      <trkpt lat="-8.534206" lon="120.750032"><ele>712.6</ele></trkpt>
      <trkpt lat="-8.533400" lon="120.750831"><ele>692.0</ele></trkpt>
      <trkpt lat="-8.533419" lon="120.750941"><ele>691.9</ele></trkpt>
      <trkpt lat="-8.533855" lon="120.751320"><ele>689.7</ele></trkpt>
      <trkpt lat="-8.533922" lon="120.751621"><ele>689.5</ele></trkpt>
      <trkpt lat="-8.533863" lon="120.751777"><ele>688.1</ele></trkpt>
      <trkpt lat="-8.533438" lon="120.752068"><ele>683.5</ele></trkpt>
      <trkpt lat="-8.533421" lon="120.752147"><ele>680.9</ele></trkpt>
      <trkpt lat="-8.534136" lon="120.752480"><ele>673.2</ele></trkpt>
      <trkpt lat="-8.535127" lon="120.753323"><ele>667.6</ele></trkpt>
      <trkpt lat="-8.535584" lon="120.753295"><ele>671.3</ele></trkpt>
      <trkpt lat="-8.535863" lon="120.753473"><ele>655.2</ele></trkpt>
      <trkpt lat="-8.536236" lon="120.753591"><ele>639.7</ele></trkpt>
      <trkpt lat="-8.536566" lon="120.753824"><ele>631.6</ele></trkpt>
      <trkpt lat="-8.536726" lon="120.753797"><ele>628.5</ele></trkpt>
      <trkpt lat="-8.537051" lon="120.753421"><ele>619.6</ele></trkpt>
      <trkpt lat="-8.537124" lon="120.753418"><ele>616.7</ele></trkpt>
      <trkpt lat="-8.537166" lon="120.753515"><ele>615.9</ele></trkpt>
      <trkpt lat="-8.536946" lon="120.753924"><ele>622.5</ele></trkpt>
      <trkpt lat="-8.536649" lon="120.754012"><ele>623.9</ele></trkpt>
      <trkpt lat="-8.536762" lon="120.754088"><ele>620.0</ele></trkpt>
      <trkpt lat="-8.537225" lon="120.754062"><ele>614.9</ele></trkpt>
      <trkpt lat="-8.537316" lon="120.753901"><ele>612.3</ele></trkpt>
      <trkpt lat="-8.537509" lon="120.753852"><ele>606.7</ele></trkpt>
      <trkpt lat="-8.537719" lon="120.753688"><ele>600.7</ele></trkpt>
      <trkpt lat="-8.537873" lon="120.753681"><ele>596.1</ele></trkpt>
      <trkpt lat="-8.538125" lon="120.753454"><ele>590.9</ele></trkpt>
      <trkpt lat="-8.538160" lon="120.753292"><ele>591.2</ele></trkpt>
      <trkpt lat="-8.538012" lon="120.753077"><ele>593.6</ele></trkpt>
      <trkpt lat="-8.537914" lon="120.752698"><ele>596.6</ele></trkpt>
      <trkpt lat="-8.537981" lon="120.752527"><ele>602.9</ele></trkpt>
      <trkpt lat="-8.538158" lon="120.752421"><ele>608.2</ele></trkpt>
      <trkpt lat="-8.538717" lon="120.752836"><ele>602.9</ele></trkpt>
      <trkpt lat="-8.538844" lon="120.753193"><ele>589.7</ele></trkpt>
      <trkpt lat="-8.540134" lon="120.754005"><ele>591.6</ele></trkpt>
      <trkpt lat="-8.539939" lon="120.754265"><ele>589.8</ele></trkpt>
      <trkpt lat="-8.539673" lon="120.754258"><ele>589.5</ele></trkpt>
      <trkpt lat="-8.539040" lon="120.755026"><ele>591.3</ele></trkpt>
      <trkpt lat="-8.539002" lon="120.755259"><ele>596.2</ele></trkpt>
      <trkpt lat="-8.538777" lon="120.755403"><ele>597.4</ele></trkpt>
      <trkpt lat="-8.538659" lon="120.755656"><ele>605.0</ele></trkpt>
      <trkpt lat="-8.538194" lon="120.755987"><ele>596.4</ele></trkpt>
      <trkpt lat="-8.537711" lon="120.756487"><ele>603.6</ele></trkpt>
      <trkpt lat="-8.537437" lon="120.756546"><ele>599.1</ele></trkpt>
      <trkpt lat="-8.537464" lon="120.757303"><ele>612.6</ele></trkpt>
      <trkpt lat="-8.536741" lon="120.757226"><ele>598.0</ele></trkpt>
      <trkpt lat="-8.536171" lon="120.757568"><ele>601.9</ele></trkpt>
      <trkpt lat="-8.536135" lon="120.757830"><ele>609.0</ele></trkpt>
      <trkpt lat="-8.536407" lon="120.758132"><ele>626.1</ele></trkpt>
      <trkpt lat="-8.536337" lon="120.758421"><ele>631.2</ele></trkpt>
      <trkpt lat="-8.536097" lon="120.758352"><ele>621.2</ele></trkpt>
      <trkpt lat="-8.535522" lon="120.758530"><ele>613.5</ele></trkpt>
      <trkpt lat="-8.534905" lon="120.758581"><ele>606.9</ele></trkpt>
      <trkpt lat="-8.534728" lon="120.758754"><ele>614.3</ele></trkpt>
      <trkpt lat="-8.534316" lon="120.758755"><ele>613.5</ele></trkpt>
      <trkpt lat="-8.534032" lon="120.758862"><ele>622.3</ele></trkpt>
      <trkpt lat="-8.533678" lon="120.758838"><ele>623.2</ele></trkpt>
      <trkpt lat="-8.532967" lon="120.758571"><ele>609.7</ele></trkpt>
      <trkpt lat="-8.532623" lon="120.758848"><ele>619.9</ele></trkpt>
      <trkpt lat="-8.532124" lon="120.758863"><ele>603.9</ele></trkpt>
      <trkpt lat="-8.532031" lon="120.759007"><ele>605.0</ele></trkpt>
      <trkpt lat="-8.532172" lon="120.759591"><ele>620.7</ele></trkpt>
      <trkpt lat="-8.532004" lon="120.760004"><ele>611.9</ele></trkpt>
      <trkpt lat="-8.532283" lon="120.760153"><ele>612.1</ele></trkpt>
      <trkpt lat="-8.532570" lon="120.760003"><ele>618.7</ele></trkpt>
      <trkpt lat="-8.532979" lon="120.760101"><ele>615.2</ele></trkpt>
      <trkpt lat="-8.532974" lon="120.760239"><ele>614.3</ele></trkpt>
      <trkpt lat="-8.532769" lon="120.760507"><ele>609.8</ele></trkpt>
      <trkpt lat="-8.532866" lon="120.760659"><ele>607.4</ele></trkpt>
      <trkpt lat="-8.533314" lon="120.760602"><ele>610.2</ele></trkpt>
      <trkpt lat="-8.533683" lon="120.760399"><ele>617.1</ele></trkpt>
      <trkpt lat="-8.534068" lon="120.760562"><ele>612.0</ele></trkpt>
      <trkpt lat="-8.534360" lon="120.760477"><ele>619.8</ele></trkpt>
      <trkpt lat="-8.534971" lon="120.760548"><ele>623.0</ele></trkpt>
      <trkpt lat="-8.534673" lon="120.761112"><ele>605.9</ele></trkpt>
      <trkpt lat="-8.534607" lon="120.761589"><ele>598.0</ele></trkpt>
      <trkpt lat="-8.534358" lon="120.761959"><ele>586.7</ele></trkpt>
      <trkpt lat="-8.534436" lon="120.762047"><ele>588.1</ele></trkpt>
      <trkpt lat="-8.535199" lon="120.762336"><ele>602.9</ele></trkpt>
      <trkpt lat="-8.535600" lon="120.763101"><ele>587.1</ele></trkpt>
      <trkpt lat="-8.535513" lon="120.763456"><ele>580.4</ele></trkpt>
      <trkpt lat="-8.535764" lon="120.764185"><ele>577.7</ele></trkpt>
      <trkpt lat="-8.535738" lon="120.764294"><ele>579.2</ele></trkpt>
      <trkpt lat="-8.535630" lon="120.764361"><ele>580.2</ele></trkpt>
      <trkpt lat="-8.535333" lon="120.764317"><ele>582.6</ele></trkpt>
      <trkpt lat="-8.535571" lon="120.764700"><ele>589.3</ele></trkpt>
      <trkpt lat="-8.535390" lon="120.765095"><ele>599.7</ele></trkpt>
      <trkpt lat="-8.535852" lon="120.765047"><ele>595.3</ele></trkpt>
      <trkpt lat="-8.535900" lon="120.765237"><ele>600.4</ele></trkpt>
      <trkpt lat="-8.535489" lon="120.765391"><ele>606.5</ele></trkpt>
      <trkpt lat="-8.535404" lon="120.765612"><ele>614.3</ele></trkpt>
      <trkpt lat="-8.535289" lon="120.765642"><ele>617.2</ele></trkpt>
      <trkpt lat="-8.534945" lon="120.765265"><ele>610.9</ele></trkpt>
      <trkpt lat="-8.534585" lon="120.765066"><ele>613.3</ele></trkpt>
      <trkpt lat="-8.534445" lon="120.765174"><ele>616.8</ele></trkpt>
      <trkpt lat="-8.534356" lon="120.765562"><ele>627.9</ele></trkpt>
      <trkpt lat="-8.534157" lon="120.765682"><ele>630.7</ele></trkpt>
      <trkpt lat="-8.533642" lon="120.765137"><ele>628.3</ele></trkpt>
      <trkpt lat="-8.533372" lon="120.764733"><ele>621.7</ele></trkpt>
      <trkpt lat="-8.533265" lon="120.764700"><ele>622.3</ele></trkpt>
      <trkpt lat="-8.533189" lon="120.764793"><ele>624.7</ele></trkpt>
      <trkpt lat="-8.533207" lon="120.765078"><ele>630.0</ele></trkpt>
      <trkpt lat="-8.532863" lon="120.765124"><ele>632.7</ele></trkpt>
      <trkpt lat="-8.532629" lon="120.765696"><ele>642.0</ele></trkpt>
      <trkpt lat="-8.532535" lon="120.765743"><ele>642.7</ele></trkpt>
      <trkpt lat="-8.532357" lon="120.765525"><ele>644.1</ele></trkpt>
      <trkpt lat="-8.532372" lon="120.764654"><ele>641.8</ele></trkpt>
      <trkpt lat="-8.532058" lon="120.764257"><ele>644.9</ele></trkpt>
      <trkpt lat="-8.531824" lon="120.764171"><ele>646.6</ele></trkpt>
      <trkpt lat="-8.531294" lon="120.764310"><ele>650.2</ele></trkpt>
      <trkpt lat="-8.531182" lon="120.764499"><ele>652.7</ele></trkpt>
      <trkpt lat="-8.531121" lon="120.765007"><ele>658.3</ele></trkpt>
      <trkpt lat="-8.530767" lon="120.765545"><ele>661.7</ele></trkpt>
      <trkpt lat="-8.530414" lon="120.766674"><ele>679.0</ele></trkpt>
      <trkpt lat="-8.530311" lon="120.766784"><ele>678.0</ele></trkpt>
      <trkpt lat="-8.529685" lon="120.766997"><ele>666.3</ele></trkpt>
      <trkpt lat="-8.529260" lon="120.767392"><ele>667.3</ele></trkpt>
      <trkpt lat="-8.528081" lon="120.767342"><ele>666.2</ele></trkpt>
      <trkpt lat="-8.527608" lon="120.767593"><ele>667.0</ele></trkpt>
      <trkpt lat="-8.526966" lon="120.767759"><ele>666.9</ele></trkpt>
      <trkpt lat="-8.526882" lon="120.767897"><ele>666.9</ele></trkpt>
      <trkpt lat="-8.526789" lon="120.768456"><ele>664.0</ele></trkpt>
      <trkpt lat="-8.526324" lon="120.768194"><ele>663.6</ele></trkpt>
      <trkpt lat="-8.525968" lon="120.768295"><ele>664.1</ele></trkpt>
      <trkpt lat="-8.525559" lon="120.770453"><ele>668.4</ele></trkpt>
      <trkpt lat="-8.524732" lon="120.771831"><ele>674.3</ele></trkpt>
      <trkpt lat="-8.524472" lon="120.772394"><ele>679.3</ele></trkpt>
      <trkpt lat="-8.524642" lon="120.773317"><ele>684.3</ele></trkpt>
      <trkpt lat="-8.524472" lon="120.772394"><ele>679.3</ele></trkpt>
      <trkpt lat="-8.524732" lon="120.771831"><ele>674.3</ele></trkpt>
      <trkpt lat="-8.525559" lon="120.770453"><ele>668.4</ele></trkpt>
      <trkpt lat="-8.525968" lon="120.768295"><ele>664.1</ele></trkpt>
      <trkpt lat="-8.526324" lon="120.768194"><ele>663.6</ele></trkpt>
      <trkpt lat="-8.526789" lon="120.768456"><ele>664.0</ele></trkpt>
      <trkpt lat="-8.526882" lon="120.767897"><ele>666.9</ele></trkpt>
      <trkpt lat="-8.526966" lon="120.767759"><ele>666.9</ele></trkpt>
      <trkpt lat="-8.527608" lon="120.767593"><ele>667.0</ele></trkpt>
      <trkpt lat="-8.528081" lon="120.767342"><ele>666.2</ele></trkpt>
      <trkpt lat="-8.529260" lon="120.767392"><ele>667.3</ele></trkpt>
      <trkpt lat="-8.529685" lon="120.766997"><ele>666.3</ele></trkpt>
      <trkpt lat="-8.530311" lon="120.766784"><ele>678.0</ele></trkpt>
      <trkpt lat="-8.530414" lon="120.766674"><ele>679.0</ele></trkpt>
      <trkpt lat="-8.530767" lon="120.765545"><ele>661.7</ele></trkpt>
      <trkpt lat="-8.531121" lon="120.765007"><ele>658.3</ele></trkpt>
      <trkpt lat="-8.531182" lon="120.764499"><ele>652.7</ele></trkpt>
      <trkpt lat="-8.531294" lon="120.764310"><ele>650.2</ele></trkpt>
      <trkpt lat="-8.531824" lon="120.764171"><ele>646.6</ele></trkpt>
      <trkpt lat="-8.532058" lon="120.764257"><ele>644.9</ele></trkpt>
      <trkpt lat="-8.532372" lon="120.764654"><ele>641.8</ele></trkpt>
      <trkpt lat="-8.532357" lon="120.765525"><ele>644.1</ele></trkpt>
      <trkpt lat="-8.532535" lon="120.765743"><ele>642.7</ele></trkpt>
      <trkpt lat="-8.532629" lon="120.765696"><ele>642.0</ele></trkpt>
      <trkpt lat="-8.532863" lon="120.765124"><ele>632.7</ele></trkpt>
      <trkpt lat="-8.533207" lon="120.765078"><ele>630.0</ele></trkpt>
      <trkpt lat="-8.533189" lon="120.764793"><ele>624.7</ele></trkpt>
      <trkpt lat="-8.533265" lon="120.764700"><ele>622.3</ele></trkpt>
      <trkpt lat="-8.533372" lon="120.764733"><ele>621.7</ele></trkpt>
      <trkpt lat="-8.533642" lon="120.765137"><ele>628.3</ele></trkpt>
      <trkpt lat="-8.534157" lon="120.765682"><ele>630.7</ele></trkpt>
      <trkpt lat="-8.534356" lon="120.765562"><ele>627.9</ele></trkpt>
      <trkpt lat="-8.534445" lon="120.765174"><ele>616.8</ele></trkpt>
      <trkpt lat="-8.534585" lon="120.765066"><ele>613.3</ele></trkpt>
      <trkpt lat="-8.534945" lon="120.765265"><ele>610.9</ele></trkpt>
      <trkpt lat="-8.535289" lon="120.765642"><ele>617.2</ele></trkpt>
      <trkpt lat="-8.535404" lon="120.765612"><ele>614.3</ele></trkpt>
      <trkpt lat="-8.535489" lon="120.765391"><ele>606.5</ele></trkpt>
      <trkpt lat="-8.535900" lon="120.765237"><ele>600.4</ele></trkpt>
      <trkpt lat="-8.535852" lon="120.765047"><ele>595.3</ele></trkpt>
      <trkpt lat="-8.535390" lon="120.765095"><ele>599.7</ele></trkpt>
      <trkpt lat="-8.535571" lon="120.764700"><ele>589.3</ele></trkpt>
      <trkpt lat="-8.535333" lon="120.764317"><ele>582.6</ele></trkpt>
      <trkpt lat="-8.535630" lon="120.764361"><ele>580.2</ele></trkpt>
      <trkpt lat="-8.535738" lon="120.764294"><ele>579.2</ele></trkpt>
      <trkpt lat="-8.535764" lon="120.764185"><ele>577.7</ele></trkpt>
      <trkpt lat="-8.535513" lon="120.763456"><ele>580.4</ele></trkpt>
      <trkpt lat="-8.535600" lon="120.763101"><ele>587.1</ele></trkpt>
      <trkpt lat="-8.535199" lon="120.762336"><ele>602.9</ele></trkpt>
      <trkpt lat="-8.534436" lon="120.762047"><ele>588.1</ele></trkpt>
      <trkpt lat="-8.534358" lon="120.761959"><ele>586.7</ele></trkpt>
      <trkpt lat="-8.534607" lon="120.761589"><ele>598.0</ele></trkpt>
      <trkpt lat="-8.534673" lon="120.761112"><ele>605.9</ele></trkpt>
      <trkpt lat="-8.534971" lon="120.760548"><ele>623.0</ele></trkpt>
      <trkpt lat="-8.534360" lon="120.760477"><ele>619.8</ele></trkpt>
      <trkpt lat="-8.534068" lon="120.760562"><ele>612.0</ele></trkpt>
      <trkpt lat="-8.533683" lon="120.760399"><ele>617.1</ele></trkpt>
      <trkpt lat="-8.533314" lon="120.760602"><ele>610.2</ele></trkpt>
      <trkpt lat="-8.532866" lon="120.760659"><ele>607.4</ele></trkpt>
      <trkpt lat="-8.532769" lon="120.760507"><ele>609.8</ele></trkpt>
      <trkpt lat="-8.532974" lon="120.760239"><ele>614.3</ele></trkpt>
      <trkpt lat="-8.532979" lon="120.760101"><ele>615.2</ele></trkpt>
      <trkpt lat="-8.532570" lon="120.760003"><ele>618.7</ele></trkpt>
      <trkpt lat="-8.532283" lon="120.760153"><ele>612.1</ele></trkpt>
      <trkpt lat="-8.532004" lon="120.760004"><ele>611.9</ele></trkpt>
      <trkpt lat="-8.532172" lon="120.759591"><ele>620.7</ele></trkpt>
      <trkpt lat="-8.532031" lon="120.759007"><ele>605.0</ele></trkpt>
      <trkpt lat="-8.532124" lon="120.758863"><ele>603.9</ele></trkpt>
      <trkpt lat="-8.532623" lon="120.758848"><ele>619.9</ele></trkpt>
      <trkpt lat="-8.532967" lon="120.758571"><ele>609.7</ele></trkpt>
      <trkpt lat="-8.533678" lon="120.758838"><ele>623.2</ele></trkpt>
      <trkpt lat="-8.534032" lon="120.758862"><ele>622.3</ele></trkpt>
      <trkpt lat="-8.534316" lon="120.758755"><ele>613.5</ele></trkpt>
      <trkpt lat="-8.534728" lon="120.758754"><ele>614.3</ele></trkpt>
      <trkpt lat="-8.534905" lon="120.758581"><ele>606.9</ele></trkpt>
      <trkpt lat="-8.535522" lon="120.758530"><ele>613.5</ele></trkpt>
      <trkpt lat="-8.536097" lon="120.758352"><ele>621.2</ele></trkpt>
      <trkpt lat="-8.536337" lon="120.758421"><ele>631.2</ele></trkpt>
      <trkpt lat="-8.536407" lon="120.758132"><ele>626.1</ele></trkpt>
      <trkpt lat="-8.536135" lon="120.757830"><ele>609.0</ele></trkpt>
      <trkpt lat="-8.536171" lon="120.757568"><ele>601.9</ele></trkpt>
      <trkpt lat="-8.536741" lon="120.757226"><ele>598.0</ele></trkpt>
      <trkpt lat="-8.537464" lon="120.757303"><ele>612.6</ele></trkpt>
      <trkpt lat="-8.537437" lon="120.756546"><ele>599.1</ele></trkpt>
      <trkpt lat="-8.537711" lon="120.756487"><ele>603.6</ele></trkpt>
      <trkpt lat="-8.538194" lon="120.755987"><ele>596.4</ele></trkpt>
      <trkpt lat="-8.538659" lon="120.755656"><ele>605.0</ele></trkpt>
      <trkpt lat="-8.538777" lon="120.755403"><ele>597.4</ele></trkpt>
      <trkpt lat="-8.539002" lon="120.755259"><ele>596.2</ele></trkpt>
      <trkpt lat="-8.539040" lon="120.755026"><ele>591.3</ele></trkpt>
      <trkpt lat="-8.539673" lon="120.754258"><ele>589.5</ele></trkpt>
      <trkpt lat="-8.539939" lon="120.754265"><ele>589.8</ele></trkpt>
      <trkpt lat="-8.540134" lon="120.754005"><ele>591.6</ele></trkpt>
      <trkpt lat="-8.538844" lon="120.753193"><ele>589.7</ele></trkpt>
      <trkpt lat="-8.538717" lon="120.752836"><ele>602.9</ele></trkpt>
      <trkpt lat="-8.538158" lon="120.752421"><ele>608.2</ele></trkpt>
      <trkpt lat="-8.537981" lon="120.752527"><ele>602.9</ele></trkpt>
      <trkpt lat="-8.537914" lon="120.752698"><ele>596.6</ele></trkpt>
      <trkpt lat="-8.538012" lon="120.753077"><ele>593.6</ele></trkpt>
      <trkpt lat="-8.538160" lon="120.753292"><ele>591.2</ele></trkpt>
      <trkpt lat="-8.538125" lon="120.753454"><ele>590.9</ele></trkpt>
      <trkpt lat="-8.537873" lon="120.753681"><ele>596.1</ele></trkpt>
      <trkpt lat="-8.537719" lon="120.753688"><ele>600.7</ele></trkpt>
      <trkpt lat="-8.537509" lon="120.753852"><ele>606.7</ele></trkpt>
      <trkpt lat="-8.537316" lon="120.753901"><ele>612.3</ele></trkpt>
      <trkpt lat="-8.537225" lon="120.754062"><ele>614.9</ele></trkpt>
      <trkpt lat="-8.536762" lon="120.754088"><ele>620.0</ele></trkpt>
      <trkpt lat="-8.536649" lon="120.754012"><ele>623.9</ele></trkpt>
      <trkpt lat="-8.536946" lon="120.753924"><ele>622.5</ele></trkpt>
      <trkpt lat="-8.537166" lon="120.753515"><ele>615.9</ele></trkpt>
      <trkpt lat="-8.537124" lon="120.753418"><ele>616.7</ele></trkpt>
      <trkpt lat="-8.537051" lon="120.753421"><ele>619.6</ele></trkpt>
      <trkpt lat="-8.536726" lon="120.753797"><ele>628.5</ele></trkpt>
      <trkpt lat="-8.536566" lon="120.753824"><ele>631.6</ele></trkpt>
      <trkpt lat="-8.536236" lon="120.753591"><ele>639.7</ele></trkpt>
      <trkpt lat="-8.535863" lon="120.753473"><ele>655.2</ele></trkpt>
      <trkpt lat="-8.535584" lon="120.753295"><ele>671.3</ele></trkpt>
      <trkpt lat="-8.535127" lon="120.753323"><ele>667.6</ele></trkpt>
      <trkpt lat="-8.534136" lon="120.752480"><ele>673.2</ele></trkpt>
      <trkpt lat="-8.533421" lon="120.752147"><ele>680.9</ele></trkpt>
      <trkpt lat="-8.533438" lon="120.752068"><ele>683.5</ele></trkpt>
      <trkpt lat="-8.533863" lon="120.751777"><ele>688.1</ele></trkpt>
      <trkpt lat="-8.533922" lon="120.751621"><ele>689.5</ele></trkpt>
      <trkpt lat="-8.533855" lon="120.751320"><ele>689.7</ele></trkpt>
      <trkpt lat="-8.533419" lon="120.750941"><ele>691.9</ele></trkpt>
      <trkpt lat="-8.533400" lon="120.750831"><ele>692.0</ele></trkpt>
      <trkpt lat="-8.534206" lon="120.750032"><ele>712.6</ele></trkpt>
      <trkpt lat="-8.534481" lon="120.749965"><ele>710.4</ele></trkpt>
      <trkpt lat="-8.534510" lon="120.749866"><ele>709.4</ele></trkpt>
      <trkpt lat="-8.534407" lon="120.749516"><ele>710.8</ele></trkpt>
      <trkpt lat="-8.533931" lon="120.748982"><ele>711.3</ele></trkpt>
      <trkpt lat="-8.533926" lon="120.748379"><ele>717.6</ele></trkpt>
      <trkpt lat="-8.533354" lon="120.748125"><ele>728.8</ele></trkpt>
      <trkpt lat="-8.533195" lon="120.747972"><ele>734.8</ele></trkpt>
      <trkpt lat="-8.532359" lon="120.747675"><ele>738.3</ele></trkpt>
      <trkpt lat="-8.532271" lon="120.747482"><ele>739.1</ele></trkpt>
      <trkpt lat="-8.532319" lon="120.747285"><ele>742.9</ele></trkpt>
      <trkpt lat="-8.532638" lon="120.746896"><ele>749.5</ele></trkpt>
      <trkpt lat="-8.532948" lon="120.746732"><ele>757.5</ele></trkpt>
      <trkpt lat="-8.533015" lon="120.746442"><ele>760.5</ele></trkpt>
      <trkpt lat="-8.533233" lon="120.746066"><ele>764.7</ele></trkpt>
      <trkpt lat="-8.533323" lon="120.745649"><ele>770.4</ele></trkpt>
      <trkpt lat="-8.533702" lon="120.745562"><ele>771.2</ele></trkpt>
      <trkpt lat="-8.533978" lon="120.745298"><ele>772.2</ele></trkpt>
      <trkpt lat="-8.534070" lon="120.744772"><ele>770.3</ele></trkpt>
      <trkpt lat="-8.533979" lon="120.744587"><ele>768.4</ele></trkpt>
      <trkpt lat="-8.533824" lon="120.744475"><ele>770.7</ele></trkpt>
      <trkpt lat="-8.532616" lon="120.744084"><ele>788.1</ele></trkpt>
      <trkpt lat="-8.532149" lon="120.743507"><ele>796.7</ele></trkpt>
      <trkpt lat="-8.532241" lon="120.743309"><ele>791.3</ele></trkpt>
      <trkpt lat="-8.532679" lon="120.743112"><ele>784.7</ele></trkpt>
      <trkpt lat="-8.533166" lon="120.743009"><ele>782.7</ele></trkpt>
      <trkpt lat="-8.533348" lon="120.742876"><ele>783.0</ele></trkpt>
      <trkpt lat="-8.533394" lon="120.742302"><ele>783.7</ele></trkpt>
      <trkpt lat="-8.533248" lon="120.741780"><ele>779.9</ele></trkpt>
      <trkpt lat="-8.532806" lon="120.741179"><ele>782.0</ele></trkpt>
      <trkpt lat="-8.532105" lon="120.741145"><ele>785.7</ele></trkpt>
      <trkpt lat="-8.531054" lon="120.740608"><ele>788.1</ele></trkpt>
      <trkpt lat="-8.530733" lon="120.740580"><ele>788.8</ele></trkpt>
      <trkpt lat="-8.530238" lon="120.740684"><ele>781.9</ele></trkpt>
      <trkpt lat="-8.530025" lon="120.740624"><ele>781.5</ele></trkpt>
      <trkpt lat="-8.529658" lon="120.740280"><ele>781.0</ele></trkpt>
      <trkpt lat="-8.529460" lon="120.739912"><ele>782.9</ele></trkpt>
      <trkpt lat="-8.529203" lon="120.739630"><ele>786.7</ele></trkpt>
      <trkpt lat="-8.529158" lon="120.738905"><ele>782.0</ele></trkpt>
      <trkpt lat="-8.529308" lon="120.738285"><ele>780.8</ele></trkpt>
      <trkpt lat="-8.529234" lon="120.738107"><ele>784.1</ele></trkpt>
      <trkpt lat="-8.529035" lon="120.738150"><ele>787.1</ele></trkpt>
      <trkpt lat="-8.528928" lon="120.738059"><ele>792.8</ele></trkpt>
      <trkpt lat="-8.528698" lon="120.738033"><ele>799.1</ele></trkpt>
      <trkpt lat="-8.528511" lon="120.738282"><ele>794.9</ele></trkpt>
      <trkpt lat="-8.528411" lon="120.738315"><ele>794.8</ele></trkpt>
      <trkpt lat="-8.528102" lon="120.738225"><ele>797.2</ele></trkpt>
      <trkpt lat="-8.527795" lon="120.738251"><ele>796.5</ele></trkpt>
      <trkpt lat="-8.527578" lon="120.738131"><ele>795.3</ele></trkpt>
      <trkpt lat="-8.527289" lon="120.738098"><ele>791.5</ele></trkpt>
      <trkpt lat="-8.527135" lon="120.737964"><ele>792.0</ele></trkpt>
      <trkpt lat="-8.527021" lon="120.737757"><ele>794.5</ele></trkpt>
      <trkpt lat="-8.527023" lon="120.737577"><ele>793.3</ele></trkpt>
      <trkpt lat="-8.527321" lon="120.736825"><ele>791.5</ele></trkpt>
      <trkpt lat="-8.527421" lon="120.736666"><ele>791.4</ele></trkpt>
      <trkpt lat="-8.527777" lon="120.736386"><ele>792.9</ele></trkpt>
      <trkpt lat="-8.527872" lon="120.735922"><ele>789.1</ele></trkpt>
      <trkpt lat="-8.528069" lon="120.735727"><ele>798.8</ele></trkpt>
      <trkpt lat="-8.528117" lon="120.735548"><ele>801.5</ele></trkpt>
      <trkpt lat="-8.527816" lon="120.735344"><ele>789.9</ele></trkpt>
      <trkpt lat="-8.527750" lon="120.735206"><ele>787.6</ele></trkpt>
      <trkpt lat="-8.527913" lon="120.734769"><ele>795.4</ele></trkpt>
      <trkpt lat="-8.527685" lon="120.734056"><ele>801.6</ele></trkpt>
      <trkpt lat="-8.527572" lon="120.734040"><ele>804.1</ele></trkpt>
      <trkpt lat="-8.527297" lon="120.734338"><ele>798.0</ele></trkpt>
      <trkpt lat="-8.527004" lon="120.734436"><ele>797.0</ele></trkpt>
      <trkpt lat="-8.526289" lon="120.734008"><ele>788.8</ele></trkpt>
      <trkpt lat="-8.526022" lon="120.733334"><ele>789.1</ele></trkpt>
      <trkpt lat="-8.526224" lon="120.732281"><ele>776.6</ele></trkpt>
      <trkpt lat="-8.526150" lon="120.732071"><ele>774.2</ele></trkpt>
      <trkpt lat="-8.525754" lon="120.731604"><ele>768.7</ele></trkpt>
      <trkpt lat="-8.525791" lon="120.731179"><ele>766.2</ele></trkpt>
      <trkpt lat="-8.525642" lon="120.731022"><ele>766.1</ele></trkpt>
      <trkpt lat="-8.525487" lon="120.730999"><ele>766.5</ele></trkpt>
      <trkpt lat="-8.525243" lon="120.731094"><ele>768.5</ele></trkpt>
      <trkpt lat="-8.524923" lon="120.730706"><ele>771.2</ele></trkpt>
      <trkpt lat="-8.524446" lon="120.730404"><ele>776.4</ele></trkpt>
      <trkpt lat="-8.524232" lon="120.730352"><ele>778.7</ele></trkpt>
      <trkpt lat="-8.523810" lon="120.730735"><ele>773.6</ele></trkpt>
      <trkpt lat="-8.523856" lon="120.731116"><ele>766.6</ele></trkpt>
      <trkpt lat="-8.523763" lon="120.731390"><ele>766.1</ele></trkpt>
      <trkpt lat="-8.523830" lon="120.731799"><ele>770.3</ele></trkpt>
      <trkpt lat="-8.522242" lon="120.732124"><ele>764.3</ele></trkpt>
      <trkpt lat="-8.521589" lon="120.732160"><ele>751.2</ele></trkpt>
      <trkpt lat="-8.521336" lon="120.732064"><ele>744.7</ele></trkpt>
      <trkpt lat="-8.520852" lon="120.731667"><ele>737.3</ele></trkpt>
      <trkpt lat="-8.520571" lon="120.731636"><ele>737.6</ele></trkpt>
      <trkpt lat="-8.520291" lon="120.731789"><ele>739.1</ele></trkpt>
      <trkpt lat="-8.519494" lon="120.731837"><ele>747.1</ele></trkpt>
      <trkpt lat="-8.518638" lon="120.732533"><ele>754.4</ele></trkpt>
      <trkpt lat="-8.518765" lon="120.732853"><ele>753.6</ele></trkpt>
      <trkpt lat="-8.518771" lon="120.733243"><ele>760.3</ele></trkpt>
      <trkpt lat="-8.518480" lon="120.732952"><ele>767.3</ele></trkpt>
      <trkpt lat="-8.518300" lon="120.732881"><ele>771.8</ele></trkpt>
      <trkpt lat="-8.518362" lon="120.733107"><ele>777.1</ele></trkpt>
      <trkpt lat="-8.518302" lon="120.733566"><ele>790.9</ele></trkpt>
      <trkpt lat="-8.518466" lon="120.733853"><ele>786.5</ele></trkpt>
      <trkpt lat="-8.518435" lon="120.734112"><ele>792.3</ele></trkpt>
      <trkpt lat="-8.518514" lon="120.734422"><ele>784.6</ele></trkpt>
      <trkpt lat="-8.518468" lon="120.734555"><ele>784.6</ele></trkpt>
      <trkpt lat="-8.518240" lon="120.734672"><ele>792.0</ele></trkpt>
      <trkpt lat="-8.517104" lon="120.734629"><ele>836.2</ele></trkpt>
      <trkpt lat="-8.517003" lon="120.734890"><ele>826.2</ele></trkpt>
      <trkpt lat="-8.516793" lon="120.735039"><ele>819.3</ele></trkpt>
      <trkpt lat="-8.516540" lon="120.734980"><ele>819.4</ele></trkpt>
      <trkpt lat="-8.516221" lon="120.734716"><ele>820.5</ele></trkpt>
      <trkpt lat="-8.516150" lon="120.734023"><ele>817.4</ele></trkpt>
      <trkpt lat="-8.515815" lon="120.733617"><ele>811.5</ele></trkpt>
      <trkpt lat="-8.515100" lon="120.733279"><ele>791.9</ele></trkpt>
      <trkpt lat="-8.514899" lon="120.733047"><ele>788.9</ele></trkpt>
      <trkpt lat="-8.514590" lon="120.732846"><ele>779.7</ele></trkpt>
      <trkpt lat="-8.514314" lon="120.732797"><ele>779.5</ele></trkpt>
      <trkpt lat="-8.513986" lon="120.732602"><ele>777.7</ele></trkpt>
      <trkpt lat="-8.513657" lon="120.732854"><ele>780.2</ele></trkpt>
      <trkpt lat="-8.513402" lon="120.732855"><ele>780.3</ele></trkpt>
      <trkpt lat="-8.513091" lon="120.732506"><ele>780.1</ele></trkpt>
      <trkpt lat="-8.512874" lon="120.732408"><ele>780.1</ele></trkpt>
      <trkpt lat="-8.512014" lon="120.732581"><ele>780.0</ele></trkpt>
      <trkpt lat="-8.511931" lon="120.732664"><ele>782.7</ele></trkpt>
      <trkpt lat="-8.511882" lon="120.733063"><ele>784.1</ele></trkpt>
      <trkpt lat="-8.511647" lon="120.733225"><ele>786.6</ele></trkpt>
      <trkpt lat="-8.511390" lon="120.733601"><ele>784.1</ele></trkpt>
      <trkpt lat="-8.511072" lon="120.733651"><ele>778.9</ele></trkpt>
      <trkpt lat="-8.510650" lon="120.734149"><ele>767.3</ele></trkpt>
      <trkpt lat="-8.510412" lon="120.734162"><ele>764.9</ele></trkpt>
      <trkpt lat="-8.510262" lon="120.734651"><ele>764.0</ele></trkpt>
      <trkpt lat="-8.509800" lon="120.735169"><ele>770.5</ele></trkpt>
      <trkpt lat="-8.509745" lon="120.735590"><ele>776.5</ele></trkpt>
      <trkpt lat="-8.509221" lon="120.735905"><ele>788.9</ele></trkpt>
      <trkpt lat="-8.509213" lon="120.736225"><ele>800.5</ele></trkpt>
      <trkpt lat="-8.509384" lon="120.736546"><ele>800.7</ele></trkpt>
      <trkpt lat="-8.509477" lon="120.736988"><ele>796.9</ele></trkpt>
      <trkpt lat="-8.509406" lon="120.737102"><ele>799.7</ele></trkpt>
      <trkpt lat="-8.509057" lon="120.737121"><ele>810.8</ele></trkpt>
      <trkpt lat="-8.508180" lon="120.736676"><ele>817.0</ele></trkpt>
      <trkpt lat="-8.507601" lon="120.736964"><ele>826.9</ele></trkpt>
      <trkpt lat="-8.506824" lon="120.736829"><ele>834.7</ele></trkpt>
      <trkpt lat="-8.506469" lon="120.736501"><ele>834.6</ele></trkpt>
      <trkpt lat="-8.506286" lon="120.736596"><ele>832.5</ele></trkpt>
      <trkpt lat="-8.505780" lon="120.736602"><ele>834.6</ele></trkpt>
      <trkpt lat="-8.505550" lon="120.736777"><ele>838.5</ele></trkpt>
      <trkpt lat="-8.505487" lon="120.736977"><ele>836.5</ele></trkpt>
      <trkpt lat="-8.505159" lon="120.737422"><ele>834.3</ele></trkpt>
      <trkpt lat="-8.504837" lon="120.737541"><ele>839.0</ele></trkpt>
      <trkpt lat="-8.504916" lon="120.737936"><ele>829.5</ele></trkpt>
      <trkpt lat="-8.504476" lon="120.738137"><ele>836.5</ele></trkpt>
      <trkpt lat="-8.504343" lon="120.738702"><ele>825.0</ele></trkpt>
      <trkpt lat="-8.503986" lon="120.739237"><ele>822.7</ele></trkpt>
      <trkpt lat="-8.502897" lon="120.740020"><ele>818.2</ele></trkpt>
      <trkpt lat="-8.502221" lon="120.740051"><ele>808.3</ele></trkpt>
      <trkpt lat="-8.501563" lon="120.739811"><ele>807.7</ele></trkpt>
      <trkpt lat="-8.501268" lon="120.739784"><ele>805.1</ele></trkpt>
      <trkpt lat="-8.500274" lon="120.739839"><ele>803.4</ele></trkpt>
      <trkpt lat="-8.499315" lon="120.740137"><ele>817.8</ele></trkpt>
      <trkpt lat="-8.498523" lon="120.740099"><ele>831.5</ele></trkpt>
      <trkpt lat="-8.498102" lon="120.739958"><ele>837.7</ele></trkpt>
      <trkpt lat="-8.497682" lon="120.739957"><ele>840.2</ele></trkpt>
      <trkpt lat="-8.496796" lon="120.740493"><ele>861.6</ele></trkpt>
      <trkpt lat="-8.496508" lon="120.740122"><ele>871.1</ele></trkpt>
      <trkpt lat="-8.495065" lon="120.739715"><ele>850.2</ele></trkpt>
      <trkpt lat="-8.494711" lon="120.739864"><ele>844.0</ele></trkpt>
      <trkpt lat="-8.494195" lon="120.739593"><ele>839.9</ele></trkpt>
      <trkpt lat="-8.493485" lon="120.739606"><ele>840.7</ele></trkpt>
      <trkpt lat="-8.493654" lon="120.739435"><ele>838.8</ele></trkpt>
      <trkpt lat="-8.493679" lon="120.739294"><ele>837.4</ele></trkpt>
      <trkpt lat="-8.493336" lon="120.738248"><ele>830.3</ele></trkpt>
      <trkpt lat="-8.493460" lon="120.738202"><ele>824.1</ele></trkpt>
      <trkpt lat="-8.494067" lon="120.738456"><ele>813.5</ele></trkpt>
      <trkpt lat="-8.494116" lon="120.738223"><ele>809.1</ele></trkpt>
      <trkpt lat="-8.494568" lon="120.737664"><ele>795.3</ele></trkpt>
      <trkpt lat="-8.494850" lon="120.737483"><ele>787.2</ele></trkpt>
      <trkpt lat="-8.494526" lon="120.737350"><ele>789.3</ele></trkpt>
      <trkpt lat="-8.494501" lon="120.737174"><ele>786.5</ele></trkpt>
      <trkpt lat="-8.494379" lon="120.737049"><ele>787.4</ele></trkpt>
      <trkpt lat="-8.494164" lon="120.737031"><ele>791.3</ele></trkpt>
      <trkpt lat="-8.493848" lon="120.737142"><ele>799.8</ele></trkpt>
      <trkpt lat="-8.493760" lon="120.737068"><ele>799.8</ele></trkpt>
      <trkpt lat="-8.493522" lon="120.736483"><ele>800.3</ele></trkpt>
      <trkpt lat="-8.493554" lon="120.736136"><ele>803.4</ele></trkpt>
      <trkpt lat="-8.493459" lon="120.735608"><ele>805.2</ele></trkpt>
      <trkpt lat="-8.493319" lon="120.735427"><ele>808.5</ele></trkpt>
      <trkpt lat="-8.493277" lon="120.735146"><ele>809.2</ele></trkpt>
      <trkpt lat="-8.493105" lon="120.734823"><ele>815.6</ele></trkpt>
      <trkpt lat="-8.493260" lon="120.734396"><ele>809.9</ele></trkpt>
      <trkpt lat="-8.493216" lon="120.734118"><ele>814.0</ele></trkpt>
      <trkpt lat="-8.493071" lon="120.733848"><ele>816.7</ele></trkpt>
      <trkpt lat="-8.492624" lon="120.733577"><ele>803.8</ele></trkpt>
      <trkpt lat="-8.492149" lon="120.734157"><ele>804.1</ele></trkpt>
      <trkpt lat="-8.491975" lon="120.734175"><ele>803.6</ele></trkpt>
      <trkpt lat="-8.491751" lon="120.734045"><ele>798.7</ele></trkpt>
      <trkpt lat="-8.491530" lon="120.734046"><ele>801.6</ele></trkpt>
      <trkpt lat="-8.491501" lon="120.733873"><ele>796.9</ele></trkpt>
      <trkpt lat="-8.491184" lon="120.733496"><ele>801.1</ele></trkpt>
      <trkpt lat="-8.491185" lon="120.733112"><ele>797.4</ele></trkpt>
      <trkpt lat="-8.491386" lon="120.732825"><ele>790.2</ele></trkpt>
      <trkpt lat="-8.491181" lon="120.732496"><ele>790.6</ele></trkpt>
      <trkpt lat="-8.491064" lon="120.732504"><ele>791.6</ele></trkpt>
      <trkpt lat="-8.490715" lon="120.732748"><ele>797.5</ele></trkpt>
      <trkpt lat="-8.490216" lon="120.733282"><ele>804.7</ele></trkpt>
      <trkpt lat="-8.489990" lon="120.733009"><ele>795.7</ele></trkpt>
      <trkpt lat="-8.488844" lon="120.733122"><ele>812.9</ele></trkpt>
      <trkpt lat="-8.488020" lon="120.732635"><ele>799.9</ele></trkpt>
      <trkpt lat="-8.486647" lon="120.732147"><ele>795.7</ele></trkpt>
      <trkpt lat="-8.486157" lon="120.731442"><ele>782.6</ele></trkpt>
      <trkpt lat="-8.486281" lon="120.731411"><ele>778.0</ele></trkpt>
      <trkpt lat="-8.486816" lon="120.731680"><ele>773.3</ele></trkpt>
      <trkpt lat="-8.486895" lon="120.731661"><ele>771.6</ele></trkpt>
      <trkpt lat="-8.486823" lon="120.731284"><ele>761.3</ele></trkpt>
      <trkpt lat="-8.486562" lon="120.731022"><ele>758.8</ele></trkpt>
      <trkpt lat="-8.486313" lon="120.730919"><ele>762.9</ele></trkpt>
      <trkpt lat="-8.486435" lon="120.730217"><ele>742.6</ele></trkpt>
      <trkpt lat="-8.486584" lon="120.729862"><ele>729.6</ele></trkpt>
      <trkpt lat="-8.486537" lon="120.728557"><ele>712.4</ele></trkpt>
      <trkpt lat="-8.486436" lon="120.728374"><ele>712.3</ele></trkpt>
      <trkpt lat="-8.486242" lon="120.728310"><ele>715.5</ele></trkpt>
      <trkpt lat="-8.486212" lon="120.728073"><ele>709.4</ele></trkpt>
      <trkpt lat="-8.486045" lon="120.727868"><ele>703.1</ele></trkpt>
      <trkpt lat="-8.485694" lon="120.727924"><ele>702.8</ele></trkpt>
      <trkpt lat="-8.485547" lon="120.727723"><ele>693.2</ele></trkpt>
      <trkpt lat="-8.485082" lon="120.727434"><ele>684.9</ele></trkpt>
      <trkpt lat="-8.483770" lon="120.727339"><ele>682.3</ele></trkpt>
      <trkpt lat="-8.483081" lon="120.727067"><ele>680.4</ele></trkpt>
      <trkpt lat="-8.482439" lon="120.727188"><ele>680.7</ele></trkpt>
      <trkpt lat="-8.481912" lon="120.727120"><ele>677.5</ele></trkpt>
      <trkpt lat="-8.481549" lon="120.727168"><ele>676.6</ele></trkpt>
      <trkpt lat="-8.481203" lon="120.727503"><ele>680.1</ele></trkpt>
      <trkpt lat="-8.481097" lon="120.727516"><ele>679.5</ele></trkpt>
      <trkpt lat="-8.480987" lon="120.727227"><ele>676.3</ele></trkpt>
      <trkpt lat="-8.480677" lon="120.726953"><ele>676.1</ele></trkpt>
      <trkpt lat="-8.479799" lon="120.726761"><ele>670.4</ele></trkpt>
      <trkpt lat="-8.479698" lon="120.726500"><ele>661.5</ele></trkpt>
      <trkpt lat="-8.479456" lon="120.726216"><ele>656.1</ele></trkpt>
      <trkpt lat="-8.479205" lon="120.726217"><ele>653.9</ele></trkpt>
      <trkpt lat="-8.478812" lon="120.726460"><ele>651.7</ele></trkpt>
      <trkpt lat="-8.478178" lon="120.726340"><ele>638.4</ele></trkpt>
      <trkpt lat="-8.477774" lon="120.726478"><ele>636.0</ele></trkpt>
      <trkpt lat="-8.477680" lon="120.726336"><ele>636.7</ele></trkpt>
      <trkpt lat="-8.477711" lon="120.725744"><ele>639.3</ele></trkpt>
      <trkpt lat="-8.477588" lon="120.725631"><ele>643.2</ele></trkpt>
      <trkpt lat="-8.476946" lon="120.725915"><ele>653.4</ele></trkpt>
      <trkpt lat="-8.476760" lon="120.726121"><ele>655.3</ele></trkpt>
      <trkpt lat="-8.476105" lon="120.726173"><ele>664.2</ele></trkpt>
      <trkpt lat="-8.475918" lon="120.726068"><ele>674.1</ele></trkpt>
      <trkpt lat="-8.475389" lon="120.726301"><ele>677.7</ele></trkpt>
      <trkpt lat="-8.474898" lon="120.726193"><ele>678.1</ele></trkpt>
      <trkpt lat="-8.474538" lon="120.725992"><ele>678.6</ele></trkpt>
      <trkpt lat="-8.474250" lon="120.725962"><ele>678.1</ele></trkpt>
      <trkpt lat="-8.474036" lon="120.725834"><ele>681.5</ele></trkpt>
      <trkpt lat="-8.473776" lon="120.725825"><ele>680.1</ele></trkpt>
      <trkpt lat="-8.473127" lon="120.725273"><ele>681.6</ele></trkpt>
      <trkpt lat="-8.472700" lon="120.725389"><ele>675.8</ele></trkpt>
      <trkpt lat="-8.472464" lon="120.725549"><ele>672.9</ele></trkpt>
      <trkpt lat="-8.471620" lon="120.725661"><ele>665.1</ele></trkpt>
      <trkpt lat="-8.471135" lon="120.725566"><ele>662.3</ele></trkpt>
      <trkpt lat="-8.471221" lon="120.725419"><ele>657.3</ele></trkpt>
      <trkpt lat="-8.471505" lon="120.725411"><ele>656.5</ele></trkpt>
      <trkpt lat="-8.471498" lon="120.725270"><ele>651.6</ele></trkpt>
      <trkpt lat="-8.471409" lon="120.725209"><ele>650.6</ele></trkpt>
      <trkpt lat="-8.470639" lon="120.725024"><ele>637.1</ele></trkpt>
      <trkpt lat="-8.469836" lon="120.724974"><ele>648.6</ele></trkpt>
      <trkpt lat="-8.470058" lon="120.724760"><ele>640.7</ele></trkpt>
      <trkpt lat="-8.470185" lon="120.724517"><ele>639.8</ele></trkpt>
      <trkpt lat="-8.470959" lon="120.723958"><ele>635.4</ele></trkpt>
      <trkpt lat="-8.471202" lon="120.723620"><ele>626.7</ele></trkpt>
      <trkpt lat="-8.471406" lon="120.722651"><ele>622.2</ele></trkpt>
      <trkpt lat="-8.471334" lon="120.721930"><ele>623.4</ele></trkpt>
      <trkpt lat="-8.472069" lon="120.721301"><ele>602.4</ele></trkpt>
      <trkpt lat="-8.472263" lon="120.720646"><ele>597.4</ele></trkpt>
      <trkpt lat="-8.472466" lon="120.720443"><ele>591.0</ele></trkpt>
      <trkpt lat="-8.472477" lon="120.720182"><ele>588.1</ele></trkpt>
      <trkpt lat="-8.471990" lon="120.719964"><ele>587.4</ele></trkpt>
      <trkpt lat="-8.471437" lon="120.719950"><ele>586.1</ele></trkpt>
      <trkpt lat="-8.471307" lon="120.719831"><ele>585.5</ele></trkpt>
      <trkpt lat="-8.471280" lon="120.719636"><ele>585.3</ele></trkpt>
      <trkpt lat="-8.471533" lon="120.719410"><ele>583.0</ele></trkpt>
      <trkpt lat="-8.471746" lon="120.719358"><ele>584.3</ele></trkpt>
      <trkpt lat="-8.472330" lon="120.718953"><ele>593.3</ele></trkpt>
      <trkpt lat="-8.472661" lon="120.718832"><ele>591.9</ele></trkpt>
      <trkpt lat="-8.472806" lon="120.718497"><ele>604.4</ele></trkpt>
      <trkpt lat="-8.473124" lon="120.718225"><ele>601.9</ele></trkpt>
      <trkpt lat="-8.473248" lon="120.717788"><ele>602.0</ele></trkpt>
      <trkpt lat="-8.473016" lon="120.717448"><ele>607.0</ele></trkpt>
      <trkpt lat="-8.473592" lon="120.716536"><ele>604.4</ele></trkpt>
      <trkpt lat="-8.473807" lon="120.715842"><ele>597.4</ele></trkpt>
      <trkpt lat="-8.473768" lon="120.715673"><ele>595.4</ele></trkpt>
      <trkpt lat="-8.473306" lon="120.715562"><ele>600.3</ele></trkpt>
      <trkpt lat="-8.473218" lon="120.715474"><ele>604.0</ele></trkpt>
      <trkpt lat="-8.473270" lon="120.715282"><ele>601.7</ele></trkpt>
      <trkpt lat="-8.473689" lon="120.714645"><ele>593.2</ele></trkpt>
      <trkpt lat="-8.473707" lon="120.713524"><ele>577.7</ele></trkpt>
      <trkpt lat="-8.473584" lon="120.713448"><ele>574.5</ele></trkpt>
      <trkpt lat="-8.472908" lon="120.713567"><ele>577.9</ele></trkpt>
      <trkpt lat="-8.472192" lon="120.713195"><ele>569.0</ele></trkpt>
      <trkpt lat="-8.472003" lon="120.712806"><ele>568.7</ele></trkpt>
      <trkpt lat="-8.472096" lon="120.712302"><ele>559.4</ele></trkpt>
      <trkpt lat="-8.471960" lon="120.712046"><ele>559.6</ele></trkpt>
      <trkpt lat="-8.471816" lon="120.711484"><ele>548.8</ele></trkpt>
      <trkpt lat="-8.471442" lon="120.711029"><ele>551.4</ele></trkpt>
      <trkpt lat="-8.471132" lon="120.710440"><ele>552.1</ele></trkpt>
      <trkpt lat="-8.471431" lon="120.710159"><ele>549.9</ele></trkpt>
      <trkpt lat="-8.472288" lon="120.708922"><ele>541.6</ele></trkpt>
      <trkpt lat="-8.472389" lon="120.708225"><ele>536.5</ele></trkpt>
      <trkpt lat="-8.472354" lon="120.708001"><ele>532.0</ele></trkpt>
      <trkpt lat="-8.472235" lon="120.707849"><ele>528.3</ele></trkpt>
      <trkpt lat="-8.471721" lon="120.707566"><ele>540.7</ele></trkpt>
      <trkpt lat="-8.471673" lon="120.707477"><ele>542.3</ele></trkpt>
      <trkpt lat="-8.472243" lon="120.706566"><ele>524.0</ele></trkpt>
      <trkpt lat="-8.472135" lon="120.705637"><ele>526.4</ele></trkpt>
      <trkpt lat="-8.472506" lon="120.704988"><ele>505.4</ele></trkpt>
      <trkpt lat="-8.473058" lon="120.704416"><ele>495.9</ele></trkpt>
      <trkpt lat="-8.473214" lon="120.704100"><ele>499.6</ele></trkpt>
      <trkpt lat="-8.473814" lon="120.703495"><ele>501.8</ele></trkpt>
      <trkpt lat="-8.473987" lon="120.703193"><ele>498.3</ele></trkpt>
      <trkpt lat="-8.473901" lon="120.702714"><ele>496.3</ele></trkpt>
      <trkpt lat="-8.473570" lon="120.701974"><ele>499.5</ele></trkpt>
      <trkpt lat="-8.473067" lon="120.701529"><ele>510.1</ele></trkpt>
      <trkpt lat="-8.472945" lon="120.701331"><ele>512.6</ele></trkpt>
      <trkpt lat="-8.473184" lon="120.700795"><ele>500.4</ele></trkpt>
      <trkpt lat="-8.473197" lon="120.700555"><ele>503.4</ele></trkpt>
      <trkpt lat="-8.473448" lon="120.700281"><ele>498.9</ele></trkpt>
      <trkpt lat="-8.473478" lon="120.699991"><ele>500.5</ele></trkpt>
      <trkpt lat="-8.473813" lon="120.699551"><ele>501.3</ele></trkpt>
      <trkpt lat="-8.474077" lon="120.699042"><ele>498.6</ele></trkpt>
      <trkpt lat="-8.473938" lon="120.698842"><ele>501.5</ele></trkpt>
      <trkpt lat="-8.473517" lon="120.698834"><ele>505.6</ele></trkpt>
      <trkpt lat="-8.472939" lon="120.698582"><ele>507.8</ele></trkpt>
      <trkpt lat="-8.472424" lon="120.698663"><ele>503.9</ele></trkpt>
      <trkpt lat="-8.472203" lon="120.698884"><ele>507.1</ele></trkpt>
      <trkpt lat="-8.470164" lon="120.699411"><ele>491.4</ele></trkpt>
      <trkpt lat="-8.469615" lon="120.699350"><ele>486.7</ele></trkpt>
      <trkpt lat="-8.469467" lon="120.699085"><ele>483.9</ele></trkpt>
      <trkpt lat="-8.469475" lon="120.698692"><ele>481.7</ele></trkpt>
      <trkpt lat="-8.469648" lon="120.698351"><ele>482.2</ele></trkpt>
      <trkpt lat="-8.470238" lon="120.697891"><ele>476.9</ele></trkpt>
      <trkpt lat="-8.470413" lon="120.697562"><ele>472.1</ele></trkpt>
      <trkpt lat="-8.470351" lon="120.697415"><ele>470.0</ele></trkpt>
      <trkpt lat="-8.469952" lon="120.697115"><ele>459.5</ele></trkpt>
      <trkpt lat="-8.469936" lon="120.696366"><ele>444.4</ele></trkpt>
      <trkpt lat="-8.469790" lon="120.696311"><ele>442.1</ele></trkpt>
      <trkpt lat="-8.469442" lon="120.696671"><ele>446.1</ele></trkpt>
      <trkpt lat="-8.469248" lon="120.696694"><ele>444.4</ele></trkpt>
      <trkpt lat="-8.468779" lon="120.696412"><ele>437.6</ele></trkpt>
      <trkpt lat="-8.468548" lon="120.695869"><ele>427.5</ele></trkpt>
      <trkpt lat="-8.468169" lon="120.695708"><ele>427.4</ele></trkpt>
      <trkpt lat="-8.467690" lon="120.695631"><ele>425.0</ele></trkpt>
      <trkpt lat="-8.467205" lon="120.695003"><ele>421.0</ele></trkpt>
      <trkpt lat="-8.466665" lon="120.694882"><ele>418.1</ele></trkpt>
      <trkpt lat="-8.466918" lon="120.694352"><ele>419.9</ele></trkpt>
      <trkpt lat="-8.467173" lon="120.694117"><ele>421.7</ele></trkpt>
      <trkpt lat="-8.468258" lon="120.694123"><ele>410.2</ele></trkpt>
      <trkpt lat="-8.468522" lon="120.694237"><ele>404.6</ele></trkpt>
      <trkpt lat="-8.469102" lon="120.694122"><ele>397.0</ele></trkpt>
      <trkpt lat="-8.469518" lon="120.693912"><ele>390.0</ele></trkpt>
      <trkpt lat="-8.469545" lon="120.693829"><ele>388.9</ele></trkpt>
      <trkpt lat="-8.469222" lon="120.693700"><ele>390.2</ele></trkpt>
      <trkpt lat="-8.469146" lon="120.693577"><ele>390.8</ele></trkpt>
      <trkpt lat="-8.469177" lon="120.692685"><ele>396.2</ele></trkpt>
      <trkpt lat="-8.469296" lon="120.692589"><ele>394.2</ele></trkpt>
      <trkpt lat="-8.469531" lon="120.692567"><ele>390.2</ele></trkpt>
      <trkpt lat="-8.469917" lon="120.691571"><ele>391.0</ele></trkpt>
      <trkpt lat="-8.470427" lon="120.690834"><ele>387.5</ele></trkpt>
      <trkpt lat="-8.470633" lon="120.690734"><ele>388.4</ele></trkpt>
      <trkpt lat="-8.471100" lon="120.690714"><ele>392.1</ele></trkpt>
      <trkpt lat="-8.471237" lon="120.690640"><ele>393.4</ele></trkpt>
      <trkpt lat="-8.471486" lon="120.689865"><ele>402.8</ele></trkpt>
      <trkpt lat="-8.471553" lon="120.689394"><ele>410.5</ele></trkpt>
      <trkpt lat="-8.471530" lon="120.688831"><ele>417.5</ele></trkpt>
      <trkpt lat="-8.471594" lon="120.688727"><ele>419.9</ele></trkpt>
      <trkpt lat="-8.471686" lon="120.688767"><ele>420.5</ele></trkpt>
      <trkpt lat="-8.472052" lon="120.689381"><ele>420.9</ele></trkpt>
      <trkpt lat="-8.472919" lon="120.689937"><ele>424.6</ele></trkpt>
      <trkpt lat="-8.473815" lon="120.689890"><ele>426.6</ele></trkpt>
      <trkpt lat="-8.474296" lon="120.689765"><ele>431.4</ele></trkpt>
      <trkpt lat="-8.475257" lon="120.690708"><ele>439.7</ele></trkpt>
      <trkpt lat="-8.476379" lon="120.691497"><ele>459.4</ele></trkpt>
      <trkpt lat="-8.476429" lon="120.691890"><ele>455.6</ele></trkpt>
      <trkpt lat="-8.476515" lon="120.691992"><ele>455.4</ele></trkpt>
      <trkpt lat="-8.477178" lon="120.691948"><ele>460.4</ele></trkpt>
      <trkpt lat="-8.477851" lon="120.692031"><ele>470.4</ele></trkpt>
      <trkpt lat="-8.478629" lon="120.691830"><ele>479.0</ele></trkpt>
      <trkpt lat="-8.479814" lon="120.691238"><ele>501.3</ele></trkpt>
      <trkpt lat="-8.479861" lon="120.691090"><ele>507.3</ele></trkpt>
      <trkpt lat="-8.479553" lon="120.691012"><ele>510.3</ele></trkpt>
      <trkpt lat="-8.479097" lon="120.691009"><ele>508.6</ele></trkpt>
      <trkpt lat="-8.479041" lon="120.690915"><ele>510.9</ele></trkpt>
      <trkpt lat="-8.479735" lon="120.690440"><ele>527.1</ele></trkpt>
      <trkpt lat="-8.479554" lon="120.690239"><ele>531.6</ele></trkpt>
      <trkpt lat="-8.479520" lon="120.690023"><ele>534.5</ele></trkpt>
      <trkpt lat="-8.479973" lon="120.690032"><ele>541.9</ele></trkpt>
      <trkpt lat="-8.480379" lon="120.689447"><ele>555.6</ele></trkpt>
      <trkpt lat="-8.480185" lon="120.689276"><ele>563.9</ele></trkpt>
      <trkpt lat="-8.479892" lon="120.689263"><ele>566.3</ele></trkpt>
      <trkpt lat="-8.479908" lon="120.689040"><ele>572.6</ele></trkpt>
      <trkpt lat="-8.480119" lon="120.688839"><ele>576.0</ele></trkpt>
      <trkpt lat="-8.479961" lon="120.688749"><ele>579.0</ele></trkpt>
      <trkpt lat="-8.479713" lon="120.688837"><ele>576.1</ele></trkpt>
      <trkpt lat="-8.479611" lon="120.688804"><ele>575.0</ele></trkpt>
      <trkpt lat="-8.479667" lon="120.688464"><ele>586.1</ele></trkpt>
      <trkpt lat="-8.478919" lon="120.687696"><ele>592.9</ele></trkpt>
      <trkpt lat="-8.478917" lon="120.687496"><ele>597.9</ele></trkpt>
      <trkpt lat="-8.479992" lon="120.687468"><ele>618.9</ele></trkpt>
      <trkpt lat="-8.480539" lon="120.687337"><ele>632.9</ele></trkpt>
      <trkpt lat="-8.482164" lon="120.687423"><ele>644.0</ele></trkpt>
      <trkpt lat="-8.482478" lon="120.687086"><ele>651.3</ele></trkpt>
      <trkpt lat="-8.482731" lon="120.686580"><ele>650.8</ele></trkpt>
      <trkpt lat="-8.483320" lon="120.686016"><ele>652.9</ele></trkpt>
      <trkpt lat="-8.483413" lon="120.686005"><ele>654.4</ele></trkpt>
      <trkpt lat="-8.483363" lon="120.685296"><ele>653.2</ele></trkpt>
      <trkpt lat="-8.483040" lon="120.685209"><ele>653.5</ele></trkpt>
      <trkpt lat="-8.482926" lon="120.684696"><ele>664.6</ele></trkpt>
      <trkpt lat="-8.482977" lon="120.684552"><ele>665.3</ele></trkpt>
      <trkpt lat="-8.483408" lon="120.684535"><ele>664.9</ele></trkpt>
      <trkpt lat="-8.483441" lon="120.684379"><ele>667.9</ele></trkpt>
      <trkpt lat="-8.483260" lon="120.683924"><ele>684.3</ele></trkpt>
      <trkpt lat="-8.483004" lon="120.683790"><ele>682.7</ele></trkpt>
      <trkpt lat="-8.482784" lon="120.683563"><ele>684.9</ele></trkpt>
      <trkpt lat="-8.482734" lon="120.683119"><ele>691.7</ele></trkpt>
      <trkpt lat="-8.482631" lon="120.682936"><ele>692.8</ele></trkpt>
      <trkpt lat="-8.482372" lon="120.682759"><ele>690.7</ele></trkpt>
      <trkpt lat="-8.481830" lon="120.682551"><ele>689.4</ele></trkpt>
      <trkpt lat="-8.481091" lon="120.682670"><ele>690.8</ele></trkpt>
      <trkpt lat="-8.480808" lon="120.682631"><ele>690.9</ele></trkpt>
      <trkpt lat="-8.480635" lon="120.682488"><ele>689.9</ele></trkpt>
      <trkpt lat="-8.480237" lon="120.682598"><ele>691.3</ele></trkpt>
      <trkpt lat="-8.479886" lon="120.682479"><ele>692.7</ele></trkpt>
      <trkpt lat="-8.479871" lon="120.682360"><ele>694.4</ele></trkpt>
      <trkpt lat="-8.480038" lon="120.682076"><ele>698.6</ele></trkpt>
      <trkpt lat="-8.479793" lon="120.681782"><ele>708.9</ele></trkpt>
      <trkpt lat="-8.479795" lon="120.681145"><ele>713.3</ele></trkpt>
      <trkpt lat="-8.479526" lon="120.680465"><ele>716.0</ele></trkpt>
      <trkpt lat="-8.479738" lon="120.679528"><ele>717.3</ele></trkpt>
      <trkpt lat="-8.479932" lon="120.679133"><ele>720.4</ele></trkpt>
      <trkpt lat="-8.479924" lon="120.678772"><ele>719.8</ele></trkpt>
      <trkpt lat="-8.479605" lon="120.678591"><ele>720.9</ele></trkpt>
      <trkpt lat="-8.478644" lon="120.678575"><ele>725.6</ele></trkpt>
      <trkpt lat="-8.478165" lon="120.678369"><ele>723.7</ele></trkpt>
      <trkpt lat="-8.477583" lon="120.677949"><ele>727.5</ele></trkpt>
      <trkpt lat="-8.477025" lon="120.678098"><ele>729.3</ele></trkpt>
      <trkpt lat="-8.476514" lon="120.677949"><ele>734.0</ele></trkpt>
      <trkpt lat="-8.476383" lon="120.677407"><ele>743.6</ele></trkpt>
      <trkpt lat="-8.475651" lon="120.677173"><ele>744.7</ele></trkpt>
      <trkpt lat="-8.475610" lon="120.677036"><ele>746.1</ele></trkpt>
      <trkpt lat="-8.475672" lon="120.676637"><ele>750.5</ele></trkpt>
      <trkpt lat="-8.475138" lon="120.676118"><ele>756.3</ele></trkpt>
      <trkpt lat="-8.475235" lon="120.675664"><ele>767.0</ele></trkpt>
      <trkpt lat="-8.475581" lon="120.675290"><ele>777.4</ele></trkpt>
      <trkpt lat="-8.475561" lon="120.675202"><ele>777.7</ele></trkpt>
      <trkpt lat="-8.475306" lon="120.675024"><ele>772.5</ele></trkpt>
      <trkpt lat="-8.474013" lon="120.674425"><ele>782.8</ele></trkpt>
      <trkpt lat="-8.473421" lon="120.674330"><ele>784.6</ele></trkpt>
      <trkpt lat="-8.472663" lon="120.674326"><ele>786.3</ele></trkpt>
      <trkpt lat="-8.471863" lon="120.674126"><ele>793.5</ele></trkpt>
      <trkpt lat="-8.471357" lon="120.674513"><ele>788.5</ele></trkpt>
      <trkpt lat="-8.470909" lon="120.674701"><ele>785.8</ele></trkpt>
      <trkpt lat="-8.470563" lon="120.675059"><ele>780.1</ele></trkpt>
      <trkpt lat="-8.470263" lon="120.675213"><ele>781.1</ele></trkpt>
      <trkpt lat="-8.469159" lon="120.675381"><ele>789.3</ele></trkpt>
      <trkpt lat="-8.468653" lon="120.675269"><ele>796.5</ele></trkpt>
      <trkpt lat="-8.468507" lon="120.675089"><ele>800.2</ele></trkpt>
      <trkpt lat="-8.468199" lon="120.674056"><ele>803.9</ele></trkpt>
      <trkpt lat="-8.467608" lon="120.673367"><ele>803.9</ele></trkpt>
      <trkpt lat="-8.467200" lon="120.672081"><ele>813.3</ele></trkpt>
      <trkpt lat="-8.467141" lon="120.671561"><ele>811.5</ele></trkpt>
      <trkpt lat="-8.467033" lon="120.671292"><ele>811.3</ele></trkpt>
      <trkpt lat="-8.466242" lon="120.670288"><ele>810.4</ele></trkpt>
      <trkpt lat="-8.465635" lon="120.670062"><ele>806.8</ele></trkpt>
      <trkpt lat="-8.465449" lon="120.669741"><ele>793.6</ele></trkpt>
      <trkpt lat="-8.464664" lon="120.669130"><ele>782.0</ele></trkpt>
      <trkpt lat="-8.464364" lon="120.668200"><ele>767.9</ele></trkpt>
      <trkpt lat="-8.464086" lon="120.667706"><ele>766.3</ele></trkpt>
      <trkpt lat="-8.463534" lon="120.667019"><ele>765.7</ele></trkpt>
      <trkpt lat="-8.463258" lon="120.666817"><ele>762.9</ele></trkpt>
      <trkpt lat="-8.463094" lon="120.666779"><ele>760.4</ele></trkpt>
      <trkpt lat="-8.462714" lon="120.666834"><ele>758.8</ele></trkpt>
      <trkpt lat="-8.462235" lon="120.667081"><ele>754.8</ele></trkpt>
      <trkpt lat="-8.461614" lon="120.667455"><ele>741.4</ele></trkpt>
      <trkpt lat="-8.461373" lon="120.667743"><ele>736.4</ele></trkpt>
      <trkpt lat="-8.461160" lon="120.668540"><ele>735.4</ele></trkpt>
      <trkpt lat="-8.461212" lon="120.669813"><ele>741.6</ele></trkpt>
      <trkpt lat="-8.461176" lon="120.670000"><ele>742.4</ele></trkpt>
      <trkpt lat="-8.460794" lon="120.670654"><ele>742.0</ele></trkpt>
      <trkpt lat="-8.460697" lon="120.671797"><ele>758.0</ele></trkpt>
      <trkpt lat="-8.460014" lon="120.672276"><ele>746.1</ele></trkpt>
      <trkpt lat="-8.459224" lon="120.673252"><ele>748.2</ele></trkpt>
      <trkpt lat="-8.458108" lon="120.673609"><ele>727.8</ele></trkpt>
      <trkpt lat="-8.457179" lon="120.674984"><ele>711.8</ele></trkpt>
      <trkpt lat="-8.456362" lon="120.675826"><ele>710.3</ele></trkpt>
      <trkpt lat="-8.455046" lon="120.676644"><ele>690.1</ele></trkpt>
      <trkpt lat="-8.454366" lon="120.677291"><ele>681.5</ele></trkpt>
      <trkpt lat="-8.453927" lon="120.677556"><ele>679.3</ele></trkpt>
      <trkpt lat="-8.452976" lon="120.677513"><ele>676.6</ele></trkpt>
      <trkpt lat="-8.452900" lon="120.677293"><ele>674.1</ele></trkpt>
      <trkpt lat="-8.453194" lon="120.676895"><ele>671.3</ele></trkpt>
      <trkpt lat="-8.453125" lon="120.676785"><ele>669.7</ele></trkpt>
      <trkpt lat="-8.451456" lon="120.676868"><ele>654.2</ele></trkpt>
      <trkpt lat="-8.451020" lon="120.676663"><ele>654.5</ele></trkpt>
      <trkpt lat="-8.450635" lon="120.676575"><ele>647.9</ele></trkpt>
      <trkpt lat="-8.450277" lon="120.676589"><ele>640.4</ele></trkpt>
      <trkpt lat="-8.449925" lon="120.676731"><ele>632.5</ele></trkpt>
      <trkpt lat="-8.449630" lon="120.676580"><ele>636.8</ele></trkpt>
      <trkpt lat="-8.449245" lon="120.676226"><ele>641.9</ele></trkpt>
      <trkpt lat="-8.448961" lon="120.675654"><ele>647.3</ele></trkpt>
      <trkpt lat="-8.448955" lon="120.675519"><ele>648.6</ele></trkpt>
      <trkpt lat="-8.449139" lon="120.675242"><ele>656.4</ele></trkpt>
      <trkpt lat="-8.449138" lon="120.675057"><ele>658.8</ele></trkpt>
      <trkpt lat="-8.448496" lon="120.674516"><ele>653.0</ele></trkpt>
      <trkpt lat="-8.448448" lon="120.673520"><ele>660.9</ele></trkpt>
      <trkpt lat="-8.448123" lon="120.673097"><ele>653.1</ele></trkpt>
      <trkpt lat="-8.447191" lon="120.672575"><ele>640.6</ele></trkpt>
      <trkpt lat="-8.446845" lon="120.672509"><ele>643.4</ele></trkpt>
      <trkpt lat="-8.446670" lon="120.672601"><ele>644.5</ele></trkpt>
      <trkpt lat="-8.445714" lon="120.674207"><ele>638.4</ele></trkpt>
      <trkpt lat="-8.445346" lon="120.674024"><ele>642.4</ele></trkpt>
      <trkpt lat="-8.445273" lon="120.673797"><ele>643.1</ele></trkpt>
      <trkpt lat="-8.445354" lon="120.673679"><ele>646.7</ele></trkpt>
      <trkpt lat="-8.445300" lon="120.673504"><ele>649.7</ele></trkpt>
      <trkpt lat="-8.445054" lon="120.673254"><ele>649.7</ele></trkpt>
      <trkpt lat="-8.444711" lon="120.673288"><ele>641.9</ele></trkpt>
      <trkpt lat="-8.444276" lon="120.673539"><ele>630.9</ele></trkpt>
      <trkpt lat="-8.443876" lon="120.673482"><ele>622.3</ele></trkpt>
      <trkpt lat="-8.443766" lon="120.673036"><ele>609.2</ele></trkpt>
      <trkpt lat="-8.443054" lon="120.672856"><ele>602.3</ele></trkpt>
      <trkpt lat="-8.442227" lon="120.672982"><ele>607.5</ele></trkpt>
      <trkpt lat="-8.441621" lon="120.673229"><ele>612.4</ele></trkpt>
      <trkpt lat="-8.441332" lon="120.673661"><ele>594.0</ele></trkpt>
      <trkpt lat="-8.440945" lon="120.673901"><ele>585.3</ele></trkpt>
      <trkpt lat="-8.440939" lon="120.673565"><ele>589.2</ele></trkpt>
      <trkpt lat="-8.440232" lon="120.673166"><ele>586.2</ele></trkpt>
      <trkpt lat="-8.440139" lon="120.673037"><ele>588.9</ele></trkpt>
      <trkpt lat="-8.439972" lon="120.672412"><ele>583.4</ele></trkpt>
      <trkpt lat="-8.439480" lon="120.672168"><ele>588.0</ele></trkpt>
      <trkpt lat="-8.439062" lon="120.672150"><ele>593.1</ele></trkpt>
      <trkpt lat="-8.437872" lon="120.672443"><ele>618.9</ele></trkpt>
      <trkpt lat="-8.437714" lon="120.672559"><ele>619.2</ele></trkpt>
      <trkpt lat="-8.437383" lon="120.672953"><ele>615.3</ele></trkpt>
      <trkpt lat="-8.437225" lon="120.673364"><ele>602.2</ele></trkpt>
      <trkpt lat="-8.436167" lon="120.674901"><ele>581.5</ele></trkpt>
      <trkpt lat="-8.435530" lon="120.675127"><ele>577.2</ele></trkpt>
      <trkpt lat="-8.435125" lon="120.675615"><ele>579.2</ele></trkpt>
      <trkpt lat="-8.435006" lon="120.676079"><ele>578.8</ele></trkpt>
      <trkpt lat="-8.434688" lon="120.676513"><ele>578.7</ele></trkpt>
      <trkpt lat="-8.433205" lon="120.677063"><ele>564.6</ele></trkpt>
      <trkpt lat="-8.432581" lon="120.677782"><ele>565.1</ele></trkpt>
      <trkpt lat="-8.432118" lon="120.678185"><ele>555.6</ele></trkpt>
      <trkpt lat="-8.431108" lon="120.678732"><ele>548.0</ele></trkpt>
      <trkpt lat="-8.430736" lon="120.678658"><ele>543.4</ele></trkpt>
      <trkpt lat="-8.429982" lon="120.678652"><ele>537.5</ele></trkpt>
      <trkpt lat="-8.429123" lon="120.678381"><ele>529.8</ele></trkpt>
      <trkpt lat="-8.428427" lon="120.678494"><ele>526.0</ele></trkpt>
      <trkpt lat="-8.428251" lon="120.678233"><ele>527.3</ele></trkpt>
      <trkpt lat="-8.427931" lon="120.677968"><ele>514.4</ele></trkpt>
      <trkpt lat="-8.426600" lon="120.677945"><ele>511.2</ele></trkpt>
      <trkpt lat="-8.424772" lon="120.678785"><ele>518.7</ele></trkpt>
      <trkpt lat="-8.424314" lon="120.678846"><ele>524.8</ele></trkpt>
      <trkpt lat="-8.423640" lon="120.679305"><ele>529.6</ele></trkpt>
      <trkpt lat="-8.423372" lon="120.679996"><ele>517.2</ele></trkpt>
      <trkpt lat="-8.423234" lon="120.680085"><ele>516.8</ele></trkpt>
      <trkpt lat="-8.422911" lon="120.680076"><ele>518.4</ele></trkpt>
      <trkpt lat="-8.422479" lon="120.680175"><ele>511.1</ele></trkpt>
      <trkpt lat="-8.422056" lon="120.680057"><ele>514.0</ele></trkpt>
      <trkpt lat="-8.420777" lon="120.680116"><ele>526.0</ele></trkpt>
      <trkpt lat="-8.420102" lon="120.679871"><ele>538.4</ele></trkpt>
      <trkpt lat="-8.419887" lon="120.679942"><ele>540.7</ele></trkpt>
      <trkpt lat="-8.419032" lon="120.679806"><ele>529.7</ele></trkpt>
      <trkpt lat="-8.418451" lon="120.679819"><ele>523.6</ele></trkpt>
      <trkpt lat="-8.418033" lon="120.679543"><ele>527.7</ele></trkpt>
      <trkpt lat="-8.417846" lon="120.679314"><ele>532.2</ele></trkpt>
      <trkpt lat="-8.417314" lon="120.679717"><ele>527.4</ele></trkpt>
      <trkpt lat="-8.416717" lon="120.680394"><ele>503.2</ele></trkpt>
      <trkpt lat="-8.416300" lon="120.680507"><ele>507.6</ele></trkpt>
      <trkpt lat="-8.416142" lon="120.680647"><ele>506.7</ele></trkpt>
      <trkpt lat="-8.415833" lon="120.681179"><ele>495.8</ele></trkpt>
      <trkpt lat="-8.415706" lon="120.681110"><ele>497.1</ele></trkpt>
      <trkpt lat="-8.415589" lon="120.680799"><ele>503.8</ele></trkpt>
      <trkpt lat="-8.414914" lon="120.680026"><ele>506.1</ele></trkpt>
      <trkpt lat="-8.414827" lon="120.680000"><ele>505.5</ele></trkpt>
      <trkpt lat="-8.414522" lon="120.680162"><ele>496.0</ele></trkpt>
      <trkpt lat="-8.414221" lon="120.680124"><ele>490.7</ele></trkpt>
      <trkpt lat="-8.414050" lon="120.680313"><ele>486.6</ele></trkpt>
      <trkpt lat="-8.413585" lon="120.680330"><ele>496.5</ele></trkpt>
      <trkpt lat="-8.413204" lon="120.680686"><ele>493.9</ele></trkpt>
      <trkpt lat="-8.412962" lon="120.680684"><ele>501.1</ele></trkpt>
      <trkpt lat="-8.412708" lon="120.680856"><ele>494.3</ele></trkpt>
      <trkpt lat="-8.412465" lon="120.680829"><ele>499.7</ele></trkpt>
      <trkpt lat="-8.412211" lon="120.680676"><ele>497.5</ele></trkpt>
      <trkpt lat="-8.411214" lon="120.680546"><ele>496.9</ele></trkpt>
      <trkpt lat="-8.410601" lon="120.680790"><ele>492.3</ele></trkpt>
      <trkpt lat="-8.409909" lon="120.680523"><ele>488.8</ele></trkpt>
      <trkpt lat="-8.409481" lon="120.680746"><ele>489.2</ele></trkpt>
      <trkpt lat="-8.408957" lon="120.680807"><ele>484.4</ele></trkpt>
      <trkpt lat="-8.408548" lon="120.681277"><ele>491.4</ele></trkpt>
      <trkpt lat="-8.408400" lon="120.681337"><ele>490.5</ele></trkpt>
      <trkpt lat="-8.407421" lon="120.680975"><ele>474.4</ele></trkpt>
      <trkpt lat="-8.406937" lon="120.680677"><ele>472.6</ele></trkpt>
      <trkpt lat="-8.406632" lon="120.680053"><ele>474.4</ele></trkpt>
      <trkpt lat="-8.405748" lon="120.679384"><ele>473.3</ele></trkpt>
      <trkpt lat="-8.405511" lon="120.679083"><ele>480.5</ele></trkpt>
      <trkpt lat="-8.404990" lon="120.678931"><ele>480.2</ele></trkpt>
      <trkpt lat="-8.404670" lon="120.678932"><ele>477.5</ele></trkpt>
      <trkpt lat="-8.404302" lon="120.679097"><ele>464.1</ele></trkpt>
      <trkpt lat="-8.403634" lon="120.679016"><ele>465.8</ele></trkpt>
      <trkpt lat="-8.403481" lon="120.678967"><ele>464.1</ele></trkpt>
      <trkpt lat="-8.403250" lon="120.678725"><ele>462.0</ele></trkpt>
      <trkpt lat="-8.403032" lon="120.678675"><ele>460.2</ele></trkpt>
      <trkpt lat="-8.402651" lon="120.678901"><ele>457.8</ele></trkpt>
      <trkpt lat="-8.402097" lon="120.679017"><ele>462.6</ele></trkpt>
      <trkpt lat="-8.401710" lon="120.679301"><ele>453.4</ele></trkpt>
      <trkpt lat="-8.401323" lon="120.679353"><ele>449.7</ele></trkpt>
      <trkpt lat="-8.400868" lon="120.679595"><ele>445.9</ele></trkpt>
      <trkpt lat="-8.400350" lon="120.680227"><ele>450.4</ele></trkpt>
      <trkpt lat="-8.400322" lon="120.680987"><ele>444.4</ele></trkpt>
      <trkpt lat="-8.399956" lon="120.681216"><ele>445.1</ele></trkpt>
      <trkpt lat="-8.399725" lon="120.681458"><ele>436.2</ele></trkpt>
      <trkpt lat="-8.399381" lon="120.681456"><ele>441.8</ele></trkpt>
      <trkpt lat="-8.399195" lon="120.681556"><ele>436.6</ele></trkpt>
      <trkpt lat="-8.398831" lon="120.681386"><ele>442.7</ele></trkpt>
      <trkpt lat="-8.398576" lon="120.681386"><ele>437.4</ele></trkpt>
      <trkpt lat="-8.397970" lon="120.681534"><ele>420.2</ele></trkpt>
      <trkpt lat="-8.397320" lon="120.681950"><ele>407.4</ele></trkpt>
      <trkpt lat="-8.397054" lon="120.682373"><ele>400.6</ele></trkpt>
      <trkpt lat="-8.396462" lon="120.682858"><ele>400.3</ele></trkpt>
      <trkpt lat="-8.396240" lon="120.683327"><ele>382.3</ele></trkpt>
      <trkpt lat="-8.396126" lon="120.683410"><ele>381.5</ele></trkpt>
      <trkpt lat="-8.395997" lon="120.683395"><ele>381.9</ele></trkpt>
      <trkpt lat="-8.395682" lon="120.683179"><ele>385.8</ele></trkpt>
      <trkpt lat="-8.395393" lon="120.682678"><ele>399.1</ele></trkpt>
      <trkpt lat="-8.395074" lon="120.682586"><ele>399.6</ele></trkpt>
      <trkpt lat="-8.394528" lon="120.682678"><ele>384.6</ele></trkpt>
      <trkpt lat="-8.394335" lon="120.682481"><ele>389.2</ele></trkpt>
      <trkpt lat="-8.394051" lon="120.682368"><ele>385.3</ele></trkpt>
      <trkpt lat="-8.393726" lon="120.681894"><ele>395.4</ele></trkpt>
      <trkpt lat="-8.393406" lon="120.681763"><ele>401.4</ele></trkpt>
      <trkpt lat="-8.393230" lon="120.681769"><ele>403.9</ele></trkpt>
      <trkpt lat="-8.392809" lon="120.682086"><ele>397.4</ele></trkpt>
      <trkpt lat="-8.392499" lon="120.682193"><ele>395.9</ele></trkpt>
      <trkpt lat="-8.392025" lon="120.682173"><ele>400.8</ele></trkpt>
      <trkpt lat="-8.390615" lon="120.681842"><ele>389.2</ele></trkpt>
      <trkpt lat="-8.390021" lon="120.682114"><ele>395.7</ele></trkpt>
      <trkpt lat="-8.389448" lon="120.682177"><ele>397.0</ele></trkpt>
      <trkpt lat="-8.389225" lon="120.682131"><ele>399.0</ele></trkpt>
      <trkpt lat="-8.388857" lon="120.682287"><ele>397.1</ele></trkpt>
      <trkpt lat="-8.388613" lon="120.682447"><ele>392.5</ele></trkpt>
      <trkpt lat="-8.388572" lon="120.682876"><ele>381.2</ele></trkpt>
      <trkpt lat="-8.388472" lon="120.683121"><ele>379.2</ele></trkpt>
      <trkpt lat="-8.388148" lon="120.683472"><ele>382.7</ele></trkpt>
      <trkpt lat="-8.387689" lon="120.683718"><ele>387.3</ele></trkpt>
      <trkpt lat="-8.387596" lon="120.683845"><ele>392.3</ele></trkpt>
      <trkpt lat="-8.387565" lon="120.684438"><ele>389.8</ele></trkpt>
      <trkpt lat="-8.387416" lon="120.684676"><ele>388.9</ele></trkpt>
      <trkpt lat="-8.386882" lon="120.685091"><ele>384.4</ele></trkpt>
      <trkpt lat="-8.386159" lon="120.685269"><ele>376.1</ele></trkpt>
      <trkpt lat="-8.385858" lon="120.685552"><ele>383.4</ele></trkpt>
      <trkpt lat="-8.385449" lon="120.685643"><ele>385.3</ele></trkpt>
      <trkpt lat="-8.385314" lon="120.686169"><ele>388.1</ele></trkpt>
      <trkpt lat="-8.385141" lon="120.686439"><ele>383.1</ele></trkpt>
      <trkpt lat="-8.384299" lon="120.686965"><ele>385.6</ele></trkpt>
      <trkpt lat="-8.384213" lon="120.686959"><ele>386.3</ele></trkpt>
      <trkpt lat="-8.383793" lon="120.686595"><ele>388.1</ele></trkpt>
      <trkpt lat="-8.383467" lon="120.686521"><ele>390.3</ele></trkpt>
      <trkpt lat="-8.383132" lon="120.686654"><ele>394.2</ele></trkpt>
      <trkpt lat="-8.382917" lon="120.687015"><ele>377.4</ele></trkpt>
      <trkpt lat="-8.382794" lon="120.687095"><ele>372.0</ele></trkpt>
      <trkpt lat="-8.382289" lon="120.687032"><ele>383.3</ele></trkpt>
      <trkpt lat="-8.382298" lon="120.687131"><ele>380.4</ele></trkpt>
      <trkpt lat="-8.382841" lon="120.687518"><ele>353.9</ele></trkpt>
      <trkpt lat="-8.383426" lon="120.687505"><ele>354.9</ele></trkpt>
      <trkpt lat="-8.383471" lon="120.687734"><ele>349.3</ele></trkpt>
      <trkpt lat="-8.383283" lon="120.688234"><ele>331.4</ele></trkpt>
      <trkpt lat="-8.383228" lon="120.688777"><ele>322.0</ele></trkpt>
      <trkpt lat="-8.383079" lon="120.689282"><ele>315.0</ele></trkpt>
      <trkpt lat="-8.382807" lon="120.689813"><ele>315.3</ele></trkpt>
      <trkpt lat="-8.382456" lon="120.690172"><ele>326.1</ele></trkpt>
      <trkpt lat="-8.382036" lon="120.690849"><ele>339.7</ele></trkpt>
      <trkpt lat="-8.381935" lon="120.691385"><ele>343.9</ele></trkpt>
      <trkpt lat="-8.381808" lon="120.691578"><ele>340.5</ele></trkpt>
      <trkpt lat="-8.380835" lon="120.692102"><ele>323.5</ele></trkpt>
      <trkpt lat="-8.380598" lon="120.691980"><ele>319.9</ele></trkpt>
      <trkpt lat="-8.380393" lon="120.692052"><ele>312.6</ele></trkpt>
      <trkpt lat="-8.380134" lon="120.692034"><ele>308.2</ele></trkpt>
      <trkpt lat="-8.379730" lon="120.691900"><ele>304.6</ele></trkpt>
      <trkpt lat="-8.379423" lon="120.691705"><ele>307.8</ele></trkpt>
      <trkpt lat="-8.379169" lon="120.691705"><ele>308.7</ele></trkpt>
      <trkpt lat="-8.378190" lon="120.692382"><ele>301.1</ele></trkpt>
      <trkpt lat="-8.377635" lon="120.692461"><ele>294.0</ele></trkpt>
      <trkpt lat="-8.377284" lon="120.692632"><ele>287.7</ele></trkpt>
      <trkpt lat="-8.376926" lon="120.692640"><ele>289.4</ele></trkpt>
      <trkpt lat="-8.376739" lon="120.692773"><ele>290.7</ele></trkpt>
      <trkpt lat="-8.376490" lon="120.692678"><ele>286.9</ele></trkpt>
      <trkpt lat="-8.375889" lon="120.692738"><ele>287.1</ele></trkpt>
      <trkpt lat="-8.375292" lon="120.692700"><ele>287.0</ele></trkpt>
      <trkpt lat="-8.375080" lon="120.692799"><ele>284.4</ele></trkpt>
      <trkpt lat="-8.374775" lon="120.693097"><ele>282.6</ele></trkpt>
      <trkpt lat="-8.374390" lon="120.693200"><ele>288.3</ele></trkpt>
      <trkpt lat="-8.373801" lon="120.693157"><ele>307.7</ele></trkpt>
      <trkpt lat="-8.373591" lon="120.693042"><ele>308.3</ele></trkpt>
      <trkpt lat="-8.373284" lon="120.693046"><ele>308.2</ele></trkpt>
      <trkpt lat="-8.372604" lon="120.693280"><ele>309.1</ele></trkpt>
      <trkpt lat="-8.372527" lon="120.693703"><ele>313.9</ele></trkpt>
      <trkpt lat="-8.372104" lon="120.694068"><ele>307.0</ele></trkpt>
      <trkpt lat="-8.372321" lon="120.694095"><ele>306.3</ele></trkpt>
      <trkpt lat="-8.372965" lon="120.693875"><ele>315.7</ele></trkpt>
      <trkpt lat="-8.373116" lon="120.694006"><ele>318.7</ele></trkpt>
      <trkpt lat="-8.373148" lon="120.694228"><ele>316.3</ele></trkpt>
      <trkpt lat="-8.373039" lon="120.694998"><ele>305.2</ele></trkpt>
      <trkpt lat="-8.373220" lon="120.695546"><ele>287.3</ele></trkpt>
      <trkpt lat="-8.373171" lon="120.695827"><ele>276.9</ele></trkpt>
      <trkpt lat="-8.372103" lon="120.696305"><ele>259.2</ele></trkpt>
      <trkpt lat="-8.371657" lon="120.696584"><ele>254.6</ele></trkpt>
      <trkpt lat="-8.371066" lon="120.696759"><ele>254.9</ele></trkpt>
      <trkpt lat="-8.370653" lon="120.696979"><ele>259.9</ele></trkpt>
      <trkpt lat="-8.370299" lon="120.697227"><ele>263.7</ele></trkpt>
      <trkpt lat="-8.370075" lon="120.697745"><ele>265.5</ele></trkpt>
      <trkpt lat="-8.369968" lon="120.697826"><ele>269.3</ele></trkpt>
      <trkpt lat="-8.368997" lon="120.698112"><ele>273.2</ele></trkpt>
      <trkpt lat="-8.368383" lon="120.698072"><ele>271.0</ele></trkpt>
      <trkpt lat="-8.367850" lon="120.698443"><ele>258.0</ele></trkpt>
      <trkpt lat="-8.366565" lon="120.698638"><ele>258.8</ele></trkpt>
      <trkpt lat="-8.366415" lon="120.698332"><ele>271.4</ele></trkpt>
      <trkpt lat="-8.366506" lon="120.697827"><ele>270.2</ele></trkpt>
      <trkpt lat="-8.366472" lon="120.697663"><ele>268.0</ele></trkpt>
      <trkpt lat="-8.365965" lon="120.697719"><ele>275.8</ele></trkpt>
      <trkpt lat="-8.365514" lon="120.698020"><ele>287.5</ele></trkpt>
      <trkpt lat="-8.365178" lon="120.698034"><ele>281.8</ele></trkpt>
      <trkpt lat="-8.364757" lon="120.697856"><ele>283.0</ele></trkpt>
      <trkpt lat="-8.364774" lon="120.697538"><ele>272.3</ele></trkpt>
      <trkpt lat="-8.364648" lon="120.697321"><ele>272.1</ele></trkpt>
      <trkpt lat="-8.364025" lon="120.697362"><ele>278.5</ele></trkpt>
      <trkpt lat="-8.363975" lon="120.697449"><ele>280.6</ele></trkpt>
      <trkpt lat="-8.364068" lon="120.697853"><ele>286.5</ele></trkpt>
      <trkpt lat="-8.363918" lon="120.698248"><ele>283.1</ele></trkpt>
      <trkpt lat="-8.363313" lon="120.698842"><ele>270.6</ele></trkpt>
      <trkpt lat="-8.361119" lon="120.698742"><ele>264.0</ele></trkpt>
      <trkpt lat="-8.360822" lon="120.699233"><ele>252.3</ele></trkpt>
      <trkpt lat="-8.360481" lon="120.699511"><ele>251.6</ele></trkpt>
      <trkpt lat="-8.359889" lon="120.699199"><ele>255.5</ele></trkpt>
      <trkpt lat="-8.359706" lon="120.699218"><ele>257.4</ele></trkpt>
      <trkpt lat="-8.359577" lon="120.699661"><ele>253.5</ele></trkpt>
      <trkpt lat="-8.359294" lon="120.699829"><ele>252.9</ele></trkpt>
      <trkpt lat="-8.359086" lon="120.700078"><ele>258.1</ele></trkpt>
      <trkpt lat="-8.358654" lon="120.700116"><ele>262.8</ele></trkpt>
      <trkpt lat="-8.358352" lon="120.700313"><ele>270.9</ele></trkpt>
      <trkpt lat="-8.358540" lon="120.700918"><ele>256.2</ele></trkpt>
      <trkpt lat="-8.358233" lon="120.701554"><ele>236.7</ele></trkpt>
      <trkpt lat="-8.357694" lon="120.702163"><ele>242.1</ele></trkpt>
      <trkpt lat="-8.357698" lon="120.702914"><ele>231.5</ele></trkpt>
      <trkpt lat="-8.357550" lon="120.703104"><ele>238.1</ele></trkpt>
      <trkpt lat="-8.357248" lon="120.703289"><ele>250.2</ele></trkpt>
      <trkpt lat="-8.357075" lon="120.703626"><ele>259.3</ele></trkpt>
      <trkpt lat="-8.356479" lon="120.703828"><ele>255.7</ele></trkpt>
      <trkpt lat="-8.356164" lon="120.704201"><ele>250.6</ele></trkpt>
      <trkpt lat="-8.356181" lon="120.704357"><ele>246.7</ele></trkpt>
      <trkpt lat="-8.356532" lon="120.704722"><ele>244.6</ele></trkpt>
      <trkpt lat="-8.356513" lon="120.705006"><ele>232.2</ele></trkpt>
      <trkpt lat="-8.356229" lon="120.705439"><ele>227.5</ele></trkpt>
      <trkpt lat="-8.356176" lon="120.705895"><ele>215.2</ele></trkpt>
      <trkpt lat="-8.355480" lon="120.706297"><ele>234.6</ele></trkpt>
      <trkpt lat="-8.355200" lon="120.706677"><ele>238.7</ele></trkpt>
      <trkpt lat="-8.355096" lon="120.707009"><ele>245.9</ele></trkpt>
      <trkpt lat="-8.354861" lon="120.707205"><ele>243.9</ele></trkpt>
      <trkpt lat="-8.354876" lon="120.707304"><ele>243.8</ele></trkpt>
      <trkpt lat="-8.355128" lon="120.707418"><ele>242.9</ele></trkpt>
      <trkpt lat="-8.355268" lon="120.707585"><ele>233.9</ele></trkpt>
      <trkpt lat="-8.355224" lon="120.708189"><ele>221.0</ele></trkpt>
      <trkpt lat="-8.355020" lon="120.708727"><ele>229.1</ele></trkpt>
      <trkpt lat="-8.354622" lon="120.709029"><ele>232.0</ele></trkpt>
      <trkpt lat="-8.354573" lon="120.709711"><ele>217.0</ele></trkpt>
      <trkpt lat="-8.354026" lon="120.710363"><ele>216.0</ele></trkpt>
      <trkpt lat="-8.353712" lon="120.710587"><ele>223.0</ele></trkpt>
      <trkpt lat="-8.353366" lon="120.710703"><ele>222.9</ele></trkpt>
      <trkpt lat="-8.352198" lon="120.709935"><ele>221.7</ele></trkpt>
      <trkpt lat="-8.351555" lon="120.710412"><ele>216.3</ele></trkpt>
      <trkpt lat="-8.351208" lon="120.710400"><ele>215.4</ele></trkpt>
      <trkpt lat="-8.350771" lon="120.710078"><ele>203.4</ele></trkpt>
      <trkpt lat="-8.350469" lon="120.709651"><ele>200.5</ele></trkpt>
      <trkpt lat="-8.350309" lon="120.709258"><ele>197.0</ele></trkpt>
      <trkpt lat="-8.350117" lon="120.709150"><ele>196.8</ele></trkpt>
      <trkpt lat="-8.349960" lon="120.709166"><ele>197.4</ele></trkpt>
      <trkpt lat="-8.349493" lon="120.709713"><ele>182.2</ele></trkpt>
      <trkpt lat="-8.349153" lon="120.709829"><ele>181.5</ele></trkpt>
      <trkpt lat="-8.348739" lon="120.710109"><ele>173.5</ele></trkpt>
      <trkpt lat="-8.348534" lon="120.710613"><ele>160.7</ele></trkpt>
      <trkpt lat="-8.348472" lon="120.711433"><ele>149.0</ele></trkpt>
      <trkpt lat="-8.348343" lon="120.711618"><ele>150.3</ele></trkpt>
      <trkpt lat="-8.347707" lon="120.711855"><ele>137.9</ele></trkpt>
      <trkpt lat="-8.347139" lon="120.711764"><ele>126.8</ele></trkpt>
      <trkpt lat="-8.346545" lon="120.711902"><ele>113.7</ele></trkpt>
      <trkpt lat="-8.345867" lon="120.712489"><ele>102.1</ele></trkpt>
      <trkpt lat="-8.345307" lon="120.712489"><ele>95.2</ele></trkpt>
      <trkpt lat="-8.345195" lon="120.712637"><ele>93.7</ele></trkpt>
      <trkpt lat="-8.345186" lon="120.712899"><ele>91.9</ele></trkpt>
      <trkpt lat="-8.345410" lon="120.713121"><ele>88.0</ele></trkpt>
      <trkpt lat="-8.345399" lon="120.713213"><ele>85.2</ele></trkpt>
      <trkpt lat="-8.345023" lon="120.713521"><ele>73.3</ele></trkpt>
      <trkpt lat="-8.344563" lon="120.713521"><ele>63.9</ele></trkpt>
      <trkpt lat="-8.344575" lon="120.713806"><ele>48.6</ele></trkpt>
      <trkpt lat="-8.344742" lon="120.714311"><ele>37.5</ele></trkpt>
      <trkpt lat="-8.344197" lon="120.714622"><ele>31.4</ele></trkpt>
      <trkpt lat="-8.342918" lon="120.715093"><ele>14.7</ele></trkpt>
      <trkpt lat="-8.342908" lon="120.715386"><ele>14.1</ele></trkpt>
      <trkpt lat="-8.343283" lon="120.717222"><ele>13.2</ele></trkpt>
      <trkpt lat="-8.344444" lon="120.719713"><ele>11.2</ele></trkpt>
      <trkpt lat="-8.344811" lon="120.720987"><ele>14.4</ele></trkpt>
      <trkpt lat="-8.345042" lon="120.721211"><ele>13.4</ele></trkpt>
      <trkpt lat="-8.345743" lon="120.721429"><ele>15.2</ele></trkpt>
      <trkpt lat="-8.345980" lon="120.721746"><ele>12.5</ele></trkpt>
      <trkpt lat="-8.346356" lon="120.722039"><ele>9.4</ele></trkpt>
      <trkpt lat="-8.346761" lon="120.722644"><ele>8.0</ele></trkpt>
      <trkpt lat="-8.347561" lon="120.725699"><ele>12.9</ele></trkpt>
      <trkpt lat="-8.348090" lon="120.727279"><ele>13.4</ele></trkpt>
      <trkpt lat="-8.348367" lon="120.727893"><ele>11.9</ele></trkpt>
      <trkpt lat="-8.348745" lon="120.728367"><ele>12.3</ele></trkpt>
      <trkpt lat="-8.351223" lon="120.730857"><ele>10.4</ele></trkpt>
      <trkpt lat="-8.352118" lon="120.732379"><ele>9.4</ele></trkpt>
      <trkpt lat="-8.352313" lon="120.733311"><ele>10.6</ele></trkpt>
      <trkpt lat="-8.352316" lon="120.733635"><ele>9.7</ele></trkpt>
      <trkpt lat="-8.352161" lon="120.734363"><ele>10.0</ele></trkpt>
      <trkpt lat="-8.352505" lon="120.738255"><ele>8.0</ele></trkpt>
      <trkpt lat="-8.352388" lon="120.740938"><ele>11.0</ele></trkpt>
      <trkpt lat="-8.352741" lon="120.744071"><ele>7.9</ele></trkpt>
      <trkpt lat="-8.352719" lon="120.745685"><ele>8.1</ele></trkpt>
      <trkpt lat="-8.352587" lon="120.747397"><ele>11.7</ele></trkpt>
      <trkpt lat="-8.353504" lon="120.747486"><ele>10.4</ele></trkpt>
      <trkpt lat="-8.353458" lon="120.748091"><ele>9.1</ele></trkpt>
      <trkpt lat="-8.352443" lon="120.747927"><ele>8.0</ele></trkpt>
      <trkpt lat="-8.351272" lon="120.751202"><ele>10.1</ele></trkpt>
      <trkpt lat="-8.351335" lon="120.751472"><ele>9.2</ele></trkpt>
      <trkpt lat="-8.351032" lon="120.751779"><ele>10.3</ele></trkpt>
      <trkpt lat="-8.350180" lon="120.752168"><ele>8.8</ele></trkpt>
      <trkpt lat="-8.349540" lon="120.752686"><ele>9.9</ele></trkpt>
      <trkpt lat="-8.348484" lon="120.753629"><ele>11.1</ele></trkpt>
      <trkpt lat="-8.347383" lon="120.754842"><ele>11.0</ele></trkpt>
      <trkpt lat="-8.347509" lon="120.755696"><ele>10.0</ele></trkpt>
      <trkpt lat="-8.347623" lon="120.757679"><ele>12.7</ele></trkpt>
    </trkseg>
  </trk>
</gpx>
