<?xml version="1.0" encoding="UTF-8"?>
<gpx version="1.1" creator="Flores Race Planner (pipeline/export_gpx.py)" xmlns="http://www.topografix.com/GPX/1/1" xmlns:xsi="http://www.w3.org/2001/XMLSchema-instance" xsi:schemaLocation="http://www.topografix.com/GPX/1/1 http://www.topografix.com/GPX/1/1/gpx.xsd">
  <metadata>
    <name>S05 Ngada: megaliths under Inerie</name>
    <desc>Section 05 of the Flores Race traverse: Cultural checkpoints under a near-perfect volcano. 128.8 km, +3280 m / -3288 m, starts at km 528 of the course.</desc>
    <link href="https://github.com/technicaloutdoor/Flores-Race"><text>Flores Race Planner</text></link>
    <time>2026-09-05T06:27:57Z</time>
  </metadata>
  <wpt lat="-8.419000" lon="121.029000">
    <ele>22.4</ele>
    <name>Riung</name>
    <desc>km 0.0 | kind: port | resupply: basic | water: unreliable | sleep: guesthouse -- Fishing port and gateway village for the Seventeen Islands marine park; small shops and a market, several homestays/losmen serving divers and boat tourists. Coordinates hand-placed from the Riung Nature Reserve boundary </desc>
    <sym>Anchor</sym>
    <type>anchor/port</type>
  </wpt>
  <wpt lat="-8.708612" lon="121.057901">
    <ele>431.7</ele>
    <name>Soa</name>
    <desc>km 66.2 | kind: airport | resupply: minimal | water: unreliable | sleep: none -- Turelelo-Soa Airport (BJW), the airfield serving Bajawa, ~23.5 km north of Bajawa town; the Soa sub-district also holds the Mengeruda/Mangeruda hot springs.</desc>
    <sym>Airport</sym>
    <type>anchor/airport</type>
  </wpt>
  <wpt lat="-8.794480" lon="120.970883">
    <ele>1184.0</ele>
    <name>Bajawa</name>
    <desc>km 85.2 | kind: town | resupply: full | water: reliable | sleep: hotel -- Capital of Ngada Regency, cool highland town (~1,100-1,300 m) on the Trans-Flores highway; hotels, market, ATMs, some bike-ish parts. Coordinate is the mean of two independent web sources ~1.5 km apart.</desc>
    <sym>City (Medium)</sym>
    <type>anchor/town</type>
  </wpt>
  <wpt lat="-8.877400" lon="120.985700">
    <ele>831.0</ele>
    <name>Bena</name>
    <desc>km 99.2 | kind: checkpoint | resupply: minimal | water: unreliable | sleep: homestay -- Ngada megalithic village 19 km south of Bajawa in Tiwuriwu village, Aimere district, at the foot of Inerie; proposed cultural checkpoint, agreement with the village council required before race day.</desc>
    <sym>Flag, Blue</sym>
    <type>anchor/checkpoint</type>
  </wpt>
  <wpt lat="-8.843000" lon="120.857000">
    <ele>14.4</ele>
    <name>Aimere</name>
    <desc>km 128.8 | kind: port | resupply: basic | water: unreliable | sleep: homestay -- South-coast port of Ngada Regency, ~1 hour south of Bajawa; ASDP ferry to Waingapu (Sumba, Tue/Fri) and Kupang. Exact pier coordinates not found in sources; placed at a low-elevation coastal point inside Ngada near the d</desc>
    <sym>Anchor</sym>
    <type>anchor/port</type>
  </wpt>
  <wpt lat="-8.830000" lon="120.851000">
    <ele>46.0</ele>
    <name>Aimere Arak Coast</name>
    <desc>[highlight, position approximate] The south-coast strip around Aimere port, known for small-scale distilling of arak (palm/lontar spirit) alongside its role as the Ngada ferry port to Sumba and Kupang.</desc>
    <sym>Waypoint</sym>
    <type>poi/other</type>
  </wpt>
  <wpt lat="-8.794480" lon="120.970883">
    <ele>1184.0</ele>
    <name>Bajawa</name>
    <desc>[resupply] Cool highland capital of Ngada Regency (~1,100-1,300 m); market town and the region's main resupply point between the north coast and the Ngada villages.</desc>
    <sym>Waypoint</sym>
    <type>poi/other</type>
  </wpt>
  <wpt lat="-8.877400" lon="120.985700">
    <ele>831.0</ele>
    <name>Bena</name>
    <desc>[anchor] A Ngada megalithic village of nine clans at the foot of Inerie, with paired ngadhu (male) and bhaga (female) ancestor shrines around a stone-terraced central square; among the more visited traditional villages in Ngada.</desc>
    <sym>Museum</sym>
    <type>poi/traditional-village</type>
  </wpt>
  <wpt lat="-8.896000" lon="120.991000">
    <ele>394.5</ele>
    <name>Gurusina</name>
    <desc>[highlight, position approximate] Ngada megalithic village commonly cited ~21 km from Bajawa; a fire on 13 August 2018 burned 27 of 33 traditional houses and 6 sacred structures, since rebuilt with traditional materials and techniques.</desc>
    <sym>Museum</sym>
    <type>poi/traditional-village</type>
  </wpt>
  <wpt lat="-8.878000" lon="120.953000">
    <ele>2129.2</ele>
    <name>Inerie</name>
    <desc>[highlight, hike-a-bike] A near-perfect stratovolcano cone (2,245 m) south of Bajawa overlooking the Savu Sea; the highest peak in Ngada and the visual anchor of the megalithic-village section. Not currently active.</desc>
    <sym>Summit</sym>
    <type>poi/volcano</type>
  </wpt>
  <wpt lat="-8.869500" lon="120.986000">
    <ele>934.2</ele>
    <name>Luba</name>
    <desc>[highlight, position unverified] A small Ngada megalithic village a few hundred metres from Bena, four clans, ngadhu and bhaga shrines decorated with carved horses, buffalo and snakes; quieter and less visited than its famous neighbour.</desc>
    <sym>Museum</sym>
    <type>poi/traditional-village</type>
  </wpt>
  <wpt lat="-8.708500" lon="121.086900">
    <ele>318.8</ele>
    <name>Mengeruda Hot Spring</name>
    <desc>[highlight] Hot spring pools fed by a warm river in Piga village, Soa sub-district, ~23.5 km north of Bajawa, close to Soa airport; a natural stopover on the climb from Riung to the Bajawa plateau.</desc>
    <sym>Swimming Area</sym>
    <type>poi/hot-spring</type>
  </wpt>
  <wpt lat="-8.420800" lon="121.027500">
    <ele>20.9</ele>
    <name>Seventeen Islands Marine Park</name>
    <desc>[highlight, position approximate] A marine park of more than twenty coral islets off Riung's north coast, reached by hired boat from the Riung pier; snorkelling, white-sand islets, flying foxes on Pulau Tembang.</desc>
    <sym>Park</sym>
    <type>poi/national-park</type>
  </wpt>
  <wpt lat="-8.708612" lon="121.057901">
    <ele>431.7</ele>
    <name>Turelelo-Soa Airport</name>
    <desc>[resupply] The airfield serving Bajawa (IATA BJW), in Soa sub-district ~23.5 km north of Bajawa town; scheduled flights to Kupang and Ende.</desc>
    <sym>Airport</sym>
    <type>poi/airport</type>
  </wpt>
  <wpt lat="-8.840700" lon="120.961200">
    <ele>1113.0</ele>
    <name>Tololela</name>
    <desc>[highlight, position unverified] A Ngada megalithic village in Manubhara, Jerebuu district, ~30 km from Bajawa on a steep hillside (~650 m); fewer tour groups reach it than Bena.</desc>
    <sym>Museum</sym>
    <type>poi/traditional-village</type>
  </wpt>
  <wpt lat="-8.835000" lon="120.980500">
    <ele>1537.4</ele>
    <name>Wolobobo Hill</name>
    <desc>[highlight] A sunrise viewpoint hill (~1,700 m) in Turekisa village, ~15 km from Bajawa, with a panoramic view of Inerie volcano and the Bajawa plateau.</desc>
    <sym>Scenic Area</sym>
    <type>poi/viewpoint</type>
  </wpt>
  <trk>
    <name>S05 Ngada: megaliths under Inerie</name>
    <desc>Section 05 of the Flores Race traverse: Cultural checkpoints under a near-perfect volcano. 128.8 km, +3280 m / -3288 m, starts at km 528 of the course.</desc>
    <trkseg>
      <trkpt lat="-8.419000" lon="121.029000"><ele>22.4</ele></trkpt>
      <trkpt lat="-8.418371" lon="121.027553"><ele>22.1</ele></trkpt>
      <trkpt lat="-8.419061" lon="121.027357"><ele>22.4</ele></trkpt>
      <trkpt lat="-8.418843" lon="121.031539"><ele>21.9</ele></trkpt>
      <trkpt lat="-8.418729" lon="121.031973"><ele>21.1</ele></trkpt>
      <trkpt lat="-8.419811" lon="121.032058"><ele>22.5</ele></trkpt>
      <trkpt lat="-8.420502" lon="121.032635"><ele>20.4</ele></trkpt>
      <trkpt lat="-8.420693" lon="121.032669"><ele>21.2</ele></trkpt>
      <trkpt lat="-8.420689" lon="121.032820"><ele>21.0</ele></trkpt>
      <trkpt lat="-8.421183" lon="121.033625"><ele>20.6</ele></trkpt>
      <trkpt lat="-8.421162" lon="121.033974"><ele>22.4</ele></trkpt>
      <trkpt lat="-8.420912" lon="121.034811"><ele>21.8</ele></trkpt>
      <trkpt lat="-8.420997" lon="121.035014"><ele>21.7</ele></trkpt>
      <trkpt lat="-8.420954" lon="121.035202"><ele>22.6</ele></trkpt>
      <trkpt lat="-8.420440" lon="121.035609"><ele>24.9</ele></trkpt>
      <trkpt lat="-8.420233" lon="121.035937"><ele>26.4</ele></trkpt>
      <trkpt lat="-8.420355" lon="121.036092"><ele>24.9</ele></trkpt>
      <trkpt lat="-8.420440" lon="121.036430"><ele>28.0</ele></trkpt>
      <trkpt lat="-8.420806" lon="121.036817"><ele>27.2</ele></trkpt>
      <trkpt lat="-8.421103" lon="121.036993"><ele>27.0</ele></trkpt>
      <trkpt lat="-8.421528" lon="121.037455"><ele>28.9</ele></trkpt>
      <trkpt lat="-8.422175" lon="121.037718"><ele>23.3</ele></trkpt>
      <trkpt lat="-8.422334" lon="121.037884"><ele>24.1</ele></trkpt>
      <trkpt lat="-8.422451" lon="121.038212"><ele>25.6</ele></trkpt>
      <trkpt lat="-8.422615" lon="121.039563"><ele>21.9</ele></trkpt>
      <trkpt lat="-8.422456" lon="121.040094"><ele>22.2</ele></trkpt>
      <trkpt lat="-8.422462" lon="121.040615"><ele>22.8</ele></trkpt>
      <trkpt lat="-8.422212" lon="121.041301"><ele>20.0</ele></trkpt>
      <trkpt lat="-8.422123" lon="121.042723"><ele>22.6</ele></trkpt>
      <trkpt lat="-8.422338" lon="121.043145"><ele>24.7</ele></trkpt>
      <trkpt lat="-8.422656" lon="121.043298"><ele>25.6</ele></trkpt>
      <trkpt lat="-8.421824" lon="121.045696"><ele>23.8</ele></trkpt>
      <trkpt lat="-8.421838" lon="121.046246"><ele>26.3</ele></trkpt>
      <trkpt lat="-8.421581" lon="121.049444"><ele>24.7</ele></trkpt>
      <trkpt lat="-8.422787" lon="121.050082"><ele>27.6</ele></trkpt>
      <trkpt lat="-8.426055" lon="121.052806"><ele>35.9</ele></trkpt>
      <trkpt lat="-8.428885" lon="121.055337"><ele>41.0</ele></trkpt>
      <trkpt lat="-8.431440" lon="121.056650"><ele>61.4</ele></trkpt>
      <trkpt lat="-8.431593" lon="121.056878"><ele>60.3</ele></trkpt>
      <trkpt lat="-8.431751" lon="121.057368"><ele>56.8</ele></trkpt>
      <trkpt lat="-8.432026" lon="121.057617"><ele>60.1</ele></trkpt>
      <trkpt lat="-8.432585" lon="121.057643"><ele>61.4</ele></trkpt>
      <trkpt lat="-8.434964" lon="121.057269"><ele>68.0</ele></trkpt>
      <trkpt lat="-8.436779" lon="121.057517"><ele>71.1</ele></trkpt>
      <trkpt lat="-8.437959" lon="121.057416"><ele>86.0</ele></trkpt>
      <trkpt lat="-8.438217" lon="121.057321"><ele>88.9</ele></trkpt>
      <trkpt lat="-8.439285" lon="121.056577"><ele>96.4</ele></trkpt>
      <trkpt lat="-8.440181" lon="121.056265"><ele>108.8</ele></trkpt>
      <trkpt lat="-8.440403" lon="121.056262"><ele>111.0</ele></trkpt>
      <trkpt lat="-8.441084" lon="121.056568"><ele>134.9</ele></trkpt>
      <trkpt lat="-8.441188" lon="121.056447"><ele>133.4</ele></trkpt>
      <trkpt lat="-8.441070" lon="121.056086"><ele>129.5</ele></trkpt>
      <trkpt lat="-8.441267" lon="121.056026"><ele>128.6</ele></trkpt>
      <trkpt lat="-8.441475" lon="121.056131"><ele>129.2</ele></trkpt>
      <trkpt lat="-8.441881" lon="121.056609"><ele>135.1</ele></trkpt>
      <trkpt lat="-8.442325" lon="121.056914"><ele>137.8</ele></trkpt>
      <trkpt lat="-8.442624" lon="121.057349"><ele>142.1</ele></trkpt>
      <trkpt lat="-8.442788" lon="121.057283"><ele>140.1</ele></trkpt>
      <trkpt lat="-8.442953" lon="121.056971"><ele>139.2</ele></trkpt>
      <trkpt lat="-8.443044" lon="121.056937"><ele>140.6</ele></trkpt>
      <trkpt lat="-8.443778" lon="121.057338"><ele>154.3</ele></trkpt>
      <trkpt lat="-8.443914" lon="121.057346"><ele>156.3</ele></trkpt>
      <trkpt lat="-8.444368" lon="121.057089"><ele>156.7</ele></trkpt>
      <trkpt lat="-8.444543" lon="121.057092"><ele>159.0</ele></trkpt>
      <trkpt lat="-8.445492" lon="121.057568"><ele>171.7</ele></trkpt>
      <trkpt lat="-8.445727" lon="121.057444"><ele>178.3</ele></trkpt>
      <trkpt lat="-8.445768" lon="121.057014"><ele>188.0</ele></trkpt>
      <trkpt lat="-8.446029" lon="121.057003"><ele>195.2</ele></trkpt>
      <trkpt lat="-8.446566" lon="121.057150"><ele>204.8</ele></trkpt>
      <trkpt lat="-8.446679" lon="121.057458"><ele>201.1</ele></trkpt>
      <trkpt lat="-8.447189" lon="121.057787"><ele>211.3</ele></trkpt>
      <trkpt lat="-8.447407" lon="121.058064"><ele>219.1</ele></trkpt>
      <trkpt lat="-8.447264" lon="121.058223"><ele>217.8</ele></trkpt>
      <trkpt lat="-8.446593" lon="121.058410"><ele>214.9</ele></trkpt>
      <trkpt lat="-8.446781" lon="121.058865"><ele>230.9</ele></trkpt>
      <trkpt lat="-8.446713" lon="121.058975"><ele>233.5</ele></trkpt>
      <trkpt lat="-8.446346" lon="121.059110"><ele>229.9</ele></trkpt>
      <trkpt lat="-8.446199" lon="121.059387"><ele>232.5</ele></trkpt>
      <trkpt lat="-8.446285" lon="121.060108"><ele>245.2</ele></trkpt>
      <trkpt lat="-8.446077" lon="121.060104"><ele>239.6</ele></trkpt>
      <trkpt lat="-8.445540" lon="121.059733"><ele>234.0</ele></trkpt>
      <trkpt lat="-8.445473" lon="121.059842"><ele>232.9</ele></trkpt>
      <trkpt lat="-8.446086" lon="121.060275"><ele>241.4</ele></trkpt>
      <trkpt lat="-8.446794" lon="121.060424"><ele>259.7</ele></trkpt>
      <trkpt lat="-8.446918" lon="121.060420"><ele>262.8</ele></trkpt>
      <trkpt lat="-8.447057" lon="121.060306"><ele>268.1</ele></trkpt>
      <trkpt lat="-8.447068" lon="121.060093"><ele>268.2</ele></trkpt>
      <trkpt lat="-8.446877" lon="121.059911"><ele>261.7</ele></trkpt>
      <trkpt lat="-8.446928" lon="121.059841"><ele>262.4</ele></trkpt>
      <trkpt lat="-8.447048" lon="121.059860"><ele>266.0</ele></trkpt>
      <trkpt lat="-8.447527" lon="121.060296"><ele>291.0</ele></trkpt>
      <trkpt lat="-8.447551" lon="121.060397"><ele>291.3</ele></trkpt>
      <trkpt lat="-8.447430" lon="121.060653"><ele>285.3</ele></trkpt>
      <trkpt lat="-8.447475" lon="121.060756"><ele>287.1</ele></trkpt>
      <trkpt lat="-8.447638" lon="121.060768"><ele>292.8</ele></trkpt>
      <trkpt lat="-8.448150" lon="121.060564"><ele>308.1</ele></trkpt>
      <trkpt lat="-8.448539" lon="121.059865"><ele>314.5</ele></trkpt>
      <trkpt lat="-8.448701" lon="121.059797"><ele>313.7</ele></trkpt>
      <trkpt lat="-8.449299" lon="121.060230"><ele>324.0</ele></trkpt>
      <trkpt lat="-8.449501" lon="121.060300"><ele>326.8</ele></trkpt>
      <trkpt lat="-8.449968" lon="121.060353"><ele>337.5</ele></trkpt>
      <trkpt lat="-8.450230" lon="121.060262"><ele>339.4</ele></trkpt>
      <trkpt lat="-8.450870" lon="121.059735"><ele>348.6</ele></trkpt>
      <trkpt lat="-8.450944" lon="121.059286"><ele>346.1</ele></trkpt>
      <trkpt lat="-8.451051" lon="121.059123"><ele>350.0</ele></trkpt>
      <trkpt lat="-8.452123" lon="121.058581"><ele>379.6</ele></trkpt>
      <trkpt lat="-8.452328" lon="121.057694"><ele>381.7</ele></trkpt>
      <trkpt lat="-8.452503" lon="121.057471"><ele>383.0</ele></trkpt>
      <trkpt lat="-8.452718" lon="121.057389"><ele>387.5</ele></trkpt>
      <trkpt lat="-8.452992" lon="121.057501"><ele>397.0</ele></trkpt>
      <trkpt lat="-8.453155" lon="121.057734"><ele>404.9</ele></trkpt>
      <trkpt lat="-8.453138" lon="121.058300"><ele>407.1</ele></trkpt>
      <trkpt lat="-8.453228" lon="121.058378"><ele>412.2</ele></trkpt>
      <trkpt lat="-8.453660" lon="121.057739"><ele>421.2</ele></trkpt>
      <trkpt lat="-8.453863" lon="121.057754"><ele>425.3</ele></trkpt>
      <trkpt lat="-8.453895" lon="121.058090"><ele>429.6</ele></trkpt>
      <trkpt lat="-8.453613" lon="121.058996"><ele>437.0</ele></trkpt>
      <trkpt lat="-8.453616" lon="121.059327"><ele>441.8</ele></trkpt>
      <trkpt lat="-8.453667" lon="121.059389"><ele>443.4</ele></trkpt>
      <trkpt lat="-8.453877" lon="121.059385"><ele>447.1</ele></trkpt>
      <trkpt lat="-8.454179" lon="121.059078"><ele>450.6</ele></trkpt>
      <trkpt lat="-8.454284" lon="121.059063"><ele>452.5</ele></trkpt>
      <trkpt lat="-8.454460" lon="121.059458"><ele>458.3</ele></trkpt>
      <trkpt lat="-8.455111" lon="121.060223"><ele>479.6</ele></trkpt>
      <trkpt lat="-8.455522" lon="121.059976"><ele>486.5</ele></trkpt>
      <trkpt lat="-8.455979" lon="121.059547"><ele>496.6</ele></trkpt>
      <trkpt lat="-8.456701" lon="121.058334"><ele>508.5</ele></trkpt>
      <trkpt lat="-8.457204" lon="121.057755"><ele>531.5</ele></trkpt>
      <trkpt lat="-8.457193" lon="121.057549"><ele>529.6</ele></trkpt>
      <trkpt lat="-8.456531" lon="121.056725"><ele>512.9</ele></trkpt>
      <trkpt lat="-8.456503" lon="121.056644"><ele>512.8</ele></trkpt>
      <trkpt lat="-8.456600" lon="121.056467"><ele>521.0</ele></trkpt>
      <trkpt lat="-8.456913" lon="121.056458"><ele>532.9</ele></trkpt>
      <trkpt lat="-8.457045" lon="121.056536"><ele>535.6</ele></trkpt>
      <trkpt lat="-8.457871" lon="121.057261"><ele>540.6</ele></trkpt>
      <trkpt lat="-8.458456" lon="121.057982"><ele>551.7</ele></trkpt>
      <trkpt lat="-8.458556" lon="121.058025"><ele>554.4</ele></trkpt>
      <trkpt lat="-8.459240" lon="121.057309"><ele>558.5</ele></trkpt>
      <trkpt lat="-8.459758" lon="121.056599"><ele>570.4</ele></trkpt>
      <trkpt lat="-8.459955" lon="121.056472"><ele>572.0</ele></trkpt>
      <trkpt lat="-8.460301" lon="121.056354"><ele>571.3</ele></trkpt>
      <trkpt lat="-8.460862" lon="121.056337"><ele>580.6</ele></trkpt>
      <trkpt lat="-8.461308" lon="121.056106"><ele>589.5</ele></trkpt>
      <trkpt lat="-8.461723" lon="121.056016"><ele>590.8</ele></trkpt>
      <trkpt lat="-8.462811" lon="121.055354"><ele>585.2</ele></trkpt>
      <trkpt lat="-8.463251" lon="121.055419"><ele>581.7</ele></trkpt>
      <trkpt lat="-8.463782" lon="121.055340"><ele>581.3</ele></trkpt>
      <trkpt lat="-8.464643" lon="121.054738"><ele>591.9</ele></trkpt>
      <trkpt lat="-8.465363" lon="121.054868"><ele>586.9</ele></trkpt>
      <trkpt lat="-8.465553" lon="121.054747"><ele>587.3</ele></trkpt>
      <trkpt lat="-8.465946" lon="121.054031"><ele>587.1</ele></trkpt>
      <trkpt lat="-8.466398" lon="121.053771"><ele>583.2</ele></trkpt>
      <trkpt lat="-8.467840" lon="121.053708"><ele>586.3</ele></trkpt>
      <trkpt lat="-8.468638" lon="121.054211"><ele>597.4</ele></trkpt>
      <trkpt lat="-8.470181" lon="121.053900"><ele>602.2</ele></trkpt>
      <trkpt lat="-8.470889" lon="121.053909"><ele>596.2</ele></trkpt>
      <trkpt lat="-8.471095" lon="121.053697"><ele>595.4</ele></trkpt>
      <trkpt lat="-8.471025" lon="121.053096"><ele>594.2</ele></trkpt>
      <trkpt lat="-8.471132" lon="121.052367"><ele>591.5</ele></trkpt>
      <trkpt lat="-8.471619" lon="121.052020"><ele>601.3</ele></trkpt>
      <trkpt lat="-8.472078" lon="121.051812"><ele>607.3</ele></trkpt>
      <trkpt lat="-8.473100" lon="121.051075"><ele>606.7</ele></trkpt>
      <trkpt lat="-8.473299" lon="121.051026"><ele>606.0</ele></trkpt>
      <trkpt lat="-8.473939" lon="121.051065"><ele>606.5</ele></trkpt>
      <trkpt lat="-8.474488" lon="121.050772"><ele>602.4</ele></trkpt>
      <trkpt lat="-8.474838" lon="121.050806"><ele>601.3</ele></trkpt>
      <trkpt lat="-8.475077" lon="121.050979"><ele>602.1</ele></trkpt>
      <trkpt lat="-8.475188" lon="121.051152"><ele>603.0</ele></trkpt>
      <trkpt lat="-8.475439" lon="121.051880"><ele>610.4</ele></trkpt>
      <trkpt lat="-8.475655" lon="121.052249"><ele>611.9</ele></trkpt>
      <trkpt lat="-8.475991" lon="121.052453"><ele>619.7</ele></trkpt>
      <trkpt lat="-8.476125" lon="121.052226"><ele>617.4</ele></trkpt>
      <trkpt lat="-8.476639" lon="121.052164"><ele>628.7</ele></trkpt>
      <trkpt lat="-8.476784" lon="121.050929"><ele>632.1</ele></trkpt>
      <trkpt lat="-8.477427" lon="121.050591"><ele>642.7</ele></trkpt>
      <trkpt lat="-8.477718" lon="121.049958"><ele>642.1</ele></trkpt>
      <trkpt lat="-8.478201" lon="121.049738"><ele>641.3</ele></trkpt>
      <trkpt lat="-8.478315" lon="121.049846"><ele>642.4</ele></trkpt>
      <trkpt lat="-8.478324" lon="121.050082"><ele>646.3</ele></trkpt>
      <trkpt lat="-8.478073" lon="121.051454"><ele>666.5</ele></trkpt>
      <trkpt lat="-8.478130" lon="121.051605"><ele>670.4</ele></trkpt>
      <trkpt lat="-8.478268" lon="121.051711"><ele>674.6</ele></trkpt>
      <trkpt lat="-8.478386" lon="121.051703"><ele>675.8</ele></trkpt>
      <trkpt lat="-8.478632" lon="121.051466"><ele>673.3</ele></trkpt>
      <trkpt lat="-8.478819" lon="121.051485"><ele>676.7</ele></trkpt>
      <trkpt lat="-8.478885" lon="121.051572"><ele>680.2</ele></trkpt>
      <trkpt lat="-8.478572" lon="121.052309"><ele>696.8</ele></trkpt>
      <trkpt lat="-8.478588" lon="121.052421"><ele>700.2</ele></trkpt>
      <trkpt lat="-8.478739" lon="121.052425"><ele>703.4</ele></trkpt>
      <trkpt lat="-8.479046" lon="121.052245"><ele>703.8</ele></trkpt>
      <trkpt lat="-8.480364" lon="121.052319"><ele>719.8</ele></trkpt>
      <trkpt lat="-8.480613" lon="121.052095"><ele>718.8</ele></trkpt>
      <trkpt lat="-8.480704" lon="121.052412"><ele>726.4</ele></trkpt>
      <trkpt lat="-8.480831" lon="121.052464"><ele>729.3</ele></trkpt>
      <trkpt lat="-8.481212" lon="121.052143"><ele>728.7</ele></trkpt>
      <trkpt lat="-8.481396" lon="121.052147"><ele>729.0</ele></trkpt>
      <trkpt lat="-8.482074" lon="121.052714"><ele>728.3</ele></trkpt>
      <trkpt lat="-8.482163" lon="121.053032"><ele>734.9</ele></trkpt>
      <trkpt lat="-8.482372" lon="121.053260"><ele>734.9</ele></trkpt>
      <trkpt lat="-8.482366" lon="121.053919"><ele>741.5</ele></trkpt>
      <trkpt lat="-8.482515" lon="121.054475"><ele>738.4</ele></trkpt>
      <trkpt lat="-8.482478" lon="121.054704"><ele>737.6</ele></trkpt>
      <trkpt lat="-8.483077" lon="121.054738"><ele>729.8</ele></trkpt>
      <trkpt lat="-8.484568" lon="121.055690"><ele>723.4</ele></trkpt>
      <trkpt lat="-8.485299" lon="121.055596"><ele>717.6</ele></trkpt>
      <trkpt lat="-8.486239" lon="121.055824"><ele>726.4</ele></trkpt>
      <trkpt lat="-8.486489" lon="121.055818"><ele>728.5</ele></trkpt>
      <trkpt lat="-8.486974" lon="121.055594"><ele>733.8</ele></trkpt>
      <trkpt lat="-8.487733" lon="121.055534"><ele>740.7</ele></trkpt>
      <trkpt lat="-8.488698" lon="121.055270"><ele>744.7</ele></trkpt>
      <trkpt lat="-8.490576" lon="121.054973"><ele>756.2</ele></trkpt>
      <trkpt lat="-8.490699" lon="121.056290"><ele>757.8</ele></trkpt>
      <trkpt lat="-8.491288" lon="121.056364"><ele>758.2</ele></trkpt>
      <trkpt lat="-8.492009" lon="121.056609"><ele>753.4</ele></trkpt>
      <trkpt lat="-8.491984" lon="121.057072"><ele>754.6</ele></trkpt>
      <trkpt lat="-8.492254" lon="121.059319"><ele>753.3</ele></trkpt>
      <trkpt lat="-8.492522" lon="121.059881"><ele>754.0</ele></trkpt>
      <trkpt lat="-8.494589" lon="121.059758"><ele>753.7</ele></trkpt>
      <trkpt lat="-8.495325" lon="121.059861"><ele>756.1</ele></trkpt>
      <trkpt lat="-8.495304" lon="121.060874"><ele>758.3</ele></trkpt>
      <trkpt lat="-8.496047" lon="121.061088"><ele>758.0</ele></trkpt>
      <trkpt lat="-8.496943" lon="121.061716"><ele>756.2</ele></trkpt>
      <trkpt lat="-8.498097" lon="121.062394"><ele>757.6</ele></trkpt>
      <trkpt lat="-8.498479" lon="121.061870"><ele>757.5</ele></trkpt>
      <trkpt lat="-8.498679" lon="121.061398"><ele>752.6</ele></trkpt>
      <trkpt lat="-8.498920" lon="121.058860"><ele>765.6</ele></trkpt>
      <trkpt lat="-8.498711" lon="121.058255"><ele>771.6</ele></trkpt>
      <trkpt lat="-8.498813" lon="121.058125"><ele>770.4</ele></trkpt>
      <trkpt lat="-8.499584" lon="121.057723"><ele>767.5</ele></trkpt>
      <trkpt lat="-8.500581" lon="121.057624"><ele>768.2</ele></trkpt>
      <trkpt lat="-8.501605" lon="121.056987"><ele>772.0</ele></trkpt>
      <trkpt lat="-8.502188" lon="121.056822"><ele>769.1</ele></trkpt>
      <trkpt lat="-8.502819" lon="121.056543"><ele>762.1</ele></trkpt>
      <trkpt lat="-8.503047" lon="121.056526"><ele>759.7</ele></trkpt>
      <trkpt lat="-8.503139" lon="121.056556"><ele>757.7</ele></trkpt>
      <trkpt lat="-8.503308" lon="121.056823"><ele>754.2</ele></trkpt>
      <trkpt lat="-8.504094" lon="121.057233"><ele>754.3</ele></trkpt>
      <trkpt lat="-8.504530" lon="121.057870"><ele>755.9</ele></trkpt>
      <trkpt lat="-8.504846" lon="121.058082"><ele>754.6</ele></trkpt>
      <trkpt lat="-8.506056" lon="121.058493"><ele>757.3</ele></trkpt>
      <trkpt lat="-8.507330" lon="121.058723"><ele>767.9</ele></trkpt>
      <trkpt lat="-8.507427" lon="121.058429"><ele>767.2</ele></trkpt>
      <trkpt lat="-8.507760" lon="121.058045"><ele>766.8</ele></trkpt>
      <trkpt lat="-8.508353" lon="121.056952"><ele>766.1</ele></trkpt>
      <trkpt lat="-8.509031" lon="121.056879"><ele>766.6</ele></trkpt>
      <trkpt lat="-8.509241" lon="121.057345"><ele>768.6</ele></trkpt>
      <trkpt lat="-8.510068" lon="121.057306"><ele>770.3</ele></trkpt>
      <trkpt lat="-8.510977" lon="121.057528"><ele>774.4</ele></trkpt>
      <trkpt lat="-8.510833" lon="121.058848"><ele>775.0</ele></trkpt>
      <trkpt lat="-8.512699" lon="121.059933"><ele>778.3</ele></trkpt>
      <trkpt lat="-8.513886" lon="121.060789"><ele>783.8</ele></trkpt>
      <trkpt lat="-8.515046" lon="121.061454"><ele>793.3</ele></trkpt>
      <trkpt lat="-8.515325" lon="121.062113"><ele>791.6</ele></trkpt>
      <trkpt lat="-8.515554" lon="121.062350"><ele>792.0</ele></trkpt>
      <trkpt lat="-8.515980" lon="121.062477"><ele>793.6</ele></trkpt>
      <trkpt lat="-8.516439" lon="121.062512"><ele>797.3</ele></trkpt>
      <trkpt lat="-8.516796" lon="121.062706"><ele>801.5</ele></trkpt>
      <trkpt lat="-8.516832" lon="121.062805"><ele>802.4</ele></trkpt>
      <trkpt lat="-8.516695" lon="121.063306"><ele>802.4</ele></trkpt>
      <trkpt lat="-8.516865" lon="121.063752"><ele>801.7</ele></trkpt>
      <trkpt lat="-8.517107" lon="121.063831"><ele>801.6</ele></trkpt>
      <trkpt lat="-8.518178" lon="121.063812"><ele>809.1</ele></trkpt>
      <trkpt lat="-8.518531" lon="121.064159"><ele>808.2</ele></trkpt>
      <trkpt lat="-8.518769" lon="121.063998"><ele>810.4</ele></trkpt>
      <trkpt lat="-8.519090" lon="121.064031"><ele>813.0</ele></trkpt>
      <trkpt lat="-8.519915" lon="121.065032"><ele>814.6</ele></trkpt>
      <trkpt lat="-8.520269" lon="121.065302"><ele>817.2</ele></trkpt>
      <trkpt lat="-8.520291" lon="121.065419"><ele>818.9</ele></trkpt>
      <trkpt lat="-8.520187" lon="121.065521"><ele>819.2</ele></trkpt>
      <trkpt lat="-8.518898" lon="121.065805"><ele>826.2</ele></trkpt>
      <trkpt lat="-8.518465" lon="121.065798"><ele>825.5</ele></trkpt>
      <trkpt lat="-8.518377" lon="121.066298"><ele>839.6</ele></trkpt>
      <trkpt lat="-8.518057" lon="121.066750"><ele>837.0</ele></trkpt>
      <trkpt lat="-8.517413" lon="121.066804"><ele>832.4</ele></trkpt>
      <trkpt lat="-8.516808" lon="121.067351"><ele>838.1</ele></trkpt>
      <trkpt lat="-8.516630" lon="121.067657"><ele>843.6</ele></trkpt>
      <trkpt lat="-8.516354" lon="121.067676"><ele>839.8</ele></trkpt>
      <trkpt lat="-8.516088" lon="121.067863"><ele>849.1</ele></trkpt>
      <trkpt lat="-8.515707" lon="121.067861"><ele>848.4</ele></trkpt>
      <trkpt lat="-8.515613" lon="121.067971"><ele>849.6</ele></trkpt>
      <trkpt lat="-8.515608" lon="121.068295"><ele>849.4</ele></trkpt>
      <trkpt lat="-8.516318" lon="121.069085"><ele>872.2</ele></trkpt>
      <trkpt lat="-8.516590" lon="121.069253"><ele>876.2</ele></trkpt>
      <trkpt lat="-8.517271" lon="121.069221"><ele>882.3</ele></trkpt>
      <trkpt lat="-8.517384" lon="121.069145"><ele>886.1</ele></trkpt>
      <trkpt lat="-8.517783" lon="121.069341"><ele>895.0</ele></trkpt>
      <trkpt lat="-8.518179" lon="121.069757"><ele>902.3</ele></trkpt>
      <trkpt lat="-8.518553" lon="121.069976"><ele>909.7</ele></trkpt>
      <trkpt lat="-8.519313" lon="121.070145"><ele>916.6</ele></trkpt>
      <trkpt lat="-8.519915" lon="121.070068"><ele>927.5</ele></trkpt>
      <trkpt lat="-8.520129" lon="121.070154"><ele>931.4</ele></trkpt>
      <trkpt lat="-8.520447" lon="121.070421"><ele>933.8</ele></trkpt>
      <trkpt lat="-8.520637" lon="121.070905"><ele>933.9</ele></trkpt>
      <trkpt lat="-8.520879" lon="121.071107"><ele>930.9</ele></trkpt>
      <trkpt lat="-8.521194" lon="121.071148"><ele>928.7</ele></trkpt>
      <trkpt lat="-8.521490" lon="121.070717"><ele>937.7</ele></trkpt>
      <trkpt lat="-8.522775" lon="121.070422"><ele>924.8</ele></trkpt>
      <trkpt lat="-8.523592" lon="121.070428"><ele>911.9</ele></trkpt>
      <trkpt lat="-8.524612" lon="121.069907"><ele>896.9</ele></trkpt>
      <trkpt lat="-8.525751" lon="121.068928"><ele>884.6</ele></trkpt>
      <trkpt lat="-8.525987" lon="121.068598"><ele>881.3</ele></trkpt>
      <trkpt lat="-8.526268" lon="121.067786"><ele>880.8</ele></trkpt>
      <trkpt lat="-8.526276" lon="121.066599"><ele>877.5</ele></trkpt>
      <trkpt lat="-8.526630" lon="121.066302"><ele>873.3</ele></trkpt>
      <trkpt lat="-8.527340" lon="121.066149"><ele>869.5</ele></trkpt>
      <trkpt lat="-8.527590" lon="121.065919"><ele>866.1</ele></trkpt>
      <trkpt lat="-8.527832" lon="121.065545"><ele>861.2</ele></trkpt>
      <trkpt lat="-8.527974" lon="121.065467"><ele>859.3</ele></trkpt>
      <trkpt lat="-8.528108" lon="121.065463"><ele>857.8</ele></trkpt>
      <trkpt lat="-8.529279" lon="121.066020"><ele>850.8</ele></trkpt>
      <trkpt lat="-8.531523" lon="121.067440"><ele>842.4</ele></trkpt>
      <trkpt lat="-8.532378" lon="121.068221"><ele>839.9</ele></trkpt>
      <trkpt lat="-8.532677" lon="121.068960"><ele>835.9</ele></trkpt>
      <trkpt lat="-8.533133" lon="121.069280"><ele>837.1</ele></trkpt>
      <trkpt lat="-8.533618" lon="121.069473"><ele>832.5</ele></trkpt>
      <trkpt lat="-8.533388" lon="121.070269"><ele>827.9</ele></trkpt>
      <trkpt lat="-8.533157" lon="121.071484"><ele>847.4</ele></trkpt>
      <trkpt lat="-8.533760" lon="121.072990"><ele>856.9</ele></trkpt>
      <trkpt lat="-8.534000" lon="121.073727"><ele>857.7</ele></trkpt>
      <trkpt lat="-8.534080" lon="121.074260"><ele>855.7</ele></trkpt>
      <trkpt lat="-8.534587" lon="121.074262"><ele>854.0</ele></trkpt>
      <trkpt lat="-8.534986" lon="121.073929"><ele>849.6</ele></trkpt>
      <trkpt lat="-8.535186" lon="121.073436"><ele>846.1</ele></trkpt>
      <trkpt lat="-8.535568" lon="121.071901"><ele>827.5</ele></trkpt>
      <trkpt lat="-8.536405" lon="121.070959"><ele>821.8</ele></trkpt>
      <trkpt lat="-8.536992" lon="121.070635"><ele>819.9</ele></trkpt>
      <trkpt lat="-8.537953" lon="121.070671"><ele>813.9</ele></trkpt>
      <trkpt lat="-8.539094" lon="121.070857"><ele>798.0</ele></trkpt>
      <trkpt lat="-8.539174" lon="121.071193"><ele>798.6</ele></trkpt>
      <trkpt lat="-8.539031" lon="121.071730"><ele>800.5</ele></trkpt>
      <trkpt lat="-8.539116" lon="121.071843"><ele>800.5</ele></trkpt>
      <trkpt lat="-8.539430" lon="121.071954"><ele>800.1</ele></trkpt>
      <trkpt lat="-8.541979" lon="121.072072"><ele>788.9</ele></trkpt>
      <trkpt lat="-8.542682" lon="121.071911"><ele>787.2</ele></trkpt>
      <trkpt lat="-8.544268" lon="121.071392"><ele>784.4</ele></trkpt>
      <trkpt lat="-8.544532" lon="121.071368"><ele>783.3</ele></trkpt>
      <trkpt lat="-8.545580" lon="121.071512"><ele>786.9</ele></trkpt>
      <trkpt lat="-8.546939" lon="121.071887"><ele>787.4</ele></trkpt>
      <trkpt lat="-8.548439" lon="121.072104"><ele>788.7</ele></trkpt>
      <trkpt lat="-8.548674" lon="121.072160"><ele>786.5</ele></trkpt>
      <trkpt lat="-8.549146" lon="121.072445"><ele>788.6</ele></trkpt>
      <trkpt lat="-8.549342" lon="121.072767"><ele>790.0</ele></trkpt>
      <trkpt lat="-8.549440" lon="121.073283"><ele>791.3</ele></trkpt>
      <trkpt lat="-8.549637" lon="121.073347"><ele>786.8</ele></trkpt>
      <trkpt lat="-8.550391" lon="121.072711"><ele>795.2</ele></trkpt>
      <trkpt lat="-8.550764" lon="121.071664"><ele>807.3</ele></trkpt>
      <trkpt lat="-8.550496" lon="121.070890"><ele>817.8</ele></trkpt>
      <trkpt lat="-8.550137" lon="121.070406"><ele>820.0</ele></trkpt>
      <trkpt lat="-8.550159" lon="121.070213"><ele>821.6</ele></trkpt>
      <trkpt lat="-8.550254" lon="121.070092"><ele>824.3</ele></trkpt>
      <trkpt lat="-8.550428" lon="121.070093"><ele>827.2</ele></trkpt>
      <trkpt lat="-8.551798" lon="121.071223"><ele>838.4</ele></trkpt>
      <trkpt lat="-8.552500" lon="121.072130"><ele>839.0</ele></trkpt>
      <trkpt lat="-8.552439" lon="121.072722"><ele>840.3</ele></trkpt>
      <trkpt lat="-8.552007" lon="121.073967"><ele>842.7</ele></trkpt>
      <trkpt lat="-8.552025" lon="121.074082"><ele>842.7</ele></trkpt>
      <trkpt lat="-8.552219" lon="121.074290"><ele>839.2</ele></trkpt>
      <trkpt lat="-8.552150" lon="121.074633"><ele>838.7</ele></trkpt>
      <trkpt lat="-8.552373" lon="121.075148"><ele>839.2</ele></trkpt>
      <trkpt lat="-8.552454" lon="121.075244"><ele>839.2</ele></trkpt>
      <trkpt lat="-8.552734" lon="121.075282"><ele>834.8</ele></trkpt>
      <trkpt lat="-8.552782" lon="121.075344"><ele>834.2</ele></trkpt>
      <trkpt lat="-8.552758" lon="121.075498"><ele>835.0</ele></trkpt>
      <trkpt lat="-8.552519" lon="121.075818"><ele>838.7</ele></trkpt>
      <trkpt lat="-8.552528" lon="121.075935"><ele>839.9</ele></trkpt>
      <trkpt lat="-8.552606" lon="121.075999"><ele>840.3</ele></trkpt>
      <trkpt lat="-8.552934" lon="121.075916"><ele>838.5</ele></trkpt>
      <trkpt lat="-8.553367" lon="121.076023"><ele>848.9</ele></trkpt>
      <trkpt lat="-8.553528" lon="121.075738"><ele>842.0</ele></trkpt>
      <trkpt lat="-8.553854" lon="121.075455"><ele>838.9</ele></trkpt>
      <trkpt lat="-8.554360" lon="121.074525"><ele>827.4</ele></trkpt>
      <trkpt lat="-8.554536" lon="121.074477"><ele>825.2</ele></trkpt>
      <trkpt lat="-8.554776" lon="121.075224"><ele>827.8</ele></trkpt>
      <trkpt lat="-8.554853" lon="121.075862"><ele>827.5</ele></trkpt>
      <trkpt lat="-8.555219" lon="121.076211"><ele>825.3</ele></trkpt>
      <trkpt lat="-8.555558" lon="121.076843"><ele>819.2</ele></trkpt>
      <trkpt lat="-8.555709" lon="121.077531"><ele>823.0</ele></trkpt>
      <trkpt lat="-8.556037" lon="121.078466"><ele>822.0</ele></trkpt>
      <trkpt lat="-8.556340" lon="121.079028"><ele>818.8</ele></trkpt>
      <trkpt lat="-8.556555" lon="121.079939"><ele>823.6</ele></trkpt>
      <trkpt lat="-8.556781" lon="121.080350"><ele>823.6</ele></trkpt>
      <trkpt lat="-8.557314" lon="121.081016"><ele>819.7</ele></trkpt>
      <trkpt lat="-8.558055" lon="121.081614"><ele>823.6</ele></trkpt>
      <trkpt lat="-8.558188" lon="121.081627"><ele>825.1</ele></trkpt>
      <trkpt lat="-8.558438" lon="121.081368"><ele>825.0</ele></trkpt>
      <trkpt lat="-8.558685" lon="121.081453"><ele>826.2</ele></trkpt>
      <trkpt lat="-8.559066" lon="121.082158"><ele>832.3</ele></trkpt>
      <trkpt lat="-8.559428" lon="121.082228"><ele>830.3</ele></trkpt>
      <trkpt lat="-8.559887" lon="121.082543"><ele>832.3</ele></trkpt>
      <trkpt lat="-8.560897" lon="121.082779"><ele>829.5</ele></trkpt>
      <trkpt lat="-8.561561" lon="121.082804"><ele>831.9</ele></trkpt>
      <trkpt lat="-8.562120" lon="121.083369"><ele>837.3</ele></trkpt>
      <trkpt lat="-8.562471" lon="121.083953"><ele>843.7</ele></trkpt>
      <trkpt lat="-8.562593" lon="121.084036"><ele>845.7</ele></trkpt>
      <trkpt lat="-8.563060" lon="121.083861"><ele>844.2</ele></trkpt>
      <trkpt lat="-8.563946" lon="121.083707"><ele>842.2</ele></trkpt>
      <trkpt lat="-8.564519" lon="121.083804"><ele>840.3</ele></trkpt>
      <trkpt lat="-8.564665" lon="121.083906"><ele>840.9</ele></trkpt>
      <trkpt lat="-8.564787" lon="121.084179"><ele>846.7</ele></trkpt>
      <trkpt lat="-8.564778" lon="121.084867"><ele>850.7</ele></trkpt>
      <trkpt lat="-8.564113" lon="121.086231"><ele>868.1</ele></trkpt>
      <trkpt lat="-8.563787" lon="121.087107"><ele>874.6</ele></trkpt>
      <trkpt lat="-8.563844" lon="121.087218"><ele>873.9</ele></trkpt>
      <trkpt lat="-8.564069" lon="121.087346"><ele>871.4</ele></trkpt>
      <trkpt lat="-8.564262" lon="121.087747"><ele>875.6</ele></trkpt>
      <trkpt lat="-8.564579" lon="121.088095"><ele>882.0</ele></trkpt>
      <trkpt lat="-8.564622" lon="121.088259"><ele>884.7</ele></trkpt>
      <trkpt lat="-8.564506" lon="121.088798"><ele>887.1</ele></trkpt>
      <trkpt lat="-8.564613" lon="121.089341"><ele>886.6</ele></trkpt>
      <trkpt lat="-8.564548" lon="121.089703"><ele>889.1</ele></trkpt>
      <trkpt lat="-8.564654" lon="121.089871"><ele>889.7</ele></trkpt>
      <trkpt lat="-8.565048" lon="121.089923"><ele>894.3</ele></trkpt>
      <trkpt lat="-8.565549" lon="121.089752"><ele>899.0</ele></trkpt>
      <trkpt lat="-8.565706" lon="121.089603"><ele>902.0</ele></trkpt>
      <trkpt lat="-8.566190" lon="121.088806"><ele>905.9</ele></trkpt>
      <trkpt lat="-8.566502" lon="121.087676"><ele>897.7</ele></trkpt>
      <trkpt lat="-8.566634" lon="121.087516"><ele>895.9</ele></trkpt>
      <trkpt lat="-8.567121" lon="121.087570"><ele>897.0</ele></trkpt>
      <trkpt lat="-8.567940" lon="121.088247"><ele>901.6</ele></trkpt>
      <trkpt lat="-8.568338" lon="121.088692"><ele>913.3</ele></trkpt>
      <trkpt lat="-8.568508" lon="121.088748"><ele>918.2</ele></trkpt>
      <trkpt lat="-8.568947" lon="121.088727"><ele>923.6</ele></trkpt>
      <trkpt lat="-8.569110" lon="121.089068"><ele>929.3</ele></trkpt>
      <trkpt lat="-8.569263" lon="121.089002"><ele>928.5</ele></trkpt>
      <trkpt lat="-8.569553" lon="121.088694"><ele>924.2</ele></trkpt>
      <trkpt lat="-8.569977" lon="121.088932"><ele>923.1</ele></trkpt>
      <trkpt lat="-8.570261" lon="121.089234"><ele>925.7</ele></trkpt>
      <trkpt lat="-8.570394" lon="121.089286"><ele>927.5</ele></trkpt>
      <trkpt lat="-8.571000" lon="121.088983"><ele>916.9</ele></trkpt>
      <trkpt lat="-8.571603" lon="121.088999"><ele>910.8</ele></trkpt>
      <trkpt lat="-8.572307" lon="121.088888"><ele>908.7</ele></trkpt>
      <trkpt lat="-8.572560" lon="121.088664"><ele>910.1</ele></trkpt>
      <trkpt lat="-8.572947" lon="121.088063"><ele>921.4</ele></trkpt>
      <trkpt lat="-8.573515" lon="121.087651"><ele>935.9</ele></trkpt>
      <trkpt lat="-8.573749" lon="121.087342"><ele>940.4</ele></trkpt>
      <trkpt lat="-8.573826" lon="121.087329"><ele>942.9</ele></trkpt>
      <trkpt lat="-8.573801" lon="121.087620"><ele>943.2</ele></trkpt>
      <trkpt lat="-8.573575" lon="121.088038"><ele>938.4</ele></trkpt>
      <trkpt lat="-8.573860" lon="121.088072"><ele>943.1</ele></trkpt>
      <trkpt lat="-8.574213" lon="121.088455"><ele>939.8</ele></trkpt>
      <trkpt lat="-8.575556" lon="121.088567"><ele>952.0</ele></trkpt>
      <trkpt lat="-8.576188" lon="121.088889"><ele>948.8</ele></trkpt>
      <trkpt lat="-8.576259" lon="121.089089"><ele>949.3</ele></trkpt>
      <trkpt lat="-8.576188" lon="121.089831"><ele>939.0</ele></trkpt>
      <trkpt lat="-8.576806" lon="121.089889"><ele>937.5</ele></trkpt>
      <trkpt lat="-8.577239" lon="121.090045"><ele>931.6</ele></trkpt>
      <trkpt lat="-8.577353" lon="121.090408"><ele>930.5</ele></trkpt>
      <trkpt lat="-8.577756" lon="121.091055"><ele>918.8</ele></trkpt>
      <trkpt lat="-8.578256" lon="121.091483"><ele>928.6</ele></trkpt>
      <trkpt lat="-8.578427" lon="121.091977"><ele>921.7</ele></trkpt>
      <trkpt lat="-8.578014" lon="121.092471"><ele>902.7</ele></trkpt>
      <trkpt lat="-8.577954" lon="121.092654"><ele>896.9</ele></trkpt>
      <trkpt lat="-8.578060" lon="121.092791"><ele>896.7</ele></trkpt>
      <trkpt lat="-8.578395" lon="121.092956"><ele>901.0</ele></trkpt>
      <trkpt lat="-8.578495" lon="121.093096"><ele>898.9</ele></trkpt>
      <trkpt lat="-8.578543" lon="121.093680"><ele>886.9</ele></trkpt>
      <trkpt lat="-8.578401" lon="121.094188"><ele>866.2</ele></trkpt>
      <trkpt lat="-8.578449" lon="121.094314"><ele>865.7</ele></trkpt>
      <trkpt lat="-8.578670" lon="121.094374"><ele>868.1</ele></trkpt>
      <trkpt lat="-8.579828" lon="121.094374"><ele>861.1</ele></trkpt>
      <trkpt lat="-8.580487" lon="121.094537"><ele>853.2</ele></trkpt>
      <trkpt lat="-8.581004" lon="121.095026"><ele>831.6</ele></trkpt>
      <trkpt lat="-8.581995" lon="121.095359"><ele>822.7</ele></trkpt>
      <trkpt lat="-8.582743" lon="121.096017"><ele>803.6</ele></trkpt>
      <trkpt lat="-8.582969" lon="121.096083"><ele>801.9</ele></trkpt>
      <trkpt lat="-8.583390" lon="121.095993"><ele>795.4</ele></trkpt>
      <trkpt lat="-8.583652" lon="121.095689"><ele>795.4</ele></trkpt>
      <trkpt lat="-8.584112" lon="121.095341"><ele>795.9</ele></trkpt>
      <trkpt lat="-8.584742" lon="121.095756"><ele>780.1</ele></trkpt>
      <trkpt lat="-8.585716" lon="121.096141"><ele>772.4</ele></trkpt>
      <trkpt lat="-8.586300" lon="121.096057"><ele>769.1</ele></trkpt>
      <trkpt lat="-8.586985" lon="121.096067"><ele>759.5</ele></trkpt>
      <trkpt lat="-8.587217" lon="121.095973"><ele>759.6</ele></trkpt>
      <trkpt lat="-8.587488" lon="121.095720"><ele>767.6</ele></trkpt>
      <trkpt lat="-8.587689" lon="121.095674"><ele>768.4</ele></trkpt>
      <trkpt lat="-8.588520" lon="121.095856"><ele>755.8</ele></trkpt>
      <trkpt lat="-8.589529" lon="121.095744"><ele>742.3</ele></trkpt>
      <trkpt lat="-8.589673" lon="121.095781"><ele>742.4</ele></trkpt>
      <trkpt lat="-8.590442" lon="121.096791"><ele>713.6</ele></trkpt>
      <trkpt lat="-8.591202" lon="121.097244"><ele>716.0</ele></trkpt>
      <trkpt lat="-8.592476" lon="121.097683"><ele>724.8</ele></trkpt>
      <trkpt lat="-8.593084" lon="121.098166"><ele>729.0</ele></trkpt>
      <trkpt lat="-8.593139" lon="121.098278"><ele>730.8</ele></trkpt>
      <trkpt lat="-8.593094" lon="121.098815"><ele>733.2</ele></trkpt>
      <trkpt lat="-8.593213" lon="121.099045"><ele>734.1</ele></trkpt>
      <trkpt lat="-8.594340" lon="121.099363"><ele>751.9</ele></trkpt>
      <trkpt lat="-8.594356" lon="121.099460"><ele>752.6</ele></trkpt>
      <trkpt lat="-8.594053" lon="121.099672"><ele>747.5</ele></trkpt>
      <trkpt lat="-8.593994" lon="121.099791"><ele>747.4</ele></trkpt>
      <trkpt lat="-8.594365" lon="121.100095"><ele>758.2</ele></trkpt>
      <trkpt lat="-8.594441" lon="121.100244"><ele>761.7</ele></trkpt>
      <trkpt lat="-8.594548" lon="121.100468"><ele>764.8</ele></trkpt>
      <trkpt lat="-8.594729" lon="121.101336"><ele>756.3</ele></trkpt>
      <trkpt lat="-8.594913" lon="121.101677"><ele>753.8</ele></trkpt>
      <trkpt lat="-8.595312" lon="121.101989"><ele>768.2</ele></trkpt>
      <trkpt lat="-8.596182" lon="121.102165"><ele>765.5</ele></trkpt>
      <trkpt lat="-8.596609" lon="121.102475"><ele>754.6</ele></trkpt>
      <trkpt lat="-8.596864" lon="121.104240"><ele>748.2</ele></trkpt>
      <trkpt lat="-8.597905" lon="121.104360"><ele>744.8</ele></trkpt>
      <trkpt lat="-8.598726" lon="121.104626"><ele>734.0</ele></trkpt>
      <trkpt lat="-8.601518" lon="121.103302"><ele>733.0</ele></trkpt>
      <trkpt lat="-8.602101" lon="121.103560"><ele>731.3</ele></trkpt>
      <trkpt lat="-8.602604" lon="121.103478"><ele>737.8</ele></trkpt>
      <trkpt lat="-8.603357" lon="121.103662"><ele>739.7</ele></trkpt>
      <trkpt lat="-8.603888" lon="121.103883"><ele>741.2</ele></trkpt>
      <trkpt lat="-8.604405" lon="121.105143"><ele>742.8</ele></trkpt>
      <trkpt lat="-8.604622" lon="121.105430"><ele>744.9</ele></trkpt>
      <trkpt lat="-8.604819" lon="121.105894"><ele>749.6</ele></trkpt>
      <trkpt lat="-8.604895" lon="121.106447"><ele>756.6</ele></trkpt>
      <trkpt lat="-8.604689" lon="121.107091"><ele>760.1</ele></trkpt>
      <trkpt lat="-8.604676" lon="121.107794"><ele>758.6</ele></trkpt>
      <trkpt lat="-8.604744" lon="121.107944"><ele>759.8</ele></trkpt>
      <trkpt lat="-8.605532" lon="121.108266"><ele>770.8</ele></trkpt>
      <trkpt lat="-8.605781" lon="121.108247"><ele>768.5</ele></trkpt>
      <trkpt lat="-8.606489" lon="121.107954"><ele>766.0</ele></trkpt>
      <trkpt lat="-8.606839" lon="121.107893"><ele>766.6</ele></trkpt>
      <trkpt lat="-8.607784" lon="121.108209"><ele>770.6</ele></trkpt>
      <trkpt lat="-8.608051" lon="121.108536"><ele>774.3</ele></trkpt>
      <trkpt lat="-8.608909" lon="121.109060"><ele>784.4</ele></trkpt>
      <trkpt lat="-8.609099" lon="121.109349"><ele>786.7</ele></trkpt>
      <trkpt lat="-8.609380" lon="121.110275"><ele>784.3</ele></trkpt>
      <trkpt lat="-8.609841" lon="121.111315"><ele>798.6</ele></trkpt>
      <trkpt lat="-8.609987" lon="121.111578"><ele>795.9</ele></trkpt>
      <trkpt lat="-8.610091" lon="121.111637"><ele>795.9</ele></trkpt>
      <trkpt lat="-8.610393" lon="121.111726"><ele>796.2</ele></trkpt>
      <trkpt lat="-8.611539" lon="121.111822"><ele>783.9</ele></trkpt>
      <trkpt lat="-8.611997" lon="121.111326"><ele>777.5</ele></trkpt>
      <trkpt lat="-8.612387" lon="121.110484"><ele>779.5</ele></trkpt>
      <trkpt lat="-8.612607" lon="121.110610"><ele>776.7</ele></trkpt>
      <trkpt lat="-8.613748" lon="121.112109"><ele>763.2</ele></trkpt>
      <trkpt lat="-8.613949" lon="121.112286"><ele>763.1</ele></trkpt>
      <trkpt lat="-8.614986" lon="121.112155"><ele>762.8</ele></trkpt>
      <trkpt lat="-8.615129" lon="121.112211"><ele>762.6</ele></trkpt>
      <trkpt lat="-8.615442" lon="121.112536"><ele>760.0</ele></trkpt>
      <trkpt lat="-8.616660" lon="121.113010"><ele>751.0</ele></trkpt>
      <trkpt lat="-8.616845" lon="121.112959"><ele>751.6</ele></trkpt>
      <trkpt lat="-8.616967" lon="121.112656"><ele>755.8</ele></trkpt>
      <trkpt lat="-8.617805" lon="121.112933"><ele>746.5</ele></trkpt>
      <trkpt lat="-8.618322" lon="121.112951"><ele>747.1</ele></trkpt>
      <trkpt lat="-8.619317" lon="121.113627"><ele>731.1</ele></trkpt>
      <trkpt lat="-8.619866" lon="121.113780"><ele>721.5</ele></trkpt>
      <trkpt lat="-8.619927" lon="121.113697"><ele>720.2</ele></trkpt>
      <trkpt lat="-8.619911" lon="121.113415"><ele>721.6</ele></trkpt>
      <trkpt lat="-8.620456" lon="121.112415"><ele>731.1</ele></trkpt>
      <trkpt lat="-8.620567" lon="121.112373"><ele>731.7</ele></trkpt>
      <trkpt lat="-8.621010" lon="121.113181"><ele>717.7</ele></trkpt>
      <trkpt lat="-8.621544" lon="121.113557"><ele>709.3</ele></trkpt>
      <trkpt lat="-8.622446" lon="121.114362"><ele>700.9</ele></trkpt>
      <trkpt lat="-8.623059" lon="121.114786"><ele>694.3</ele></trkpt>
      <trkpt lat="-8.623470" lon="121.114947"><ele>689.7</ele></trkpt>
      <trkpt lat="-8.625464" lon="121.114891"><ele>662.7</ele></trkpt>
      <trkpt lat="-8.625872" lon="121.114606"><ele>655.5</ele></trkpt>
      <trkpt lat="-8.626387" lon="121.113997"><ele>645.1</ele></trkpt>
      <trkpt lat="-8.626525" lon="121.113960"><ele>644.2</ele></trkpt>
      <trkpt lat="-8.627063" lon="121.114113"><ele>639.9</ele></trkpt>
      <trkpt lat="-8.627434" lon="121.114418"><ele>631.1</ele></trkpt>
      <trkpt lat="-8.628023" lon="121.115135"><ele>617.6</ele></trkpt>
      <trkpt lat="-8.628331" lon="121.115328"><ele>610.6</ele></trkpt>
      <trkpt lat="-8.628596" lon="121.115363"><ele>606.3</ele></trkpt>
      <trkpt lat="-8.629275" lon="121.114990"><ele>602.0</ele></trkpt>
      <trkpt lat="-8.630402" lon="121.114166"><ele>585.2</ele></trkpt>
      <trkpt lat="-8.630524" lon="121.114172"><ele>583.3</ele></trkpt>
      <trkpt lat="-8.630603" lon="121.114311"><ele>577.1</ele></trkpt>
      <trkpt lat="-8.630566" lon="121.114483"><ele>572.9</ele></trkpt>
      <trkpt lat="-8.630309" lon="121.114786"><ele>573.1</ele></trkpt>
      <trkpt lat="-8.630297" lon="121.115070"><ele>565.0</ele></trkpt>
      <trkpt lat="-8.630444" lon="121.115084"><ele>561.0</ele></trkpt>
      <trkpt lat="-8.630803" lon="121.114858"><ele>558.3</ele></trkpt>
      <trkpt lat="-8.631013" lon="121.114869"><ele>554.4</ele></trkpt>
      <trkpt lat="-8.631376" lon="121.115039"><ele>545.3</ele></trkpt>
      <trkpt lat="-8.631759" lon="121.115365"><ele>534.4</ele></trkpt>
      <trkpt lat="-8.631828" lon="121.115945"><ele>523.4</ele></trkpt>
      <trkpt lat="-8.632025" lon="121.116269"><ele>513.9</ele></trkpt>
      <trkpt lat="-8.633308" lon="121.116859"><ele>498.1</ele></trkpt>
      <trkpt lat="-8.633812" lon="121.118675"><ele>490.1</ele></trkpt>
      <trkpt lat="-8.634229" lon="121.118970"><ele>489.2</ele></trkpt>
      <trkpt lat="-8.634825" lon="121.119658"><ele>471.4</ele></trkpt>
      <trkpt lat="-8.635843" lon="121.120444"><ele>460.6</ele></trkpt>
      <trkpt lat="-8.636784" lon="121.121493"><ele>450.7</ele></trkpt>
      <trkpt lat="-8.637102" lon="121.121701"><ele>446.9</ele></trkpt>
      <trkpt lat="-8.638572" lon="121.122298"><ele>440.5</ele></trkpt>
      <trkpt lat="-8.639505" lon="121.122467"><ele>437.5</ele></trkpt>
      <trkpt lat="-8.640532" lon="121.122004"><ele>429.3</ele></trkpt>
      <trkpt lat="-8.640876" lon="121.121715"><ele>424.4</ele></trkpt>
      <trkpt lat="-8.641287" lon="121.121544"><ele>419.4</ele></trkpt>
      <trkpt lat="-8.641889" lon="121.121410"><ele>415.1</ele></trkpt>
      <trkpt lat="-8.642826" lon="121.121567"><ele>410.1</ele></trkpt>
      <trkpt lat="-8.645409" lon="121.122812"><ele>395.4</ele></trkpt>
      <trkpt lat="-8.645916" lon="121.122903"><ele>394.5</ele></trkpt>
      <trkpt lat="-8.646194" lon="121.122863"><ele>394.5</ele></trkpt>
      <trkpt lat="-8.646966" lon="121.123093"><ele>393.0</ele></trkpt>
      <trkpt lat="-8.647934" lon="121.123430"><ele>393.1</ele></trkpt>
      <trkpt lat="-8.648795" lon="121.123860"><ele>389.3</ele></trkpt>
      <trkpt lat="-8.649679" lon="121.124898"><ele>393.0</ele></trkpt>
      <trkpt lat="-8.650538" lon="121.125513"><ele>393.9</ele></trkpt>
      <trkpt lat="-8.651224" lon="121.126175"><ele>390.4</ele></trkpt>
      <trkpt lat="-8.651498" lon="121.126329"><ele>386.9</ele></trkpt>
      <trkpt lat="-8.651887" lon="121.126776"><ele>388.0</ele></trkpt>
      <trkpt lat="-8.652408" lon="121.127184"><ele>390.4</ele></trkpt>
      <trkpt lat="-8.653182" lon="121.127555"><ele>389.9</ele></trkpt>
      <trkpt lat="-8.654221" lon="121.127630"><ele>383.5</ele></trkpt>
      <trkpt lat="-8.654571" lon="121.127790"><ele>377.6</ele></trkpt>
      <trkpt lat="-8.655037" lon="121.128184"><ele>373.8</ele></trkpt>
      <trkpt lat="-8.655741" lon="121.128216"><ele>371.4</ele></trkpt>
      <trkpt lat="-8.656327" lon="121.128518"><ele>372.8</ele></trkpt>
      <trkpt lat="-8.657258" lon="121.128554"><ele>375.3</ele></trkpt>
      <trkpt lat="-8.657667" lon="121.128747"><ele>370.6</ele></trkpt>
      <trkpt lat="-8.659469" lon="121.128270"><ele>370.6</ele></trkpt>
      <trkpt lat="-8.660542" lon="121.128081"><ele>372.5</ele></trkpt>
      <trkpt lat="-8.660794" lon="121.127963"><ele>371.4</ele></trkpt>
      <trkpt lat="-8.660997" lon="121.128033"><ele>371.3</ele></trkpt>
      <trkpt lat="-8.661639" lon="121.128507"><ele>364.9</ele></trkpt>
      <trkpt lat="-8.663371" lon="121.128918"><ele>364.7</ele></trkpt>
      <trkpt lat="-8.663834" lon="121.129363"><ele>360.5</ele></trkpt>
      <trkpt lat="-8.665202" lon="121.129884"><ele>354.2</ele></trkpt>
      <trkpt lat="-8.665478" lon="121.130105"><ele>357.3</ele></trkpt>
      <trkpt lat="-8.665797" lon="121.130461"><ele>358.4</ele></trkpt>
      <trkpt lat="-8.666308" lon="121.131615"><ele>353.1</ele></trkpt>
      <trkpt lat="-8.666809" lon="121.132391"><ele>352.9</ele></trkpt>
      <trkpt lat="-8.668771" lon="121.134101"><ele>344.2</ele></trkpt>
      <trkpt lat="-8.668938" lon="121.134158"><ele>341.9</ele></trkpt>
      <trkpt lat="-8.669423" lon="121.133984"><ele>338.9</ele></trkpt>
      <trkpt lat="-8.670141" lon="121.133924"><ele>334.2</ele></trkpt>
      <trkpt lat="-8.671384" lon="121.134044"><ele>333.6</ele></trkpt>
      <trkpt lat="-8.671918" lon="121.134186"><ele>332.3</ele></trkpt>
      <trkpt lat="-8.673098" lon="121.134742"><ele>326.7</ele></trkpt>
      <trkpt lat="-8.673871" lon="121.135523"><ele>333.3</ele></trkpt>
      <trkpt lat="-8.674788" lon="121.135789"><ele>331.2</ele></trkpt>
      <trkpt lat="-8.675280" lon="121.136232"><ele>335.5</ele></trkpt>
      <trkpt lat="-8.675756" lon="121.136471"><ele>332.3</ele></trkpt>
      <trkpt lat="-8.676000" lon="121.136497"><ele>330.6</ele></trkpt>
      <trkpt lat="-8.676249" lon="121.136426"><ele>329.2</ele></trkpt>
      <trkpt lat="-8.676720" lon="121.136129"><ele>327.9</ele></trkpt>
      <trkpt lat="-8.677836" lon="121.136042"><ele>328.0</ele></trkpt>
      <trkpt lat="-8.678442" lon="121.136315"><ele>326.8</ele></trkpt>
      <trkpt lat="-8.678764" lon="121.136791"><ele>323.3</ele></trkpt>
      <trkpt lat="-8.679345" lon="121.136765"><ele>319.9</ele></trkpt>
      <trkpt lat="-8.679764" lon="121.136643"><ele>319.2</ele></trkpt>
      <trkpt lat="-8.679939" lon="121.136642"><ele>318.4</ele></trkpt>
      <trkpt lat="-8.680132" lon="121.136748"><ele>318.6</ele></trkpt>
      <trkpt lat="-8.680700" lon="121.137130"><ele>323.5</ele></trkpt>
      <trkpt lat="-8.680892" lon="121.137582"><ele>324.8</ele></trkpt>
      <trkpt lat="-8.681021" lon="121.138462"><ele>324.0</ele></trkpt>
      <trkpt lat="-8.681235" lon="121.139229"><ele>321.0</ele></trkpt>
      <trkpt lat="-8.681087" lon="121.139660"><ele>323.0</ele></trkpt>
      <trkpt lat="-8.681364" lon="121.139810"><ele>321.5</ele></trkpt>
      <trkpt lat="-8.681681" lon="121.139871"><ele>315.8</ele></trkpt>
      <trkpt lat="-8.681983" lon="121.140327"><ele>318.5</ele></trkpt>
      <trkpt lat="-8.682517" lon="121.140455"><ele>312.7</ele></trkpt>
      <trkpt lat="-8.682931" lon="121.140095"><ele>313.8</ele></trkpt>
      <trkpt lat="-8.683389" lon="121.140145"><ele>317.9</ele></trkpt>
      <trkpt lat="-8.683774" lon="121.139842"><ele>312.3</ele></trkpt>
      <trkpt lat="-8.683895" lon="121.139819"><ele>311.7</ele></trkpt>
      <trkpt lat="-8.684269" lon="121.140016"><ele>313.5</ele></trkpt>
      <trkpt lat="-8.686133" lon="121.140317"><ele>300.1</ele></trkpt>
      <trkpt lat="-8.686509" lon="121.140212"><ele>298.0</ele></trkpt>
      <trkpt lat="-8.686981" lon="121.140223"><ele>295.2</ele></trkpt>
      <trkpt lat="-8.687246" lon="121.139697"><ele>288.9</ele></trkpt>
      <trkpt lat="-8.687248" lon="121.139350"><ele>287.3</ele></trkpt>
      <trkpt lat="-8.686960" lon="121.138662"><ele>285.5</ele></trkpt>
      <trkpt lat="-8.686866" lon="121.137956"><ele>268.9</ele></trkpt>
      <trkpt lat="-8.687005" lon="121.137658"><ele>262.7</ele></trkpt>
      <trkpt lat="-8.687232" lon="121.137585"><ele>259.4</ele></trkpt>
      <trkpt lat="-8.687454" lon="121.137765"><ele>257.2</ele></trkpt>
      <trkpt lat="-8.687700" lon="121.138505"><ele>260.2</ele></trkpt>
      <trkpt lat="-8.688118" lon="121.139169"><ele>259.6</ele></trkpt>
      <trkpt lat="-8.688378" lon="121.139442"><ele>261.8</ele></trkpt>
      <trkpt lat="-8.688677" lon="121.139606"><ele>250.3</ele></trkpt>
      <trkpt lat="-8.689244" lon="121.139770"><ele>235.7</ele></trkpt>
      <trkpt lat="-8.689675" lon="121.140162"><ele>224.1</ele></trkpt>
      <trkpt lat="-8.689856" lon="121.139701"><ele>214.7</ele></trkpt>
      <trkpt lat="-8.690004" lon="121.139555"><ele>208.5</ele></trkpt>
      <trkpt lat="-8.690081" lon="121.139961"><ele>211.2</ele></trkpt>
      <trkpt lat="-8.690405" lon="121.140276"><ele>193.3</ele></trkpt>
      <trkpt lat="-8.690482" lon="121.140271"><ele>188.2</ele></trkpt>
      <trkpt lat="-8.690577" lon="121.140136"><ele>186.0</ele></trkpt>
      <trkpt lat="-8.690612" lon="121.139749"><ele>194.5</ele></trkpt>
      <trkpt lat="-8.690846" lon="121.139397"><ele>186.5</ele></trkpt>
      <trkpt lat="-8.690953" lon="121.139017"><ele>180.7</ele></trkpt>
      <trkpt lat="-8.691095" lon="121.139042"><ele>178.1</ele></trkpt>
      <trkpt lat="-8.691361" lon="121.139512"><ele>172.6</ele></trkpt>
      <trkpt lat="-8.691531" lon="121.139443"><ele>171.5</ele></trkpt>
      <trkpt lat="-8.691658" lon="121.139133"><ele>170.6</ele></trkpt>
      <trkpt lat="-8.691550" lon="121.138835"><ele>166.8</ele></trkpt>
      <trkpt lat="-8.691649" lon="121.138164"><ele>169.2</ele></trkpt>
      <trkpt lat="-8.691754" lon="121.137963"><ele>174.6</ele></trkpt>
      <trkpt lat="-8.691978" lon="121.137876"><ele>176.8</ele></trkpt>
      <trkpt lat="-8.692740" lon="121.138671"><ele>177.1</ele></trkpt>
      <trkpt lat="-8.692834" lon="121.139627"><ele>189.9</ele></trkpt>
      <trkpt lat="-8.693046" lon="121.139935"><ele>205.3</ele></trkpt>
      <trkpt lat="-8.692659" lon="121.140398"><ele>200.1</ele></trkpt>
      <trkpt lat="-8.692400" lon="121.140962"><ele>212.9</ele></trkpt>
      <trkpt lat="-8.692039" lon="121.141255"><ele>207.5</ele></trkpt>
      <trkpt lat="-8.691872" lon="121.141670"><ele>201.4</ele></trkpt>
      <trkpt lat="-8.691852" lon="121.142043"><ele>203.2</ele></trkpt>
      <trkpt lat="-8.691910" lon="121.142268"><ele>203.0</ele></trkpt>
      <trkpt lat="-8.692198" lon="121.142721"><ele>204.9</ele></trkpt>
      <trkpt lat="-8.692513" lon="121.143565"><ele>204.9</ele></trkpt>
      <trkpt lat="-8.692583" lon="121.144485"><ele>205.8</ele></trkpt>
      <trkpt lat="-8.692469" lon="121.145136"><ele>204.4</ele></trkpt>
      <trkpt lat="-8.692503" lon="121.145468"><ele>200.3</ele></trkpt>
      <trkpt lat="-8.692618" lon="121.145631"><ele>198.2</ele></trkpt>
      <trkpt lat="-8.693309" lon="121.146079"><ele>184.8</ele></trkpt>
      <trkpt lat="-8.693492" lon="121.146045"><ele>183.5</ele></trkpt>
      <trkpt lat="-8.694098" lon="121.145421"><ele>180.0</ele></trkpt>
      <trkpt lat="-8.694691" lon="121.145069"><ele>174.6</ele></trkpt>
      <trkpt lat="-8.695240" lon="121.144937"><ele>171.6</ele></trkpt>
      <trkpt lat="-8.695805" lon="121.144904"><ele>175.6</ele></trkpt>
      <trkpt lat="-8.696513" lon="121.145003"><ele>177.0</ele></trkpt>
      <trkpt lat="-8.696836" lon="121.144924"><ele>178.7</ele></trkpt>
      <trkpt lat="-8.697377" lon="121.145010"><ele>177.8</ele></trkpt>
      <trkpt lat="-8.697537" lon="121.144939"><ele>175.5</ele></trkpt>
      <trkpt lat="-8.697671" lon="121.144696"><ele>174.4</ele></trkpt>
      <trkpt lat="-8.697561" lon="121.143388"><ele>193.1</ele></trkpt>
      <trkpt lat="-8.697907" lon="121.142588"><ele>190.9</ele></trkpt>
      <trkpt lat="-8.698359" lon="121.142146"><ele>192.5</ele></trkpt>
      <trkpt lat="-8.698989" lon="121.141716"><ele>189.9</ele></trkpt>
      <trkpt lat="-8.699335" lon="121.141241"><ele>190.2</ele></trkpt>
      <trkpt lat="-8.699421" lon="121.141219"><ele>188.6</ele></trkpt>
      <trkpt lat="-8.699796" lon="121.141423"><ele>177.6</ele></trkpt>
      <trkpt lat="-8.699901" lon="121.141383"><ele>177.2</ele></trkpt>
      <trkpt lat="-8.700644" lon="121.140211"><ele>177.5</ele></trkpt>
      <trkpt lat="-8.700668" lon="121.140021"><ele>176.5</ele></trkpt>
      <trkpt lat="-8.700475" lon="121.139455"><ele>179.6</ele></trkpt>
      <trkpt lat="-8.700456" lon="121.139118"><ele>181.0</ele></trkpt>
      <trkpt lat="-8.700648" lon="121.137850"><ele>181.5</ele></trkpt>
      <trkpt lat="-8.700720" lon="121.137797"><ele>180.6</ele></trkpt>
      <trkpt lat="-8.701329" lon="121.137791"><ele>176.4</ele></trkpt>
      <trkpt lat="-8.701583" lon="121.137695"><ele>179.7</ele></trkpt>
      <trkpt lat="-8.702860" lon="121.136156"><ele>181.5</ele></trkpt>
      <trkpt lat="-8.703767" lon="121.135415"><ele>193.7</ele></trkpt>
      <trkpt lat="-8.704896" lon="121.134814"><ele>191.9</ele></trkpt>
      <trkpt lat="-8.706230" lon="121.134316"><ele>208.8</ele></trkpt>
      <trkpt lat="-8.706557" lon="121.134471"><ele>208.3</ele></trkpt>
      <trkpt lat="-8.706857" lon="121.134517"><ele>205.4</ele></trkpt>
      <trkpt lat="-8.707682" lon="121.134486"><ele>201.7</ele></trkpt>
      <trkpt lat="-8.708197" lon="121.134345"><ele>199.5</ele></trkpt>
      <trkpt lat="-8.709141" lon="121.133860"><ele>196.2</ele></trkpt>
      <trkpt lat="-8.710353" lon="121.133701"><ele>202.4</ele></trkpt>
      <trkpt lat="-8.712336" lon="121.132965"><ele>214.1</ele></trkpt>
      <trkpt lat="-8.713097" lon="121.133116"><ele>211.7</ele></trkpt>
      <trkpt lat="-8.713836" lon="121.133008"><ele>214.7</ele></trkpt>
      <trkpt lat="-8.714145" lon="121.132809"><ele>216.4</ele></trkpt>
      <trkpt lat="-8.714683" lon="121.132091"><ele>219.7</ele></trkpt>
      <trkpt lat="-8.715257" lon="121.131854"><ele>224.2</ele></trkpt>
      <trkpt lat="-8.715351" lon="121.131857"><ele>226.0</ele></trkpt>
      <trkpt lat="-8.715428" lon="121.131956"><ele>227.5</ele></trkpt>
      <trkpt lat="-8.715251" lon="121.132381"><ele>224.6</ele></trkpt>
      <trkpt lat="-8.715373" lon="121.132887"><ele>225.2</ele></trkpt>
      <trkpt lat="-8.715903" lon="121.133420"><ele>228.4</ele></trkpt>
      <trkpt lat="-8.716164" lon="121.133578"><ele>233.2</ele></trkpt>
      <trkpt lat="-8.717131" lon="121.133594"><ele>230.8</ele></trkpt>
      <trkpt lat="-8.717592" lon="121.133423"><ele>233.4</ele></trkpt>
      <trkpt lat="-8.718232" lon="121.133026"><ele>234.3</ele></trkpt>
      <trkpt lat="-8.718937" lon="121.133585"><ele>234.0</ele></trkpt>
      <trkpt lat="-8.718581" lon="121.132654"><ele>244.8</ele></trkpt>
      <trkpt lat="-8.718564" lon="121.132307"><ele>247.6</ele></trkpt>
      <trkpt lat="-8.718661" lon="121.131735"><ele>255.1</ele></trkpt>
      <trkpt lat="-8.718483" lon="121.131280"><ele>262.7</ele></trkpt>
      <trkpt lat="-8.718833" lon="121.130134"><ele>280.4</ele></trkpt>
      <trkpt lat="-8.718736" lon="121.130059"><ele>279.9</ele></trkpt>
      <trkpt lat="-8.718210" lon="121.130072"><ele>276.5</ele></trkpt>
      <trkpt lat="-8.717693" lon="121.129987"><ele>273.5</ele></trkpt>
      <trkpt lat="-8.717238" lon="121.129782"><ele>274.4</ele></trkpt>
      <trkpt lat="-8.716626" lon="121.129768"><ele>268.5</ele></trkpt>
      <trkpt lat="-8.716429" lon="121.129666"><ele>266.4</ele></trkpt>
      <trkpt lat="-8.716417" lon="121.129374"><ele>269.0</ele></trkpt>
      <trkpt lat="-8.716504" lon="121.129153"><ele>271.8</ele></trkpt>
      <trkpt lat="-8.717238" lon="121.128685"><ele>276.7</ele></trkpt>
      <trkpt lat="-8.717309" lon="121.128619"><ele>275.8</ele></trkpt>
      <trkpt lat="-8.717293" lon="121.128488"><ele>274.4</ele></trkpt>
      <trkpt lat="-8.717141" lon="121.128428"><ele>274.2</ele></trkpt>
      <trkpt lat="-8.716222" lon="121.128398"><ele>274.1</ele></trkpt>
      <trkpt lat="-8.715947" lon="121.128280"><ele>276.2</ele></trkpt>
      <trkpt lat="-8.715851" lon="121.128165"><ele>278.4</ele></trkpt>
      <trkpt lat="-8.715668" lon="121.127588"><ele>282.6</ele></trkpt>
      <trkpt lat="-8.715282" lon="121.127522"><ele>277.6</ele></trkpt>
      <trkpt lat="-8.714133" lon="121.126458"><ele>276.6</ele></trkpt>
      <trkpt lat="-8.714064" lon="121.126058"><ele>279.1</ele></trkpt>
      <trkpt lat="-8.713874" lon="121.125849"><ele>274.8</ele></trkpt>
      <trkpt lat="-8.714036" lon="121.125453"><ele>276.7</ele></trkpt>
      <trkpt lat="-8.714123" lon="121.124644"><ele>263.4</ele></trkpt>
      <trkpt lat="-8.714056" lon="121.124182"><ele>264.5</ele></trkpt>
      <trkpt lat="-8.713809" lon="121.123534"><ele>270.6</ele></trkpt>
      <trkpt lat="-8.713796" lon="121.123232"><ele>271.6</ele></trkpt>
      <trkpt lat="-8.713962" lon="121.122994"><ele>273.2</ele></trkpt>
      <trkpt lat="-8.714679" lon="121.122795"><ele>277.1</ele></trkpt>
      <trkpt lat="-8.714829" lon="121.122849"><ele>277.3</ele></trkpt>
      <trkpt lat="-8.715018" lon="121.123250"><ele>279.3</ele></trkpt>
      <trkpt lat="-8.715163" lon="121.123313"><ele>279.2</ele></trkpt>
      <trkpt lat="-8.715366" lon="121.123269"><ele>281.3</ele></trkpt>
      <trkpt lat="-8.715678" lon="121.122608"><ele>281.4</ele></trkpt>
      <trkpt lat="-8.715718" lon="121.122173"><ele>280.5</ele></trkpt>
      <trkpt lat="-8.715962" lon="121.121870"><ele>276.9</ele></trkpt>
      <trkpt lat="-8.716836" lon="121.121470"><ele>276.3</ele></trkpt>
      <trkpt lat="-8.717781" lon="121.120757"><ele>270.6</ele></trkpt>
      <trkpt lat="-8.717770" lon="121.120358"><ele>272.0</ele></trkpt>
      <trkpt lat="-8.717439" lon="121.119380"><ele>271.6</ele></trkpt>
      <trkpt lat="-8.717498" lon="121.119027"><ele>270.5</ele></trkpt>
      <trkpt lat="-8.717964" lon="121.118457"><ele>261.4</ele></trkpt>
      <trkpt lat="-8.718340" lon="121.118503"><ele>258.2</ele></trkpt>
      <trkpt lat="-8.718487" lon="121.118456"><ele>255.3</ele></trkpt>
      <trkpt lat="-8.718852" lon="121.118178"><ele>251.1</ele></trkpt>
      <trkpt lat="-8.718967" lon="121.118004"><ele>250.1</ele></trkpt>
      <trkpt lat="-8.718793" lon="121.117002"><ele>252.5</ele></trkpt>
      <trkpt lat="-8.718953" lon="121.116174"><ele>246.9</ele></trkpt>
      <trkpt lat="-8.718829" lon="121.115560"><ele>246.6</ele></trkpt>
      <trkpt lat="-8.718533" lon="121.114647"><ele>234.7</ele></trkpt>
      <trkpt lat="-8.717981" lon="121.114155"><ele>232.5</ele></trkpt>
      <trkpt lat="-8.717909" lon="121.113951"><ele>232.4</ele></trkpt>
      <trkpt lat="-8.718594" lon="121.112458"><ele>235.2</ele></trkpt>
      <trkpt lat="-8.718800" lon="121.111497"><ele>240.0</ele></trkpt>
      <trkpt lat="-8.719291" lon="121.110721"><ele>244.8</ele></trkpt>
      <trkpt lat="-8.719543" lon="121.109981"><ele>265.8</ele></trkpt>
      <trkpt lat="-8.719497" lon="121.109831"><ele>265.4</ele></trkpt>
      <trkpt lat="-8.719260" lon="121.109562"><ele>262.4</ele></trkpt>
      <trkpt lat="-8.718646" lon="121.109448"><ele>268.2</ele></trkpt>
      <trkpt lat="-8.718503" lon="121.109009"><ele>276.8</ele></trkpt>
      <trkpt lat="-8.718405" lon="121.108307"><ele>280.8</ele></trkpt>
      <trkpt lat="-8.717821" lon="121.107405"><ele>292.9</ele></trkpt>
      <trkpt lat="-8.717025" lon="121.106672"><ele>302.3</ele></trkpt>
      <trkpt lat="-8.717033" lon="121.106482"><ele>301.4</ele></trkpt>
      <trkpt lat="-8.717252" lon="121.106231"><ele>301.6</ele></trkpt>
      <trkpt lat="-8.717909" lon="121.105783"><ele>308.7</ele></trkpt>
      <trkpt lat="-8.718374" lon="121.105339"><ele>313.8</ele></trkpt>
      <trkpt lat="-8.718922" lon="121.104028"><ele>316.4</ele></trkpt>
      <trkpt lat="-8.719725" lon="121.103074"><ele>323.3</ele></trkpt>
      <trkpt lat="-8.719885" lon="121.102649"><ele>319.2</ele></trkpt>
      <trkpt lat="-8.720043" lon="121.102457"><ele>319.0</ele></trkpt>
      <trkpt lat="-8.721145" lon="121.101842"><ele>318.2</ele></trkpt>
      <trkpt lat="-8.721998" lon="121.101530"><ele>321.4</ele></trkpt>
      <trkpt lat="-8.723378" lon="121.101486"><ele>337.7</ele></trkpt>
      <trkpt lat="-8.723866" lon="121.100409"><ele>342.3</ele></trkpt>
      <trkpt lat="-8.725143" lon="121.099508"><ele>342.7</ele></trkpt>
      <trkpt lat="-8.725227" lon="121.099377"><ele>343.5</ele></trkpt>
      <trkpt lat="-8.725198" lon="121.099162"><ele>345.0</ele></trkpt>
      <trkpt lat="-8.724432" lon="121.097789"><ele>342.9</ele></trkpt>
      <trkpt lat="-8.723957" lon="121.097365"><ele>339.5</ele></trkpt>
      <trkpt lat="-8.723635" lon="121.097321"><ele>340.0</ele></trkpt>
      <trkpt lat="-8.722491" lon="121.097735"><ele>339.0</ele></trkpt>
      <trkpt lat="-8.721851" lon="121.097770"><ele>339.0</ele></trkpt>
      <trkpt lat="-8.720328" lon="121.097191"><ele>340.8</ele></trkpt>
      <trkpt lat="-8.718850" lon="121.096487"><ele>341.9</ele></trkpt>
      <trkpt lat="-8.718181" lon="121.095909"><ele>341.7</ele></trkpt>
      <trkpt lat="-8.717550" lon="121.095243"><ele>344.8</ele></trkpt>
      <trkpt lat="-8.716566" lon="121.094042"><ele>332.7</ele></trkpt>
      <trkpt lat="-8.716451" lon="121.093756"><ele>330.7</ele></trkpt>
      <trkpt lat="-8.716359" lon="121.093097"><ele>327.0</ele></trkpt>
      <trkpt lat="-8.716042" lon="121.092891"><ele>321.5</ele></trkpt>
      <trkpt lat="-8.715649" lon="121.092821"><ele>313.2</ele></trkpt>
      <trkpt lat="-8.715447" lon="121.092702"><ele>308.1</ele></trkpt>
      <trkpt lat="-8.714567" lon="121.091937"><ele>293.9</ele></trkpt>
      <trkpt lat="-8.714176" lon="121.091354"><ele>295.3</ele></trkpt>
      <trkpt lat="-8.714159" lon="121.091234"><ele>296.7</ele></trkpt>
      <trkpt lat="-8.714306" lon="121.090519"><ele>303.7</ele></trkpt>
      <trkpt lat="-8.714660" lon="121.090160"><ele>309.3</ele></trkpt>
      <trkpt lat="-8.714208" lon="121.089841"><ele>319.7</ele></trkpt>
      <trkpt lat="-8.714113" lon="121.089690"><ele>323.3</ele></trkpt>
      <trkpt lat="-8.714100" lon="121.089477"><ele>327.8</ele></trkpt>
      <trkpt lat="-8.714316" lon="121.089064"><ele>330.7</ele></trkpt>
      <trkpt lat="-8.714481" lon="121.088474"><ele>333.2</ele></trkpt>
      <trkpt lat="-8.714914" lon="121.086226"><ele>341.5</ele></trkpt>
      <trkpt lat="-8.715553" lon="121.084637"><ele>353.9</ele></trkpt>
      <trkpt lat="-8.715588" lon="121.083796"><ele>357.0</ele></trkpt>
      <trkpt lat="-8.715286" lon="121.083794"><ele>358.9</ele></trkpt>
      <trkpt lat="-8.714064" lon="121.084067"><ele>349.0</ele></trkpt>
      <trkpt lat="-8.713005" lon="121.083910"><ele>343.1</ele></trkpt>
      <trkpt lat="-8.710574" lon="121.082736"><ele>343.4</ele></trkpt>
      <trkpt lat="-8.710122" lon="121.081930"><ele>348.0</ele></trkpt>
      <trkpt lat="-8.710121" lon="121.081718"><ele>349.5</ele></trkpt>
      <trkpt lat="-8.711205" lon="121.077934"><ele>360.2</ele></trkpt>
      <trkpt lat="-8.711787" lon="121.074663"><ele>377.8</ele></trkpt>
      <trkpt lat="-8.712022" lon="121.071895"><ele>385.3</ele></trkpt>
      <trkpt lat="-8.712036" lon="121.069496"><ele>393.6</ele></trkpt>
      <trkpt lat="-8.712344" lon="121.066477"><ele>409.0</ele></trkpt>
      <trkpt lat="-8.712157" lon="121.065659"><ele>410.4</ele></trkpt>
      <trkpt lat="-8.711166" lon="121.063194"><ele>417.3</ele></trkpt>
      <trkpt lat="-8.710304" lon="121.059874"><ele>430.6</ele></trkpt>
      <trkpt lat="-8.710102" lon="121.059454"><ele>430.0</ele></trkpt>
      <trkpt lat="-8.709536" lon="121.058765"><ele>430.4</ele></trkpt>
      <trkpt lat="-8.709390" lon="121.058436"><ele>432.8</ele></trkpt>
      <trkpt lat="-8.709328" lon="121.057809"><ele>435.0</ele></trkpt>
      <trkpt lat="-8.709478" lon="121.057043"><ele>438.7</ele></trkpt>
      <trkpt lat="-8.709239" lon="121.057083"><ele>435.0</ele></trkpt>
      <trkpt lat="-8.709192" lon="121.057405"><ele>433.8</ele></trkpt>
      <trkpt lat="-8.709125" lon="121.057440"><ele>433.8</ele></trkpt>
      <trkpt lat="-8.709049" lon="121.057357"><ele>433.5</ele></trkpt>
      <trkpt lat="-8.709053" lon="121.057078"><ele>433.4</ele></trkpt>
      <trkpt lat="-8.708700" lon="121.057126"><ele>434.5</ele></trkpt>
      <trkpt lat="-8.708771" lon="121.057485"><ele>434.4</ele></trkpt>
      <trkpt lat="-8.708612" lon="121.057901"><ele>431.7</ele></trkpt>
      <trkpt lat="-8.708771" lon="121.057485"><ele>434.4</ele></trkpt>
      <trkpt lat="-8.708700" lon="121.057126"><ele>434.5</ele></trkpt>
      <trkpt lat="-8.709409" lon="121.057090"><ele>437.4</ele></trkpt>
      <trkpt lat="-8.709292" lon="121.057625"><ele>434.7</ele></trkpt>
      <trkpt lat="-8.709352" lon="121.057635"><ele>434.8</ele></trkpt>
      <trkpt lat="-8.710047" lon="121.054743"><ele>450.9</ele></trkpt>
      <trkpt lat="-8.710450" lon="121.053365"><ele>462.4</ele></trkpt>
      <trkpt lat="-8.710006" lon="121.051732"><ele>464.8</ele></trkpt>
      <trkpt lat="-8.709606" lon="121.050825"><ele>462.5</ele></trkpt>
      <trkpt lat="-8.709361" lon="121.048242"><ele>473.7</ele></trkpt>
      <trkpt lat="-8.709655" lon="121.045976"><ele>485.6</ele></trkpt>
      <trkpt lat="-8.710399" lon="121.046170"><ele>486.4</ele></trkpt>
      <trkpt lat="-8.711567" lon="121.046288"><ele>486.0</ele></trkpt>
      <trkpt lat="-8.711657" lon="121.045569"><ele>489.9</ele></trkpt>
      <trkpt lat="-8.711603" lon="121.045216"><ele>493.1</ele></trkpt>
      <trkpt lat="-8.711852" lon="121.044975"><ele>494.3</ele></trkpt>
      <trkpt lat="-8.712129" lon="121.044489"><ele>502.1</ele></trkpt>
      <trkpt lat="-8.713599" lon="121.043772"><ele>510.6</ele></trkpt>
      <trkpt lat="-8.714474" lon="121.042862"><ele>517.3</ele></trkpt>
      <trkpt lat="-8.714934" lon="121.042120"><ele>518.2</ele></trkpt>
      <trkpt lat="-8.715163" lon="121.042058"><ele>517.8</ele></trkpt>
      <trkpt lat="-8.716404" lon="121.042310"><ele>523.8</ele></trkpt>
      <trkpt lat="-8.716615" lon="121.042396"><ele>520.5</ele></trkpt>
      <trkpt lat="-8.716747" lon="121.042571"><ele>518.2</ele></trkpt>
      <trkpt lat="-8.716834" lon="121.042503"><ele>518.4</ele></trkpt>
      <trkpt lat="-8.717045" lon="121.042754"><ele>517.7</ele></trkpt>
      <trkpt lat="-8.718090" lon="121.041441"><ele>535.5</ele></trkpt>
      <trkpt lat="-8.719151" lon="121.041623"><ele>532.3</ele></trkpt>
      <trkpt lat="-8.719912" lon="121.041916"><ele>529.7</ele></trkpt>
      <trkpt lat="-8.720499" lon="121.041928"><ele>531.0</ele></trkpt>
      <trkpt lat="-8.720534" lon="121.041622"><ele>531.3</ele></trkpt>
      <trkpt lat="-8.720410" lon="121.040305"><ele>536.5</ele></trkpt>
      <trkpt lat="-8.720450" lon="121.040112"><ele>537.6</ele></trkpt>
      <trkpt lat="-8.720928" lon="121.038918"><ele>540.9</ele></trkpt>
      <trkpt lat="-8.721192" lon="121.038659"><ele>539.5</ele></trkpt>
      <trkpt lat="-8.721730" lon="121.038306"><ele>546.9</ele></trkpt>
      <trkpt lat="-8.722259" lon="121.038560"><ele>548.7</ele></trkpt>
      <trkpt lat="-8.723564" lon="121.038796"><ele>545.4</ele></trkpt>
      <trkpt lat="-8.724577" lon="121.038867"><ele>544.0</ele></trkpt>
      <trkpt lat="-8.725777" lon="121.038669"><ele>540.6</ele></trkpt>
      <trkpt lat="-8.726700" lon="121.037892"><ele>547.7</ele></trkpt>
      <trkpt lat="-8.726932" lon="121.037851"><ele>548.7</ele></trkpt>
      <trkpt lat="-8.732796" lon="121.038967"><ele>562.5</ele></trkpt>
      <trkpt lat="-8.736417" lon="121.039767"><ele>558.9</ele></trkpt>
      <trkpt lat="-8.736723" lon="121.039722"><ele>561.2</ele></trkpt>
      <trkpt lat="-8.738242" lon="121.039217"><ele>558.3</ele></trkpt>
      <trkpt lat="-8.742871" lon="121.038209"><ele>544.1</ele></trkpt>
      <trkpt lat="-8.743358" lon="121.038064"><ele>536.1</ele></trkpt>
      <trkpt lat="-8.743605" lon="121.037890"><ele>534.8</ele></trkpt>
      <trkpt lat="-8.743643" lon="121.037683"><ele>533.4</ele></trkpt>
      <trkpt lat="-8.743544" lon="121.037221"><ele>533.5</ele></trkpt>
      <trkpt lat="-8.743547" lon="121.036479"><ele>539.8</ele></trkpt>
      <trkpt lat="-8.743011" lon="121.035156"><ele>564.0</ele></trkpt>
      <trkpt lat="-8.742528" lon="121.034214"><ele>595.9</ele></trkpt>
      <trkpt lat="-8.742461" lon="121.033795"><ele>603.3</ele></trkpt>
      <trkpt lat="-8.742768" lon="121.031895"><ele>621.5</ele></trkpt>
      <trkpt lat="-8.743566" lon="121.028510"><ele>653.1</ele></trkpt>
      <trkpt lat="-8.744154" lon="121.027522"><ele>651.1</ele></trkpt>
      <trkpt lat="-8.744238" lon="121.026954"><ele>654.7</ele></trkpt>
      <trkpt lat="-8.744741" lon="121.026344"><ele>658.4</ele></trkpt>
      <trkpt lat="-8.745246" lon="121.025458"><ele>662.6</ele></trkpt>
      <trkpt lat="-8.745796" lon="121.024137"><ele>679.6</ele></trkpt>
      <trkpt lat="-8.747526" lon="121.022832"><ele>700.0</ele></trkpt>
      <trkpt lat="-8.748547" lon="121.021685"><ele>717.1</ele></trkpt>
      <trkpt lat="-8.748819" lon="121.021201"><ele>722.6</ele></trkpt>
      <trkpt lat="-8.749360" lon="121.020721"><ele>724.7</ele></trkpt>
      <trkpt lat="-8.749837" lon="121.020528"><ele>730.7</ele></trkpt>
      <trkpt lat="-8.750550" lon="121.020551"><ele>733.1</ele></trkpt>
      <trkpt lat="-8.751501" lon="121.020218"><ele>734.5</ele></trkpt>
      <trkpt lat="-8.751731" lon="121.019833"><ele>735.4</ele></trkpt>
      <trkpt lat="-8.751637" lon="121.018980"><ele>733.9</ele></trkpt>
      <trkpt lat="-8.751698" lon="121.018621"><ele>736.5</ele></trkpt>
      <trkpt lat="-8.751995" lon="121.017954"><ele>741.4</ele></trkpt>
      <trkpt lat="-8.752175" lon="121.017872"><ele>741.2</ele></trkpt>
      <trkpt lat="-8.752973" lon="121.018027"><ele>740.5</ele></trkpt>
      <trkpt lat="-8.753085" lon="121.017918"><ele>742.5</ele></trkpt>
      <trkpt lat="-8.753155" lon="121.017573"><ele>746.2</ele></trkpt>
      <trkpt lat="-8.753113" lon="121.017213"><ele>749.7</ele></trkpt>
      <trkpt lat="-8.752602" lon="121.015756"><ele>768.6</ele></trkpt>
      <trkpt lat="-8.752579" lon="121.014946"><ele>775.7</ele></trkpt>
      <trkpt lat="-8.753074" lon="121.012511"><ele>803.8</ele></trkpt>
      <trkpt lat="-8.753337" lon="121.011526"><ele>811.0</ele></trkpt>
      <trkpt lat="-8.753493" lon="121.011224"><ele>815.8</ele></trkpt>
      <trkpt lat="-8.753803" lon="121.011089"><ele>821.2</ele></trkpt>
      <trkpt lat="-8.754564" lon="121.011129"><ele>824.3</ele></trkpt>
      <trkpt lat="-8.755194" lon="121.010740"><ele>819.0</ele></trkpt>
      <trkpt lat="-8.755330" lon="121.010578"><ele>818.6</ele></trkpt>
      <trkpt lat="-8.755508" lon="121.010073"><ele>822.2</ele></trkpt>
      <trkpt lat="-8.756050" lon="121.009229"><ele>831.3</ele></trkpt>
      <trkpt lat="-8.756123" lon="121.008899"><ele>834.8</ele></trkpt>
      <trkpt lat="-8.756026" lon="121.006600"><ele>866.6</ele></trkpt>
      <trkpt lat="-8.756104" lon="121.004625"><ele>891.4</ele></trkpt>
      <trkpt lat="-8.756721" lon="121.004248"><ele>894.6</ele></trkpt>
      <trkpt lat="-8.757199" lon="121.004219"><ele>889.6</ele></trkpt>
      <trkpt lat="-8.757496" lon="121.004059"><ele>892.5</ele></trkpt>
      <trkpt lat="-8.758658" lon="121.002604"><ele>912.3</ele></trkpt>
      <trkpt lat="-8.758836" lon="121.002469"><ele>910.6</ele></trkpt>
      <trkpt lat="-8.759102" lon="121.002478"><ele>910.2</ele></trkpt>
      <trkpt lat="-8.759088" lon="121.002966"><ele>910.1</ele></trkpt>
      <trkpt lat="-8.759163" lon="121.003273"><ele>908.4</ele></trkpt>
      <trkpt lat="-8.759312" lon="121.003445"><ele>908.9</ele></trkpt>
      <trkpt lat="-8.759459" lon="121.003445"><ele>911.0</ele></trkpt>
      <trkpt lat="-8.760397" lon="121.002647"><ele>925.1</ele></trkpt>
      <trkpt lat="-8.761482" lon="121.001339"><ele>937.8</ele></trkpt>
      <trkpt lat="-8.762437" lon="121.001193"><ele>945.9</ele></trkpt>
      <trkpt lat="-8.763080" lon="121.000828"><ele>952.9</ele></trkpt>
      <trkpt lat="-8.763194" lon="121.000969"><ele>958.9</ele></trkpt>
      <trkpt lat="-8.762965" lon="121.001901"><ele>959.9</ele></trkpt>
      <trkpt lat="-8.763063" lon="121.002057"><ele>961.5</ele></trkpt>
      <trkpt lat="-8.763503" lon="121.001852"><ele>967.4</ele></trkpt>
      <trkpt lat="-8.763867" lon="121.001527"><ele>971.8</ele></trkpt>
      <trkpt lat="-8.764464" lon="121.001401"><ele>969.9</ele></trkpt>
      <trkpt lat="-8.765381" lon="121.000309"><ele>982.9</ele></trkpt>
      <trkpt lat="-8.765923" lon="120.999790"><ele>986.1</ele></trkpt>
      <trkpt lat="-8.766357" lon="120.998762"><ele>998.3</ele></trkpt>
      <trkpt lat="-8.767538" lon="120.997398"><ele>1017.5</ele></trkpt>
      <trkpt lat="-8.767764" lon="120.996873"><ele>1029.7</ele></trkpt>
      <trkpt lat="-8.767974" lon="120.996031"><ele>1043.4</ele></trkpt>
      <trkpt lat="-8.767902" lon="120.995709"><ele>1044.7</ele></trkpt>
      <trkpt lat="-8.767588" lon="120.995263"><ele>1050.3</ele></trkpt>
      <trkpt lat="-8.767555" lon="120.994996"><ele>1053.9</ele></trkpt>
      <trkpt lat="-8.768110" lon="120.994214"><ele>1055.5</ele></trkpt>
      <trkpt lat="-8.768447" lon="120.993494"><ele>1055.4</ele></trkpt>
      <trkpt lat="-8.768720" lon="120.993340"><ele>1056.0</ele></trkpt>
      <trkpt lat="-8.769254" lon="120.993333"><ele>1058.6</ele></trkpt>
      <trkpt lat="-8.769630" lon="120.993246"><ele>1062.3</ele></trkpt>
      <trkpt lat="-8.770399" lon="120.992892"><ele>1071.8</ele></trkpt>
      <trkpt lat="-8.770811" lon="120.992299"><ele>1076.1</ele></trkpt>
      <trkpt lat="-8.771372" lon="120.991941"><ele>1077.0</ele></trkpt>
      <trkpt lat="-8.771522" lon="120.991622"><ele>1081.4</ele></trkpt>
      <trkpt lat="-8.771669" lon="120.990971"><ele>1087.1</ele></trkpt>
      <trkpt lat="-8.772023" lon="120.990439"><ele>1096.6</ele></trkpt>
      <trkpt lat="-8.772318" lon="120.990251"><ele>1097.9</ele></trkpt>
      <trkpt lat="-8.773424" lon="120.990061"><ele>1103.7</ele></trkpt>
      <trkpt lat="-8.773444" lon="120.988604"><ele>1107.3</ele></trkpt>
      <trkpt lat="-8.773711" lon="120.988175"><ele>1108.7</ele></trkpt>
      <trkpt lat="-8.773904" lon="120.987625"><ele>1113.5</ele></trkpt>
      <trkpt lat="-8.774573" lon="120.987458"><ele>1114.2</ele></trkpt>
      <trkpt lat="-8.774785" lon="120.987864"><ele>1109.8</ele></trkpt>
      <trkpt lat="-8.775318" lon="120.988427"><ele>1114.3</ele></trkpt>
      <trkpt lat="-8.775734" lon="120.989143"><ele>1118.6</ele></trkpt>
      <trkpt lat="-8.776304" lon="120.989363"><ele>1124.3</ele></trkpt>
      <trkpt lat="-8.777155" lon="120.989425"><ele>1130.3</ele></trkpt>
      <trkpt lat="-8.777338" lon="120.989145"><ele>1129.8</ele></trkpt>
      <trkpt lat="-8.777249" lon="120.989095"><ele>1130.7</ele></trkpt>
      <trkpt lat="-8.777197" lon="120.988874"><ele>1131.1</ele></trkpt>
      <trkpt lat="-8.777201" lon="120.987176"><ele>1138.6</ele></trkpt>
      <trkpt lat="-8.776963" lon="120.986403"><ele>1146.8</ele></trkpt>
      <trkpt lat="-8.777439" lon="120.986072"><ele>1146.4</ele></trkpt>
      <trkpt lat="-8.778048" lon="120.985807"><ele>1149.0</ele></trkpt>
      <trkpt lat="-8.780129" lon="120.985386"><ele>1145.4</ele></trkpt>
      <trkpt lat="-8.780784" lon="120.985179"><ele>1142.2</ele></trkpt>
      <trkpt lat="-8.781156" lon="120.984981"><ele>1142.0</ele></trkpt>
      <trkpt lat="-8.780888" lon="120.983363"><ele>1147.9</ele></trkpt>
      <trkpt lat="-8.781485" lon="120.983201"><ele>1148.7</ele></trkpt>
      <trkpt lat="-8.782015" lon="120.982949"><ele>1150.4</ele></trkpt>
      <trkpt lat="-8.783140" lon="120.981976"><ele>1147.9</ele></trkpt>
      <trkpt lat="-8.783917" lon="120.981790"><ele>1138.7</ele></trkpt>
      <trkpt lat="-8.785424" lon="120.981701"><ele>1135.4</ele></trkpt>
      <trkpt lat="-8.785195" lon="120.980095"><ele>1161.8</ele></trkpt>
      <trkpt lat="-8.785083" lon="120.979770"><ele>1168.9</ele></trkpt>
      <trkpt lat="-8.784927" lon="120.979805"><ele>1169.9</ele></trkpt>
      <trkpt lat="-8.784855" lon="120.979697"><ele>1172.1</ele></trkpt>
      <trkpt lat="-8.784648" lon="120.978272"><ele>1191.4</ele></trkpt>
      <trkpt lat="-8.784491" lon="120.977834"><ele>1193.5</ele></trkpt>
      <trkpt lat="-8.784584" lon="120.977543"><ele>1192.6</ele></trkpt>
      <trkpt lat="-8.785759" lon="120.975751"><ele>1196.9</ele></trkpt>
      <trkpt lat="-8.785873" lon="120.975729"><ele>1196.6</ele></trkpt>
      <trkpt lat="-8.785840" lon="120.975596"><ele>1197.7</ele></trkpt>
      <trkpt lat="-8.787327" lon="120.973378"><ele>1201.2</ele></trkpt>
      <trkpt lat="-8.787402" lon="120.973360"><ele>1201.1</ele></trkpt>
      <trkpt lat="-8.787653" lon="120.972928"><ele>1203.2</ele></trkpt>
      <trkpt lat="-8.789772" lon="120.970235"><ele>1200.8</ele></trkpt>
      <trkpt lat="-8.789380" lon="120.970075"><ele>1201.8</ele></trkpt>
      <trkpt lat="-8.789690" lon="120.969163"><ele>1196.7</ele></trkpt>
      <trkpt lat="-8.790746" lon="120.968627"><ele>1188.7</ele></trkpt>
      <trkpt lat="-8.790813" lon="120.968535"><ele>1187.5</ele></trkpt>
      <trkpt lat="-8.790894" lon="120.968344"><ele>1185.4</ele></trkpt>
      <trkpt lat="-8.790836" lon="120.968245"><ele>1185.3</ele></trkpt>
      <trkpt lat="-8.790072" lon="120.967929"><ele>1187.6</ele></trkpt>
      <trkpt lat="-8.789971" lon="120.967716"><ele>1191.0</ele></trkpt>
      <trkpt lat="-8.790235" lon="120.967378"><ele>1199.9</ele></trkpt>
      <trkpt lat="-8.790301" lon="120.966951"><ele>1202.0</ele></trkpt>
      <trkpt lat="-8.790739" lon="120.966927"><ele>1203.2</ele></trkpt>
      <trkpt lat="-8.790851" lon="120.966859"><ele>1203.8</ele></trkpt>
      <trkpt lat="-8.790907" lon="120.966688"><ele>1203.7</ele></trkpt>
      <trkpt lat="-8.790771" lon="120.966547"><ele>1202.4</ele></trkpt>
      <trkpt lat="-8.790800" lon="120.966458"><ele>1202.7</ele></trkpt>
      <trkpt lat="-8.791253" lon="120.966542"><ele>1203.1</ele></trkpt>
      <trkpt lat="-8.791375" lon="120.966895"><ele>1197.8</ele></trkpt>
      <trkpt lat="-8.791936" lon="120.966931"><ele>1201.9</ele></trkpt>
      <trkpt lat="-8.792949" lon="120.967144"><ele>1204.7</ele></trkpt>
      <trkpt lat="-8.793327" lon="120.967452"><ele>1208.9</ele></trkpt>
      <trkpt lat="-8.794132" lon="120.968626"><ele>1206.0</ele></trkpt>
      <trkpt lat="-8.794753" lon="120.969283"><ele>1207.4</ele></trkpt>
      <trkpt lat="-8.795144" lon="120.969843"><ele>1204.6</ele></trkpt>
      <trkpt lat="-8.795267" lon="120.970145"><ele>1202.3</ele></trkpt>
      <trkpt lat="-8.794852" lon="120.970631"><ele>1190.7</ele></trkpt>
      <trkpt lat="-8.794480" lon="120.970883"><ele>1184.0</ele></trkpt>
      <trkpt lat="-8.794852" lon="120.970631"><ele>1190.7</ele></trkpt>
      <trkpt lat="-8.794660" lon="120.971323"><ele>1180.8</ele></trkpt>
      <trkpt lat="-8.794612" lon="120.972306"><ele>1168.6</ele></trkpt>
      <trkpt lat="-8.794986" lon="120.972099"><ele>1172.3</ele></trkpt>
      <trkpt lat="-8.795569" lon="120.972359"><ele>1171.1</ele></trkpt>
      <trkpt lat="-8.796104" lon="120.972725"><ele>1172.3</ele></trkpt>
      <trkpt lat="-8.797145" lon="120.972953"><ele>1179.0</ele></trkpt>
      <trkpt lat="-8.797512" lon="120.973210"><ele>1180.2</ele></trkpt>
      <trkpt lat="-8.798006" lon="120.973404"><ele>1177.3</ele></trkpt>
      <trkpt lat="-8.799529" lon="120.973410"><ele>1170.8</ele></trkpt>
      <trkpt lat="-8.800604" lon="120.973690"><ele>1168.4</ele></trkpt>
      <trkpt lat="-8.802470" lon="120.973238"><ele>1176.1</ele></trkpt>
      <trkpt lat="-8.802540" lon="120.973135"><ele>1177.1</ele></trkpt>
      <trkpt lat="-8.802498" lon="120.972900"><ele>1179.1</ele></trkpt>
      <trkpt lat="-8.802289" lon="120.972351"><ele>1186.8</ele></trkpt>
      <trkpt lat="-8.802089" lon="120.972059"><ele>1192.0</ele></trkpt>
      <trkpt lat="-8.802089" lon="120.971882"><ele>1196.0</ele></trkpt>
      <trkpt lat="-8.802557" lon="120.971730"><ele>1199.9</ele></trkpt>
      <trkpt lat="-8.802822" lon="120.971499"><ele>1200.7</ele></trkpt>
      <trkpt lat="-8.802931" lon="120.971243"><ele>1202.8</ele></trkpt>
      <trkpt lat="-8.803071" lon="120.971123"><ele>1205.8</ele></trkpt>
      <trkpt lat="-8.803699" lon="120.971069"><ele>1206.5</ele></trkpt>
      <trkpt lat="-8.804004" lon="120.970640"><ele>1216.6</ele></trkpt>
      <trkpt lat="-8.804042" lon="120.970448"><ele>1224.0</ele></trkpt>
      <trkpt lat="-8.804264" lon="120.970387"><ele>1226.6</ele></trkpt>
      <trkpt lat="-8.804588" lon="120.970466"><ele>1225.8</ele></trkpt>
      <trkpt lat="-8.805961" lon="120.971235"><ele>1224.0</ele></trkpt>
      <trkpt lat="-8.806354" lon="120.971299"><ele>1224.9</ele></trkpt>
      <trkpt lat="-8.807029" lon="120.971598"><ele>1231.2</ele></trkpt>
      <trkpt lat="-8.808031" lon="120.971626"><ele>1234.7</ele></trkpt>
      <trkpt lat="-8.808185" lon="120.971828"><ele>1233.8</ele></trkpt>
      <trkpt lat="-8.808224" lon="120.972162"><ele>1237.4</ele></trkpt>
      <trkpt lat="-8.808318" lon="120.972344"><ele>1237.6</ele></trkpt>
      <trkpt lat="-8.808618" lon="120.972583"><ele>1240.2</ele></trkpt>
      <trkpt lat="-8.808913" lon="120.972622"><ele>1242.6</ele></trkpt>
      <trkpt lat="-8.809353" lon="120.972413"><ele>1232.4</ele></trkpt>
      <trkpt lat="-8.810270" lon="120.972347"><ele>1222.9</ele></trkpt>
      <trkpt lat="-8.811180" lon="120.971997"><ele>1221.9</ele></trkpt>
      <trkpt lat="-8.811645" lon="120.971598"><ele>1223.3</ele></trkpt>
      <trkpt lat="-8.812908" lon="120.970895"><ele>1222.3</ele></trkpt>
      <trkpt lat="-8.813213" lon="120.970568"><ele>1225.9</ele></trkpt>
      <trkpt lat="-8.813533" lon="120.970069"><ele>1229.6</ele></trkpt>
      <trkpt lat="-8.813817" lon="120.969823"><ele>1226.8</ele></trkpt>
      <trkpt lat="-8.817554" lon="120.968274"><ele>1213.2</ele></trkpt>
      <trkpt lat="-8.817846" lon="120.968015"><ele>1211.4</ele></trkpt>
      <trkpt lat="-8.818237" lon="120.967326"><ele>1210.5</ele></trkpt>
      <trkpt lat="-8.819007" lon="120.966999"><ele>1209.4</ele></trkpt>
      <trkpt lat="-8.819352" lon="120.966764"><ele>1208.6</ele></trkpt>
      <trkpt lat="-8.820414" lon="120.966663"><ele>1209.0</ele></trkpt>
      <trkpt lat="-8.821845" lon="120.966377"><ele>1204.6</ele></trkpt>
      <trkpt lat="-8.823044" lon="120.966029"><ele>1200.1</ele></trkpt>
      <trkpt lat="-8.824911" lon="120.965694"><ele>1197.8</ele></trkpt>
      <trkpt lat="-8.825993" lon="120.965843"><ele>1193.9</ele></trkpt>
      <trkpt lat="-8.826812" lon="120.965406"><ele>1192.6</ele></trkpt>
      <trkpt lat="-8.827038" lon="120.965682"><ele>1192.5</ele></trkpt>
      <trkpt lat="-8.827287" lon="120.966431"><ele>1194.3</ele></trkpt>
      <trkpt lat="-8.827713" lon="120.966514"><ele>1195.1</ele></trkpt>
      <trkpt lat="-8.828233" lon="120.966405"><ele>1195.1</ele></trkpt>
      <trkpt lat="-8.828689" lon="120.966490"><ele>1194.7</ele></trkpt>
      <trkpt lat="-8.829147" lon="120.965692"><ele>1193.7</ele></trkpt>
      <trkpt lat="-8.829397" lon="120.965433"><ele>1188.9</ele></trkpt>
      <trkpt lat="-8.829868" lon="120.965195"><ele>1181.6</ele></trkpt>
      <trkpt lat="-8.831019" lon="120.964409"><ele>1165.2</ele></trkpt>
      <trkpt lat="-8.831416" lon="120.964378"><ele>1158.9</ele></trkpt>
      <trkpt lat="-8.832086" lon="120.963822"><ele>1156.0</ele></trkpt>
      <trkpt lat="-8.832552" lon="120.963565"><ele>1155.9</ele></trkpt>
      <trkpt lat="-8.833310" lon="120.963312"><ele>1146.8</ele></trkpt>
      <trkpt lat="-8.833499" lon="120.963179"><ele>1146.9</ele></trkpt>
      <trkpt lat="-8.833749" lon="120.962841"><ele>1147.7</ele></trkpt>
      <trkpt lat="-8.833901" lon="120.962873"><ele>1144.8</ele></trkpt>
      <trkpt lat="-8.834381" lon="120.963233"><ele>1141.0</ele></trkpt>
      <trkpt lat="-8.835101" lon="120.963323"><ele>1141.0</ele></trkpt>
      <trkpt lat="-8.835950" lon="120.963019"><ele>1145.6</ele></trkpt>
      <trkpt lat="-8.836431" lon="120.962602"><ele>1147.8</ele></trkpt>
      <trkpt lat="-8.836907" lon="120.962310"><ele>1151.4</ele></trkpt>
      <trkpt lat="-8.837106" lon="120.962526"><ele>1159.2</ele></trkpt>
      <trkpt lat="-8.837888" lon="120.962629"><ele>1152.2</ele></trkpt>
      <trkpt lat="-8.839208" lon="120.963218"><ele>1152.6</ele></trkpt>
      <trkpt lat="-8.839769" lon="120.963265"><ele>1148.7</ele></trkpt>
      <trkpt lat="-8.840612" lon="120.963150"><ele>1141.4</ele></trkpt>
      <trkpt lat="-8.841336" lon="120.963593"><ele>1133.2</ele></trkpt>
      <trkpt lat="-8.841773" lon="120.963598"><ele>1130.6</ele></trkpt>
      <trkpt lat="-8.842250" lon="120.963917"><ele>1131.5</ele></trkpt>
      <trkpt lat="-8.843406" lon="120.964000"><ele>1131.8</ele></trkpt>
      <trkpt lat="-8.843577" lon="120.964835"><ele>1132.3</ele></trkpt>
      <trkpt lat="-8.843490" lon="120.965299"><ele>1138.5</ele></trkpt>
      <trkpt lat="-8.843956" lon="120.965598"><ele>1143.3</ele></trkpt>
      <trkpt lat="-8.844085" lon="120.965925"><ele>1146.2</ele></trkpt>
      <trkpt lat="-8.843950" lon="120.967491"><ele>1160.0</ele></trkpt>
      <trkpt lat="-8.844108" lon="120.967770"><ele>1159.8</ele></trkpt>
      <trkpt lat="-8.844090" lon="120.968270"><ele>1162.2</ele></trkpt>
      <trkpt lat="-8.844278" lon="120.968863"><ele>1170.2</ele></trkpt>
      <trkpt lat="-8.844089" lon="120.969450"><ele>1178.7</ele></trkpt>
      <trkpt lat="-8.844069" lon="120.969966"><ele>1186.2</ele></trkpt>
      <trkpt lat="-8.843843" lon="120.970448"><ele>1192.5</ele></trkpt>
      <trkpt lat="-8.843864" lon="120.970533"><ele>1194.0</ele></trkpt>
      <trkpt lat="-8.844667" lon="120.970849"><ele>1192.7</ele></trkpt>
      <trkpt lat="-8.845258" lon="120.970810"><ele>1189.5</ele></trkpt>
      <trkpt lat="-8.845599" lon="120.970615"><ele>1187.6</ele></trkpt>
      <trkpt lat="-8.845714" lon="120.970615"><ele>1185.3</ele></trkpt>
      <trkpt lat="-8.845874" lon="120.971140"><ele>1187.0</ele></trkpt>
      <trkpt lat="-8.845968" lon="120.971253"><ele>1188.9</ele></trkpt>
      <trkpt lat="-8.846279" lon="120.971173"><ele>1181.8</ele></trkpt>
      <trkpt lat="-8.846930" lon="120.971195"><ele>1177.8</ele></trkpt>
      <trkpt lat="-8.847290" lon="120.970927"><ele>1171.9</ele></trkpt>
      <trkpt lat="-8.847434" lon="120.970917"><ele>1171.0</ele></trkpt>
      <trkpt lat="-8.847465" lon="120.971009"><ele>1171.6</ele></trkpt>
      <trkpt lat="-8.847328" lon="120.971459"><ele>1177.9</ele></trkpt>
      <trkpt lat="-8.847407" lon="120.971930"><ele>1184.1</ele></trkpt>
      <trkpt lat="-8.847779" lon="120.971668"><ele>1174.0</ele></trkpt>
      <trkpt lat="-8.848068" lon="120.971825"><ele>1178.9</ele></trkpt>
      <trkpt lat="-8.848268" lon="120.971710"><ele>1174.0</ele></trkpt>
      <trkpt lat="-8.848400" lon="120.971716"><ele>1171.9</ele></trkpt>
      <trkpt lat="-8.848545" lon="120.971897"><ele>1177.2</ele></trkpt>
      <trkpt lat="-8.848914" lon="120.972087"><ele>1180.6</ele></trkpt>
      <trkpt lat="-8.849113" lon="120.972084"><ele>1176.6</ele></trkpt>
      <trkpt lat="-8.849299" lon="120.971981"><ele>1169.9</ele></trkpt>
      <trkpt lat="-8.849383" lon="120.972108"><ele>1170.2</ele></trkpt>
      <trkpt lat="-8.849427" lon="120.972492"><ele>1178.2</ele></trkpt>
      <trkpt lat="-8.849517" lon="120.972559"><ele>1179.2</ele></trkpt>
      <trkpt lat="-8.849969" lon="120.972241"><ele>1167.8</ele></trkpt>
      <trkpt lat="-8.850381" lon="120.972407"><ele>1175.4</ele></trkpt>
      <trkpt lat="-8.850708" lon="120.972262"><ele>1162.6</ele></trkpt>
      <trkpt lat="-8.851109" lon="120.972667"><ele>1165.9</ele></trkpt>
      <trkpt lat="-8.851204" lon="120.972941"><ele>1168.3</ele></trkpt>
      <trkpt lat="-8.851568" lon="120.973377"><ele>1164.5</ele></trkpt>
      <trkpt lat="-8.851628" lon="120.973605"><ele>1165.6</ele></trkpt>
      <trkpt lat="-8.851972" lon="120.973679"><ele>1162.3</ele></trkpt>
      <trkpt lat="-8.852091" lon="120.973831"><ele>1162.9</ele></trkpt>
      <trkpt lat="-8.852445" lon="120.974016"><ele>1169.5</ele></trkpt>
      <trkpt lat="-8.852543" lon="120.974017"><ele>1171.9</ele></trkpt>
      <trkpt lat="-8.852862" lon="120.973773"><ele>1175.6</ele></trkpt>
      <trkpt lat="-8.853251" lon="120.973122"><ele>1173.4</ele></trkpt>
      <trkpt lat="-8.853593" lon="120.972987"><ele>1181.0</ele></trkpt>
      <trkpt lat="-8.854011" lon="120.972974"><ele>1180.3</ele></trkpt>
      <trkpt lat="-8.854314" lon="120.973132"><ele>1185.9</ele></trkpt>
      <trkpt lat="-8.854618" lon="120.973111"><ele>1181.0</ele></trkpt>
      <trkpt lat="-8.854886" lon="120.973214"><ele>1180.6</ele></trkpt>
      <trkpt lat="-8.855081" lon="120.973422"><ele>1185.7</ele></trkpt>
      <trkpt lat="-8.855227" lon="120.973777"><ele>1197.4</ele></trkpt>
      <trkpt lat="-8.855545" lon="120.973750"><ele>1187.8</ele></trkpt>
      <trkpt lat="-8.855964" lon="120.974045"><ele>1180.7</ele></trkpt>
      <trkpt lat="-8.856357" lon="120.974541"><ele>1181.9</ele></trkpt>
      <trkpt lat="-8.856578" lon="120.974557"><ele>1177.8</ele></trkpt>
      <trkpt lat="-8.856732" lon="120.974335"><ele>1169.5</ele></trkpt>
      <trkpt lat="-8.856841" lon="120.973903"><ele>1160.6</ele></trkpt>
      <trkpt lat="-8.857565" lon="120.972296"><ele>1122.6</ele></trkpt>
      <trkpt lat="-8.857903" lon="120.971882"><ele>1116.3</ele></trkpt>
      <trkpt lat="-8.858005" lon="120.971417"><ele>1110.0</ele></trkpt>
      <trkpt lat="-8.857971" lon="120.970973"><ele>1108.2</ele></trkpt>
      <trkpt lat="-8.858130" lon="120.970067"><ele>1106.0</ele></trkpt>
      <trkpt lat="-8.858944" lon="120.970499"><ele>1110.2</ele></trkpt>
      <trkpt lat="-8.860909" lon="120.971282"><ele>1117.8</ele></trkpt>
      <trkpt lat="-8.861443" lon="120.971603"><ele>1114.1</ele></trkpt>
      <trkpt lat="-8.862378" lon="120.971745"><ele>1113.3</ele></trkpt>
      <trkpt lat="-8.863525" lon="120.972898"><ele>1106.6</ele></trkpt>
      <trkpt lat="-8.863209" lon="120.973407"><ele>1103.7</ele></trkpt>
      <trkpt lat="-8.862826" lon="120.973791"><ele>1097.8</ele></trkpt>
      <trkpt lat="-8.862853" lon="120.974318"><ele>1099.8</ele></trkpt>
      <trkpt lat="-8.863040" lon="120.974762"><ele>1097.9</ele></trkpt>
      <trkpt lat="-8.863361" lon="120.974803"><ele>1094.8</ele></trkpt>
      <trkpt lat="-8.863496" lon="120.975125"><ele>1093.5</ele></trkpt>
      <trkpt lat="-8.863744" lon="120.975109"><ele>1085.8</ele></trkpt>
      <trkpt lat="-8.863892" lon="120.975182"><ele>1081.3</ele></trkpt>
      <trkpt lat="-8.863862" lon="120.975603"><ele>1085.1</ele></trkpt>
      <trkpt lat="-8.864216" lon="120.976228"><ele>1079.0</ele></trkpt>
      <trkpt lat="-8.864419" lon="120.976445"><ele>1075.3</ele></trkpt>
      <trkpt lat="-8.864833" lon="120.976686"><ele>1071.9</ele></trkpt>
      <trkpt lat="-8.865200" lon="120.977300"><ele>1065.4</ele></trkpt>
      <trkpt lat="-8.865265" lon="120.977736"><ele>1063.2</ele></trkpt>
      <trkpt lat="-8.865103" lon="120.978428"><ele>1077.0</ele></trkpt>
      <trkpt lat="-8.865213" lon="120.978464"><ele>1076.3</ele></trkpt>
      <trkpt lat="-8.865441" lon="120.978386"><ele>1072.4</ele></trkpt>
      <trkpt lat="-8.866212" lon="120.977957"><ele>1044.9</ele></trkpt>
      <trkpt lat="-8.866308" lon="120.978009"><ele>1043.5</ele></trkpt>
      <trkpt lat="-8.866500" lon="120.978354"><ele>1047.3</ele></trkpt>
      <trkpt lat="-8.866595" lon="120.978707"><ele>1052.0</ele></trkpt>
      <trkpt lat="-8.866438" lon="120.979063"><ele>1056.6</ele></trkpt>
      <trkpt lat="-8.866701" lon="120.979792"><ele>1041.1</ele></trkpt>
      <trkpt lat="-8.866215" lon="120.980832"><ele>1053.6</ele></trkpt>
      <trkpt lat="-8.867515" lon="120.981331"><ele>1031.7</ele></trkpt>
      <trkpt lat="-8.867931" lon="120.981829"><ele>1022.9</ele></trkpt>
      <trkpt lat="-8.868344" lon="120.981535"><ele>1013.0</ele></trkpt>
      <trkpt lat="-8.868354" lon="120.981347"><ele>1012.7</ele></trkpt>
      <trkpt lat="-8.868204" lon="120.980950"><ele>1013.3</ele></trkpt>
      <trkpt lat="-8.868315" lon="120.980642"><ele>1004.5</ele></trkpt>
      <trkpt lat="-8.868399" lon="120.980629"><ele>1002.0</ele></trkpt>
      <trkpt lat="-8.868620" lon="120.980818"><ele>999.5</ele></trkpt>
      <trkpt lat="-8.868995" lon="120.980995"><ele>986.6</ele></trkpt>
      <trkpt lat="-8.869170" lon="120.982060"><ele>976.9</ele></trkpt>
      <trkpt lat="-8.868199" lon="120.983256"><ele>965.7</ele></trkpt>
      <trkpt lat="-8.868122" lon="120.983454"><ele>966.2</ele></trkpt>
      <trkpt lat="-8.868183" lon="120.983604"><ele>965.3</ele></trkpt>
      <trkpt lat="-8.868829" lon="120.983870"><ele>950.6</ele></trkpt>
      <trkpt lat="-8.869190" lon="120.983838"><ele>945.5</ele></trkpt>
      <trkpt lat="-8.869805" lon="120.983951"><ele>936.8</ele></trkpt>
      <trkpt lat="-8.870168" lon="120.983932"><ele>931.3</ele></trkpt>
      <trkpt lat="-8.870764" lon="120.983680"><ele>923.1</ele></trkpt>
      <trkpt lat="-8.871328" lon="120.983814"><ele>920.3</ele></trkpt>
      <trkpt lat="-8.871986" lon="120.983658"><ele>911.3</ele></trkpt>
      <trkpt lat="-8.872426" lon="120.983739"><ele>903.1</ele></trkpt>
      <trkpt lat="-8.873101" lon="120.983712"><ele>893.3</ele></trkpt>
      <trkpt lat="-8.873960" lon="120.983921"><ele>878.6</ele></trkpt>
      <trkpt lat="-8.874355" lon="120.984060"><ele>870.0</ele></trkpt>
      <trkpt lat="-8.874372" lon="120.985096"><ele>869.1</ele></trkpt>
      <trkpt lat="-8.875024" lon="120.985492"><ele>864.8</ele></trkpt>
      <trkpt lat="-8.875175" lon="120.985408"><ele>862.7</ele></trkpt>
      <trkpt lat="-8.875342" lon="120.985436"><ele>861.4</ele></trkpt>
      <trkpt lat="-8.875482" lon="120.985640"><ele>859.2</ele></trkpt>
      <trkpt lat="-8.875543" lon="120.986071"><ele>859.1</ele></trkpt>
      <trkpt lat="-8.875724" lon="120.986162"><ele>851.1</ele></trkpt>
      <trkpt lat="-8.875967" lon="120.986188"><ele>840.9</ele></trkpt>
      <trkpt lat="-8.876605" lon="120.985941"><ele>830.5</ele></trkpt>
      <trkpt lat="-8.877166" lon="120.985839"><ele>832.3</ele></trkpt>
      <trkpt lat="-8.878152" lon="120.985447"><ele>831.9</ele></trkpt>
      <trkpt lat="-8.877400" lon="120.985700"><ele>831.0</ele></trkpt>
      <trkpt lat="-8.878152" lon="120.985447"><ele>831.9</ele></trkpt>
      <trkpt lat="-8.877166" lon="120.985839"><ele>832.3</ele></trkpt>
      <trkpt lat="-8.876605" lon="120.985941"><ele>830.5</ele></trkpt>
      <trkpt lat="-8.875967" lon="120.986188"><ele>840.9</ele></trkpt>
      <trkpt lat="-8.875724" lon="120.986162"><ele>851.1</ele></trkpt>
      <trkpt lat="-8.875543" lon="120.986071"><ele>859.1</ele></trkpt>
      <trkpt lat="-8.875482" lon="120.985640"><ele>859.2</ele></trkpt>
      <trkpt lat="-8.875342" lon="120.985436"><ele>861.4</ele></trkpt>
      <trkpt lat="-8.875175" lon="120.985408"><ele>862.7</ele></trkpt>
      <trkpt lat="-8.875024" lon="120.985492"><ele>864.8</ele></trkpt>
      <trkpt lat="-8.874372" lon="120.985096"><ele>869.1</ele></trkpt>
      <trkpt lat="-8.874355" lon="120.984060"><ele>870.0</ele></trkpt>
      <trkpt lat="-8.873960" lon="120.983921"><ele>878.6</ele></trkpt>
      <trkpt lat="-8.873101" lon="120.983712"><ele>893.3</ele></trkpt>
      <trkpt lat="-8.872426" lon="120.983739"><ele>903.1</ele></trkpt>
      <trkpt lat="-8.871986" lon="120.983658"><ele>911.3</ele></trkpt>
      <trkpt lat="-8.871328" lon="120.983814"><ele>920.3</ele></trkpt>
      <trkpt lat="-8.870764" lon="120.983680"><ele>923.1</ele></trkpt>
      <trkpt lat="-8.870168" lon="120.983932"><ele>931.3</ele></trkpt>
      <trkpt lat="-8.869805" lon="120.983951"><ele>936.8</ele></trkpt>
      <trkpt lat="-8.869190" lon="120.983838"><ele>945.5</ele></trkpt>
      <trkpt lat="-8.868829" lon="120.983870"><ele>950.6</ele></trkpt>
      <trkpt lat="-8.868183" lon="120.983604"><ele>965.3</ele></trkpt>
      <trkpt lat="-8.868122" lon="120.983454"><ele>966.2</ele></trkpt>
      <trkpt lat="-8.868199" lon="120.983256"><ele>965.7</ele></trkpt>
      <trkpt lat="-8.869170" lon="120.982060"><ele>976.9</ele></trkpt>
      <trkpt lat="-8.868995" lon="120.980995"><ele>986.6</ele></trkpt>
      <trkpt lat="-8.868620" lon="120.980818"><ele>999.5</ele></trkpt>
      <trkpt lat="-8.868399" lon="120.980629"><ele>1002.0</ele></trkpt>
      <trkpt lat="-8.868315" lon="120.980642"><ele>1004.5</ele></trkpt>
      <trkpt lat="-8.868204" lon="120.980950"><ele>1013.3</ele></trkpt>
      <trkpt lat="-8.868354" lon="120.981347"><ele>1012.7</ele></trkpt>
      <trkpt lat="-8.868344" lon="120.981535"><ele>1013.0</ele></trkpt>
      <trkpt lat="-8.867931" lon="120.981829"><ele>1022.9</ele></trkpt>
      <trkpt lat="-8.867515" lon="120.981331"><ele>1031.7</ele></trkpt>
      <trkpt lat="-8.866215" lon="120.980832"><ele>1053.6</ele></trkpt>
      <trkpt lat="-8.866701" lon="120.979792"><ele>1041.1</ele></trkpt>
      <trkpt lat="-8.866438" lon="120.979063"><ele>1056.6</ele></trkpt>
      <trkpt lat="-8.866595" lon="120.978707"><ele>1052.0</ele></trkpt>
      <trkpt lat="-8.866500" lon="120.978354"><ele>1047.3</ele></trkpt>
      <trkpt lat="-8.866308" lon="120.978009"><ele>1043.5</ele></trkpt>
      <trkpt lat="-8.866212" lon="120.977957"><ele>1044.9</ele></trkpt>
      <trkpt lat="-8.865441" lon="120.978386"><ele>1072.4</ele></trkpt>
      <trkpt lat="-8.865134" lon="120.978468"><ele>1077.5</ele></trkpt>
      <trkpt lat="-8.865086" lon="120.978308"><ele>1074.3</ele></trkpt>
      <trkpt lat="-8.865265" lon="120.977736"><ele>1063.2</ele></trkpt>
      <trkpt lat="-8.865200" lon="120.977300"><ele>1065.4</ele></trkpt>
      <trkpt lat="-8.864833" lon="120.976686"><ele>1071.9</ele></trkpt>
      <trkpt lat="-8.864419" lon="120.976445"><ele>1075.3</ele></trkpt>
      <trkpt lat="-8.864216" lon="120.976228"><ele>1079.0</ele></trkpt>
      <trkpt lat="-8.863862" lon="120.975603"><ele>1085.1</ele></trkpt>
      <trkpt lat="-8.863892" lon="120.975182"><ele>1081.3</ele></trkpt>
      <trkpt lat="-8.863744" lon="120.975109"><ele>1085.8</ele></trkpt>
      <trkpt lat="-8.863496" lon="120.975125"><ele>1093.5</ele></trkpt>
      <trkpt lat="-8.863361" lon="120.974803"><ele>1094.8</ele></trkpt>
      <trkpt lat="-8.863040" lon="120.974762"><ele>1097.9</ele></trkpt>
      <trkpt lat="-8.862853" lon="120.974318"><ele>1099.8</ele></trkpt>
      <trkpt lat="-8.862826" lon="120.973791"><ele>1097.8</ele></trkpt>
      <trkpt lat="-8.863209" lon="120.973407"><ele>1103.7</ele></trkpt>
      <trkpt lat="-8.863525" lon="120.972898"><ele>1106.6</ele></trkpt>
      <trkpt lat="-8.862378" lon="120.971745"><ele>1113.3</ele></trkpt>
      <trkpt lat="-8.861443" lon="120.971603"><ele>1114.1</ele></trkpt>
      <trkpt lat="-8.860909" lon="120.971282"><ele>1117.8</ele></trkpt>
      <trkpt lat="-8.858944" lon="120.970499"><ele>1110.2</ele></trkpt>
      <trkpt lat="-8.858130" lon="120.970067"><ele>1106.0</ele></trkpt>
      <trkpt lat="-8.857567" lon="120.968687"><ele>1095.4</ele></trkpt>
      <trkpt lat="-8.857570" lon="120.968096"><ele>1094.8</ele></trkpt>
      <trkpt lat="-8.855560" lon="120.966240"><ele>1076.0</ele></trkpt>
      <trkpt lat="-8.855695" lon="120.965765"><ele>1075.3</ele></trkpt>
      <trkpt lat="-8.855717" lon="120.965357"><ele>1074.1</ele></trkpt>
      <trkpt lat="-8.855420" lon="120.965057"><ele>1070.2</ele></trkpt>
      <trkpt lat="-8.855950" lon="120.964392"><ele>1074.6</ele></trkpt>
      <trkpt lat="-8.855844" lon="120.964284"><ele>1074.3</ele></trkpt>
      <trkpt lat="-8.855929" lon="120.963640"><ele>1075.3</ele></trkpt>
      <trkpt lat="-8.856077" lon="120.963469"><ele>1078.2</ele></trkpt>
      <trkpt lat="-8.855929" lon="120.963126"><ele>1074.9</ele></trkpt>
      <trkpt lat="-8.856056" lon="120.962396"><ele>1070.5</ele></trkpt>
      <trkpt lat="-8.856226" lon="120.961817"><ele>1069.4</ele></trkpt>
      <trkpt lat="-8.856459" lon="120.961581"><ele>1070.8</ele></trkpt>
      <trkpt lat="-8.856395" lon="120.961280"><ele>1067.9</ele></trkpt>
      <trkpt lat="-8.856565" lon="120.960872"><ele>1066.4</ele></trkpt>
      <trkpt lat="-8.856183" lon="120.960551"><ele>1064.8</ele></trkpt>
      <trkpt lat="-8.856226" lon="120.960293"><ele>1067.0</ele></trkpt>
      <trkpt lat="-8.856120" lon="120.960100"><ele>1065.8</ele></trkpt>
      <trkpt lat="-8.855802" lon="120.958877"><ele>1053.4</ele></trkpt>
      <trkpt lat="-8.855102" lon="120.958512"><ele>1040.6</ele></trkpt>
      <trkpt lat="-8.855611" lon="120.957976"><ele>1048.0</ele></trkpt>
      <trkpt lat="-8.856098" lon="120.957868"><ele>1055.8</ele></trkpt>
      <trkpt lat="-8.856544" lon="120.958040"><ele>1065.9</ele></trkpt>
      <trkpt lat="-8.856904" lon="120.957740"><ele>1072.3</ele></trkpt>
      <trkpt lat="-8.857074" lon="120.957439"><ele>1074.0</ele></trkpt>
      <trkpt lat="-8.856628" lon="120.957375"><ele>1066.0</ele></trkpt>
      <trkpt lat="-8.856204" lon="120.956924"><ele>1061.3</ele></trkpt>
      <trkpt lat="-8.855823" lon="120.956710"><ele>1057.1</ele></trkpt>
      <trkpt lat="-8.855590" lon="120.955937"><ele>1045.7</ele></trkpt>
      <trkpt lat="-8.855229" lon="120.955487"><ele>1038.0</ele></trkpt>
      <trkpt lat="-8.855250" lon="120.955143"><ele>1033.1</ele></trkpt>
      <trkpt lat="-8.855038" lon="120.954542"><ele>1022.9</ele></trkpt>
      <trkpt lat="-8.855356" lon="120.954092"><ele>1026.8</ele></trkpt>
      <trkpt lat="-8.855272" lon="120.953641"><ele>1023.1</ele></trkpt>
      <trkpt lat="-8.855611" lon="120.953276"><ele>1025.6</ele></trkpt>
      <trkpt lat="-8.855356" lon="120.952912"><ele>1024.8</ele></trkpt>
      <trkpt lat="-8.855399" lon="120.952504"><ele>1026.9</ele></trkpt>
      <trkpt lat="-8.855823" lon="120.952311"><ele>1028.8</ele></trkpt>
      <trkpt lat="-8.855844" lon="120.952032"><ele>1026.2</ele></trkpt>
      <trkpt lat="-8.856141" lon="120.951710"><ele>1026.5</ele></trkpt>
      <trkpt lat="-8.856332" lon="120.951195"><ele>1023.6</ele></trkpt>
      <trkpt lat="-8.857158" lon="120.950744"><ele>1031.9</ele></trkpt>
      <trkpt lat="-8.857646" lon="120.950787"><ele>1045.4</ele></trkpt>
      <trkpt lat="-8.857625" lon="120.950551"><ele>1043.0</ele></trkpt>
      <trkpt lat="-8.857731" lon="120.950315"><ele>1043.5</ele></trkpt>
      <trkpt lat="-8.858028" lon="120.950015"><ele>1044.8</ele></trkpt>
      <trkpt lat="-8.858388" lon="120.949800"><ele>1047.7</ele></trkpt>
      <trkpt lat="-8.858579" lon="120.949586"><ele>1044.2</ele></trkpt>
      <trkpt lat="-8.859130" lon="120.949328"><ele>1045.3</ele></trkpt>
      <trkpt lat="-8.859682" lon="120.948920"><ele>1046.9</ele></trkpt>
      <trkpt lat="-8.859575" lon="120.948491"><ele>1044.3</ele></trkpt>
      <trkpt lat="-8.860042" lon="120.948427"><ele>1055.5</ele></trkpt>
      <trkpt lat="-8.860551" lon="120.948148"><ele>1070.8</ele></trkpt>
      <trkpt lat="-8.860402" lon="120.947719"><ele>1058.4</ele></trkpt>
      <trkpt lat="-8.860678" lon="120.947354"><ele>1054.7</ele></trkpt>
      <trkpt lat="-8.860678" lon="120.946732"><ele>1042.4</ele></trkpt>
      <trkpt lat="-8.860975" lon="120.946582"><ele>1049.4</ele></trkpt>
      <trkpt lat="-8.860932" lon="120.946260"><ele>1043.6</ele></trkpt>
      <trkpt lat="-8.861568" lon="120.945552"><ele>1049.1</ele></trkpt>
      <trkpt lat="-8.861802" lon="120.944865"><ele>1040.3</ele></trkpt>
      <trkpt lat="-8.862098" lon="120.944994"><ele>1050.5</ele></trkpt>
      <trkpt lat="-8.862586" lon="120.944865"><ele>1057.1</ele></trkpt>
      <trkpt lat="-8.863074" lon="120.945723"><ele>1092.6</ele></trkpt>
      <trkpt lat="-8.863561" lon="120.945680"><ele>1099.9</ele></trkpt>
      <trkpt lat="-8.863837" lon="120.945530"><ele>1101.8</ele></trkpt>
      <trkpt lat="-8.863752" lon="120.945037"><ele>1088.2</ele></trkpt>
      <trkpt lat="-8.864070" lon="120.944865"><ele>1093.1</ele></trkpt>
      <trkpt lat="-8.864282" lon="120.944457"><ele>1092.0</ele></trkpt>
      <trkpt lat="-8.864770" lon="120.943856"><ele>1092.4</ele></trkpt>
      <trkpt lat="-8.864918" lon="120.943427"><ele>1089.8</ele></trkpt>
      <trkpt lat="-8.865448" lon="120.942827"><ele>1089.8</ele></trkpt>
      <trkpt lat="-8.866042" lon="120.942912"><ele>1111.0</ele></trkpt>
      <trkpt lat="-8.866063" lon="120.942698"><ele>1104.8</ele></trkpt>
      <trkpt lat="-8.866402" lon="120.942140"><ele>1097.6</ele></trkpt>
      <trkpt lat="-8.866402" lon="120.941818"><ele>1087.5</ele></trkpt>
      <trkpt lat="-8.866826" lon="120.941754"><ele>1092.5</ele></trkpt>
      <trkpt lat="-8.866784" lon="120.941260"><ele>1081.7</ele></trkpt>
      <trkpt lat="-8.867272" lon="120.940853"><ele>1081.8</ele></trkpt>
      <trkpt lat="-8.867462" lon="120.940917"><ele>1084.6</ele></trkpt>
      <trkpt lat="-8.867632" lon="120.940810"><ele>1085.2</ele></trkpt>
      <trkpt lat="-8.867611" lon="120.940402"><ele>1067.8</ele></trkpt>
      <trkpt lat="-8.868162" lon="120.940080"><ele>1079.0</ele></trkpt>
      <trkpt lat="-8.868883" lon="120.939780"><ele>1080.6</ele></trkpt>
      <trkpt lat="-8.869074" lon="120.939780"><ele>1081.9</ele></trkpt>
      <trkpt lat="-8.869476" lon="120.939393"><ele>1075.4</ele></trkpt>
      <trkpt lat="-8.869900" lon="120.938771"><ele>1059.3</ele></trkpt>
      <trkpt lat="-8.870430" lon="120.938578"><ele>1063.5</ele></trkpt>
      <trkpt lat="-8.870261" lon="120.938299"><ele>1046.9</ele></trkpt>
      <trkpt lat="-8.870197" lon="120.937999"><ele>1038.7</ele></trkpt>
      <trkpt lat="-8.870409" lon="120.937527"><ele>1021.2</ele></trkpt>
      <trkpt lat="-8.870621" lon="120.937763"><ele>1031.6</ele></trkpt>
      <trkpt lat="-8.871109" lon="120.937977"><ele>1045.8</ele></trkpt>
      <trkpt lat="-8.871067" lon="120.937527"><ele>1039.4</ele></trkpt>
      <trkpt lat="-8.871130" lon="120.937097"><ele>1034.0</ele></trkpt>
      <trkpt lat="-8.871491" lon="120.936947"><ele>1042.3</ele></trkpt>
      <trkpt lat="-8.871745" lon="120.936497"><ele>1038.9</ele></trkpt>
      <trkpt lat="-8.872127" lon="120.935488"><ele>1007.7</ele></trkpt>
      <trkpt lat="-8.872593" lon="120.935338"><ele>1013.0</ele></trkpt>
      <trkpt lat="-8.873526" lon="120.934844"><ele>1011.1</ele></trkpt>
      <trkpt lat="-8.873823" lon="120.934544"><ele>1007.3</ele></trkpt>
      <trkpt lat="-8.873886" lon="120.934265"><ele>1002.7</ele></trkpt>
      <trkpt lat="-8.874098" lon="120.934072"><ele>1001.3</ele></trkpt>
      <trkpt lat="-8.874225" lon="120.933364"><ele>983.0</ele></trkpt>
      <trkpt lat="-8.874374" lon="120.933085"><ele>979.4</ele></trkpt>
      <trkpt lat="-8.874692" lon="120.932849"><ele>978.0</ele></trkpt>
      <trkpt lat="-8.875731" lon="120.931390"><ele>936.3</ele></trkpt>
      <trkpt lat="-8.876112" lon="120.931261"><ele>926.8</ele></trkpt>
      <trkpt lat="-8.876388" lon="120.931025"><ele>910.9</ele></trkpt>
      <trkpt lat="-8.877257" lon="120.930982"><ele>895.1</ele></trkpt>
      <trkpt lat="-8.877554" lon="120.930746"><ele>887.7</ele></trkpt>
      <trkpt lat="-8.878020" lon="120.929308"><ele>847.8</ele></trkpt>
      <trkpt lat="-8.878550" lon="120.928836"><ele>835.1</ele></trkpt>
      <trkpt lat="-8.878868" lon="120.928729"><ele>833.9</ele></trkpt>
      <trkpt lat="-8.879165" lon="120.928278"><ele>821.8</ele></trkpt>
      <trkpt lat="-8.879738" lon="120.928021"><ele>813.0</ele></trkpt>
      <trkpt lat="-8.879992" lon="120.926905"><ele>781.9</ele></trkpt>
      <trkpt lat="-8.880013" lon="120.926497"><ele>772.0</ele></trkpt>
      <trkpt lat="-8.879929" lon="120.926240"><ele>768.5</ele></trkpt>
      <trkpt lat="-8.880381" lon="120.925049"><ele>744.2</ele></trkpt>
      <trkpt lat="-8.881165" lon="120.925521"><ele>745.7</ele></trkpt>
      <trkpt lat="-8.881912" lon="120.925634"><ele>738.2</ele></trkpt>
      <trkpt lat="-8.882013" lon="120.925971"><ele>744.7</ele></trkpt>
      <trkpt lat="-8.882882" lon="120.925499"><ele>729.3</ele></trkpt>
      <trkpt lat="-8.883328" lon="120.925628"><ele>716.0</ele></trkpt>
      <trkpt lat="-8.883857" lon="120.926594"><ele>705.7</ele></trkpt>
      <trkpt lat="-8.884223" lon="120.926535"><ele>697.3</ele></trkpt>
      <trkpt lat="-8.884451" lon="120.926057"><ele>685.7</ele></trkpt>
      <trkpt lat="-8.885029" lon="120.925612"><ele>677.7</ele></trkpt>
      <trkpt lat="-8.885474" lon="120.925548"><ele>677.4</ele></trkpt>
      <trkpt lat="-8.885792" lon="120.925054"><ele>652.9</ele></trkpt>
      <trkpt lat="-8.886280" lon="120.925161"><ele>660.2</ele></trkpt>
      <trkpt lat="-8.886614" lon="120.925371"><ele>664.2</ele></trkpt>
      <trkpt lat="-8.886910" lon="120.925135"><ele>650.1</ele></trkpt>
      <trkpt lat="-8.887403" lon="120.924539"><ele>639.7</ele></trkpt>
      <trkpt lat="-8.888119" lon="120.924426"><ele>640.6</ele></trkpt>
      <trkpt lat="-8.888988" lon="120.923890"><ele>620.2</ele></trkpt>
      <trkpt lat="-8.889772" lon="120.923246"><ele>598.3</ele></trkpt>
      <trkpt lat="-8.890726" lon="120.922989"><ele>578.7</ele></trkpt>
      <trkpt lat="-8.891193" lon="120.922216"><ele>567.5</ele></trkpt>
      <trkpt lat="-8.892068" lon="120.921643"><ele>548.3</ele></trkpt>
      <trkpt lat="-8.892234" lon="120.921422"><ele>544.7</ele></trkpt>
      <trkpt lat="-8.892437" lon="120.920770"><ele>541.8</ele></trkpt>
      <trkpt lat="-8.892886" lon="120.920237"><ele>526.4</ele></trkpt>
      <trkpt lat="-8.892954" lon="120.920298"><ele>526.9</ele></trkpt>
      <trkpt lat="-8.892868" lon="120.921378"><ele>530.3</ele></trkpt>
      <trkpt lat="-8.893325" lon="120.921565"><ele>511.1</ele></trkpt>
      <trkpt lat="-8.893367" lon="120.921647"><ele>508.8</ele></trkpt>
      <trkpt lat="-8.892956" lon="120.922123"><ele>517.6</ele></trkpt>
      <trkpt lat="-8.892873" lon="120.922354"><ele>517.3</ele></trkpt>
      <trkpt lat="-8.893821" lon="120.921712"><ele>493.1</ele></trkpt>
      <trkpt lat="-8.893803" lon="120.921552"><ele>494.0</ele></trkpt>
      <trkpt lat="-8.893593" lon="120.921266"><ele>499.0</ele></trkpt>
      <trkpt lat="-8.893581" lon="120.921150"><ele>497.9</ele></trkpt>
      <trkpt lat="-8.893996" lon="120.920628"><ele>489.2</ele></trkpt>
      <trkpt lat="-8.895815" lon="120.919771"><ele>448.7</ele></trkpt>
      <trkpt lat="-8.896915" lon="120.919001"><ele>425.8</ele></trkpt>
      <trkpt lat="-8.897706" lon="120.918209"><ele>423.2</ele></trkpt>
      <trkpt lat="-8.899148" lon="120.917158"><ele>404.1</ele></trkpt>
      <trkpt lat="-8.899524" lon="120.916573"><ele>402.2</ele></trkpt>
      <trkpt lat="-8.900118" lon="120.916358"><ele>396.5</ele></trkpt>
      <trkpt lat="-8.900860" lon="120.915886"><ele>366.1</ele></trkpt>
      <trkpt lat="-8.900695" lon="120.915398"><ele>358.7</ele></trkpt>
      <trkpt lat="-8.901072" lon="120.915307"><ele>354.0</ele></trkpt>
      <trkpt lat="-8.901459" lon="120.915827"><ele>346.4</ele></trkpt>
      <trkpt lat="-8.902556" lon="120.915049"><ele>323.0</ele></trkpt>
      <trkpt lat="-8.903552" lon="120.914771"><ele>311.9</ele></trkpt>
      <trkpt lat="-8.903854" lon="120.914089"><ele>298.6</ele></trkpt>
      <trkpt lat="-8.904087" lon="120.914711"><ele>300.5</ele></trkpt>
      <trkpt lat="-8.904829" lon="120.914647"><ele>281.2</ele></trkpt>
      <trkpt lat="-8.905884" lon="120.914299"><ele>254.9</ele></trkpt>
      <trkpt lat="-8.906287" lon="120.913934"><ele>249.8</ele></trkpt>
      <trkpt lat="-8.905592" lon="120.913682"><ele>251.7</ele></trkpt>
      <trkpt lat="-8.906138" lon="120.913269"><ele>234.4</ele></trkpt>
      <trkpt lat="-8.907326" lon="120.913032"><ele>210.0</ele></trkpt>
      <trkpt lat="-8.907728" lon="120.912732"><ele>199.1</ele></trkpt>
      <trkpt lat="-8.907050" lon="120.912432"><ele>203.6</ele></trkpt>
      <trkpt lat="-8.907500" lon="120.912115"><ele>190.6</ele></trkpt>
      <trkpt lat="-8.907707" lon="120.911638"><ele>179.6</ele></trkpt>
      <trkpt lat="-8.907686" lon="120.910758"><ele>153.0</ele></trkpt>
      <trkpt lat="-8.908110" lon="120.911359"><ele>153.6</ele></trkpt>
      <trkpt lat="-8.908285" lon="120.910227"><ele>128.4</ele></trkpt>
      <trkpt lat="-8.908661" lon="120.909664"><ele>121.4</ele></trkpt>
      <trkpt lat="-8.908958" lon="120.909792"><ele>114.9</ele></trkpt>
      <trkpt lat="-8.909260" lon="120.910763"><ele>111.1</ele></trkpt>
      <trkpt lat="-8.909763" lon="120.910758"><ele>102.0</ele></trkpt>
      <trkpt lat="-8.910208" lon="120.910887"><ele>103.0</ele></trkpt>
      <trkpt lat="-8.910442" lon="120.910651"><ele>102.9</ele></trkpt>
      <trkpt lat="-8.910929" lon="120.910522"><ele>100.8</ele></trkpt>
      <trkpt lat="-8.911650" lon="120.908870"><ele>75.8</ele></trkpt>
      <trkpt lat="-8.911862" lon="120.908054"><ele>59.9</ele></trkpt>
      <trkpt lat="-8.912710" lon="120.906620"><ele>28.9</ele></trkpt>
      <trkpt lat="-8.912362" lon="120.906233"><ele>28.4</ele></trkpt>
      <trkpt lat="-8.912153" lon="120.905546"><ele>24.7</ele></trkpt>
      <trkpt lat="-8.911986" lon="120.905385"><ele>25.2</ele></trkpt>
      <trkpt lat="-8.911726" lon="120.905460"><ele>26.8</ele></trkpt>
      <trkpt lat="-8.911618" lon="120.905409"><ele>26.4</ele></trkpt>
      <trkpt lat="-8.911522" lon="120.905197"><ele>24.4</ele></trkpt>
      <trkpt lat="-8.911411" lon="120.905189"><ele>24.1</ele></trkpt>
      <trkpt lat="-8.910966" lon="120.905476"><ele>26.3</ele></trkpt>
      <trkpt lat="-8.910857" lon="120.905447"><ele>25.7</ele></trkpt>
      <trkpt lat="-8.910332" lon="120.904926"><ele>30.7</ele></trkpt>
      <trkpt lat="-8.909882" lon="120.904736"><ele>34.4</ele></trkpt>
      <trkpt lat="-8.908409" lon="120.904374"><ele>39.0</ele></trkpt>
      <trkpt lat="-8.907622" lon="120.903918"><ele>38.6</ele></trkpt>
      <trkpt lat="-8.907023" lon="120.903773"><ele>41.4</ele></trkpt>
      <trkpt lat="-8.906265" lon="120.902917"><ele>32.7</ele></trkpt>
      <trkpt lat="-8.905616" lon="120.902038"><ele>32.4</ele></trkpt>
      <trkpt lat="-8.905104" lon="120.901640"><ele>31.0</ele></trkpt>
      <trkpt lat="-8.904672" lon="120.901718"><ele>44.3</ele></trkpt>
      <trkpt lat="-8.904590" lon="120.901673"><ele>45.0</ele></trkpt>
      <trkpt lat="-8.904754" lon="120.901056"><ele>34.9</ele></trkpt>
      <trkpt lat="-8.904744" lon="120.900830"><ele>31.9</ele></trkpt>
      <trkpt lat="-8.904495" lon="120.900536"><ele>32.6</ele></trkpt>
      <trkpt lat="-8.903697" lon="120.900055"><ele>33.3</ele></trkpt>
      <trkpt lat="-8.903541" lon="120.899573"><ele>20.7</ele></trkpt>
      <trkpt lat="-8.903141" lon="120.899294"><ele>23.1</ele></trkpt>
      <trkpt lat="-8.903151" lon="120.898655"><ele>19.5</ele></trkpt>
      <trkpt lat="-8.903075" lon="120.898505"><ele>20.2</ele></trkpt>
      <trkpt lat="-8.902468" lon="120.898320"><ele>30.2</ele></trkpt>
      <trkpt lat="-8.902415" lon="120.898250"><ele>29.7</ele></trkpt>
      <trkpt lat="-8.902415" lon="120.897877"><ele>23.4</ele></trkpt>
      <trkpt lat="-8.902240" lon="120.897218"><ele>20.4</ele></trkpt>
      <trkpt lat="-8.901840" lon="120.896850"><ele>26.8</ele></trkpt>
      <trkpt lat="-8.901567" lon="120.896268"><ele>25.2</ele></trkpt>
      <trkpt lat="-8.901206" lon="120.895995"><ele>29.6</ele></trkpt>
      <trkpt lat="-8.900658" lon="120.895745"><ele>43.1</ele></trkpt>
      <trkpt lat="-8.900112" lon="120.895158"><ele>39.3</ele></trkpt>
      <trkpt lat="-8.898988" lon="120.894484"><ele>36.3</ele></trkpt>
      <trkpt lat="-8.898506" lon="120.893878"><ele>33.7</ele></trkpt>
      <trkpt lat="-8.897769" lon="120.893525"><ele>31.7</ele></trkpt>
      <trkpt lat="-8.897519" lon="120.893325"><ele>31.0</ele></trkpt>
      <trkpt lat="-8.896217" lon="120.891805"><ele>32.0</ele></trkpt>
      <trkpt lat="-8.895564" lon="120.890477"><ele>33.1</ele></trkpt>
      <trkpt lat="-8.895340" lon="120.889371"><ele>34.2</ele></trkpt>
      <trkpt lat="-8.895131" lon="120.888938"><ele>34.9</ele></trkpt>
      <trkpt lat="-8.894704" lon="120.888337"><ele>36.4</ele></trkpt>
      <trkpt lat="-8.894460" lon="120.888262"><ele>39.9</ele></trkpt>
      <trkpt lat="-8.894528" lon="120.887714"><ele>38.4</ele></trkpt>
      <trkpt lat="-8.894450" lon="120.887455"><ele>39.8</ele></trkpt>
      <trkpt lat="-8.893597" lon="120.886801"><ele>26.7</ele></trkpt>
      <trkpt lat="-8.892648" lon="120.887382"><ele>28.0</ele></trkpt>
      <trkpt lat="-8.892403" lon="120.887434"><ele>26.6</ele></trkpt>
      <trkpt lat="-8.891956" lon="120.887270"><ele>22.3</ele></trkpt>
      <trkpt lat="-8.891548" lon="120.887316"><ele>23.7</ele></trkpt>
      <trkpt lat="-8.891053" lon="120.887250"><ele>20.5</ele></trkpt>
      <trkpt lat="-8.890871" lon="120.886701"><ele>19.9</ele></trkpt>
      <trkpt lat="-8.889683" lon="120.885431"><ele>14.0</ele></trkpt>
      <trkpt lat="-8.888739" lon="120.884038"><ele>11.0</ele></trkpt>
      <trkpt lat="-8.888462" lon="120.883511"><ele>12.1</ele></trkpt>
      <trkpt lat="-8.888150" lon="120.883124"><ele>15.2</ele></trkpt>
      <trkpt lat="-8.887314" lon="120.882848"><ele>28.6</ele></trkpt>
      <trkpt lat="-8.886190" lon="120.882065"><ele>41.2</ele></trkpt>
      <trkpt lat="-8.885794" lon="120.881304"><ele>43.7</ele></trkpt>
      <trkpt lat="-8.885619" lon="120.881100"><ele>43.1</ele></trkpt>
      <trkpt lat="-8.884737" lon="120.881040"><ele>50.3</ele></trkpt>
      <trkpt lat="-8.884746" lon="120.880805"><ele>48.7</ele></trkpt>
      <trkpt lat="-8.885006" lon="120.880339"><ele>48.2</ele></trkpt>
      <trkpt lat="-8.885022" lon="120.880185"><ele>48.4</ele></trkpt>
      <trkpt lat="-8.884948" lon="120.880079"><ele>48.4</ele></trkpt>
      <trkpt lat="-8.884718" lon="120.880059"><ele>48.7</ele></trkpt>
      <trkpt lat="-8.884335" lon="120.879898"><ele>45.6</ele></trkpt>
      <trkpt lat="-8.884035" lon="120.879425"><ele>39.1</ele></trkpt>
      <trkpt lat="-8.883736" lon="120.879218"><ele>38.7</ele></trkpt>
      <trkpt lat="-8.883725" lon="120.878471"><ele>34.2</ele></trkpt>
      <trkpt lat="-8.883796" lon="120.878069"><ele>34.0</ele></trkpt>
      <trkpt lat="-8.882238" lon="120.878248"><ele>44.2</ele></trkpt>
      <trkpt lat="-8.881652" lon="120.878168"><ele>45.1</ele></trkpt>
      <trkpt lat="-8.880902" lon="120.878236"><ele>53.7</ele></trkpt>
      <trkpt lat="-8.880895" lon="120.877364"><ele>50.1</ele></trkpt>
      <trkpt lat="-8.880620" lon="120.877372"><ele>52.5</ele></trkpt>
      <trkpt lat="-8.880306" lon="120.877105"><ele>50.2</ele></trkpt>
      <trkpt lat="-8.879939" lon="120.877195"><ele>49.0</ele></trkpt>
      <trkpt lat="-8.879582" lon="120.877428"><ele>51.8</ele></trkpt>
      <trkpt lat="-8.879475" lon="120.877374"><ele>50.0</ele></trkpt>
      <trkpt lat="-8.879231" lon="120.876967"><ele>47.5</ele></trkpt>
      <trkpt lat="-8.879210" lon="120.876367"><ele>49.4</ele></trkpt>
      <trkpt lat="-8.879018" lon="120.875778"><ele>51.1</ele></trkpt>
      <trkpt lat="-8.877930" lon="120.876814"><ele>62.4</ele></trkpt>
      <trkpt lat="-8.877479" lon="120.877353"><ele>64.6</ele></trkpt>
      <trkpt lat="-8.876349" lon="120.879123"><ele>75.7</ele></trkpt>
      <trkpt lat="-8.876059" lon="120.879738"><ele>74.7</ele></trkpt>
      <trkpt lat="-8.875830" lon="120.880003"><ele>79.1</ele></trkpt>
      <trkpt lat="-8.875541" lon="120.879907"><ele>85.0</ele></trkpt>
      <trkpt lat="-8.873807" lon="120.880736"><ele>105.7</ele></trkpt>
      <trkpt lat="-8.873251" lon="120.880850"><ele>107.5</ele></trkpt>
      <trkpt lat="-8.873512" lon="120.880560"><ele>108.3</ele></trkpt>
      <trkpt lat="-8.873580" lon="120.879910"><ele>103.9</ele></trkpt>
      <trkpt lat="-8.873818" lon="120.873452"><ele>57.0</ele></trkpt>
      <trkpt lat="-8.872839" lon="120.873340"><ele>51.3</ele></trkpt>
      <trkpt lat="-8.873030" lon="120.872141"><ele>43.6</ele></trkpt>
      <trkpt lat="-8.870571" lon="120.871336"><ele>37.1</ele></trkpt>
      <trkpt lat="-8.868169" lon="120.870364"><ele>29.0</ele></trkpt>
      <trkpt lat="-8.867077" lon="120.869610"><ele>21.3</ele></trkpt>
      <trkpt lat="-8.866725" lon="120.869177"><ele>17.1</ele></trkpt>
      <trkpt lat="-8.865460" lon="120.868225"><ele>19.7</ele></trkpt>
      <trkpt lat="-8.863375" lon="120.867115"><ele>19.2</ele></trkpt>
      <trkpt lat="-8.861824" lon="120.865699"><ele>18.0</ele></trkpt>
      <trkpt lat="-8.861476" lon="120.865221"><ele>19.7</ele></trkpt>
      <trkpt lat="-8.860916" lon="120.864167"><ele>15.0</ele></trkpt>
      <trkpt lat="-8.860276" lon="120.863455"><ele>9.3</ele></trkpt>
      <trkpt lat="-8.860045" lon="120.863300"><ele>10.2</ele></trkpt>
      <trkpt lat="-8.859638" lon="120.863197"><ele>8.8</ele></trkpt>
      <trkpt lat="-8.859509" lon="120.862806"><ele>10.6</ele></trkpt>
      <trkpt lat="-8.859114" lon="120.862327"><ele>13.0</ele></trkpt>
      <trkpt lat="-8.859041" lon="120.862011"><ele>13.5</ele></trkpt>
      <trkpt lat="-8.858155" lon="120.862088"><ele>20.3</ele></trkpt>
      <trkpt lat="-8.857563" lon="120.861578"><ele>23.8</ele></trkpt>
      <trkpt lat="-8.856524" lon="120.860924"><ele>25.3</ele></trkpt>
      <trkpt lat="-8.854948" lon="120.860205"><ele>22.3</ele></trkpt>
      <trkpt lat="-8.854549" lon="120.861182"><ele>25.4</ele></trkpt>
      <trkpt lat="-8.853514" lon="120.860416"><ele>22.8</ele></trkpt>
      <trkpt lat="-8.853164" lon="120.860907"><ele>25.2</ele></trkpt>
      <trkpt lat="-8.852373" lon="120.860411"><ele>26.0</ele></trkpt>
      <trkpt lat="-8.852030" lon="120.860328"><ele>26.2</ele></trkpt>
      <trkpt lat="-8.851700" lon="120.860060"><ele>27.9</ele></trkpt>
      <trkpt lat="-8.850902" lon="120.859633"><ele>31.5</ele></trkpt>
      <trkpt lat="-8.850756" lon="120.860086"><ele>37.2</ele></trkpt>
      <trkpt lat="-8.850339" lon="120.860931"><ele>43.4</ele></trkpt>
      <trkpt lat="-8.849028" lon="120.860781"><ele>41.3</ele></trkpt>
      <trkpt lat="-8.849230" lon="120.859237"><ele>22.3</ele></trkpt>
      <trkpt lat="-8.848089" lon="120.858988"><ele>20.4</ele></trkpt>
      <trkpt lat="-8.842637" lon="120.857357"><ele>17.0</ele></trkpt>
      <trkpt lat="-8.843000" lon="120.857000"><ele>14.4</ele></trkpt>
    </trkseg>
  </trk>
</gpx>
